1505591359023878255	2026-05-17T15:22:32Z	411916947773587456	Jockie Music		
1505590913345388544	2026-05-17T15:20:46Z	411916947773587456	Jockie Music		
1505590477146165371	2026-05-17T15:19:02Z	411916947773587456	Jockie Music		
1505590079391928430	2026-05-17T15:17:27Z	411916947773587456	Jockie Music		
1505589333506392206	2026-05-17T15:14:29Z	411916947773587456	Jockie Music		
1505588671074795581	2026-05-17T15:11:51Z	411916947773587456	Jockie Music		
1505588108023042248	2026-05-17T15:09:37Z	411916947773587456	Jockie Music		
1505587348962803863	2026-05-17T15:06:36Z	411916947773587456	Jockie Music		
1505586714092114096	2026-05-17T15:04:05Z	411916947773587456	Jockie Music		Did you know you now get better audio quality with any premium tier <https://www.patreon.com/Jockie>!
1505585773909639425	2026-05-17T15:00:20Z	411916947773587456	Jockie Music		
1505584795810402495	2026-05-17T14:56:27Z	411916947773587456	Jockie Music		
1505584065619693618	2026-05-17T14:53:33Z	411916947773587456	Jockie Music		
1505583375124009120	2026-05-17T14:50:49Z	411916947773587456	Jockie Music		
1505582845253521628	2026-05-17T14:48:42Z	411916947773587456	Jockie Music		
1505582842992787517	2026-05-17T14:48:42Z	411916947773587456	Jockie Music		
1505582774868774933	2026-05-17T14:48:25Z	367334632515043329	guahlg		m!albumsearch dookie
1505466321544937492	2026-05-17T07:05:41Z	411916947773587456	Jockie Music		
1505465566511759420	2026-05-17T07:02:41Z	411916947773587456	Jockie Music		
1505465147878281338	2026-05-17T07:01:01Z	411916947773587456	Jockie Music		
1505464432506048673	2026-05-17T06:58:10Z	411916947773587456	Jockie Music		
1505463987536400445	2026-05-17T06:56:24Z	411916947773587456	Jockie Music		
1505463547990114344	2026-05-17T06:54:40Z	411916947773587456	Jockie Music		
1505463149946605679	2026-05-17T06:53:05Z	411916947773587456	Jockie Music		Did you know you now get better audio quality with any premium tier <https://www.patreon.com/Jockie>!
1505462403771666633	2026-05-17T06:50:07Z	411916947773587456	Jockie Music		
1505461741415301181	2026-05-17T06:47:29Z	411916947773587456	Jockie Music		
1505461178963595294	2026-05-17T06:45:15Z	411916947773587456	Jockie Music		
1505460417261211670	2026-05-17T06:42:13Z	411916947773587456	Jockie Music		
1505459784290140273	2026-05-17T06:39:42Z	411916947773587456	Jockie Music		
1505458844568916109	2026-05-17T06:35:58Z	411916947773587456	Jockie Music		
1505457866054570085	2026-05-17T06:32:05Z	411916947773587456	Jockie Music		
1505457136149200966	2026-05-17T06:29:11Z	411916947773587456	Jockie Music		
1505456446752690328	2026-05-17T06:26:26Z	411916947773587456	Jockie Music		
1505455928873320468	2026-05-17T06:24:23Z	411916947773587456	Jockie Music		
1505455915875303506	2026-05-17T06:24:20Z	411916947773587456	Jockie Music		
1505455803686195311	2026-05-17T06:23:53Z	367334632515043329	guahlg		m!albumsearch dookie
1505272721884315839	2026-05-16T18:16:23Z	411916947773587456	Jockie Music		
1505272666339147846	2026-05-16T18:16:10Z	411916947773587456	Jockie Music		
1505272004582969466	2026-05-16T18:13:32Z	411916947773587456	Jockie Music		
1505271440474112114	2026-05-16T18:11:18Z	411916947773587456	Jockie Music		
1505270680688791623	2026-05-16T18:08:16Z	411916947773587456	Jockie Music		
1505270046794973216	2026-05-16T18:05:45Z	411916947773587456	Jockie Music		
1505269106956439812	2026-05-16T18:02:01Z	411916947773587456	Jockie Music		
1505268128538689566	2026-05-16T17:58:08Z	411916947773587456	Jockie Music		
1505267399317000222	2026-05-16T17:55:14Z	411916947773587456	Jockie Music		
1505266708233851024	2026-05-16T17:52:29Z	411916947773587456	Jockie Music		
1505266177830817975	2026-05-16T17:50:23Z	411916947773587456	Jockie Music		Did you know you now get better audio quality with any premium tier <https://www.patreon.com/Jockie>!
1505266175934861353	2026-05-16T17:50:22Z	411916947773587456	Jockie Music		
1505266161082830940	2026-05-16T17:50:19Z	367334632515043329	guahlg		m!albumsearch dookei
1505266044565196880	2026-05-16T17:49:51Z	411916947773587456	Jockie Music		
1505265286402543717	2026-05-16T17:46:50Z	411916947773587456	Jockie Music		
1505265283978367128	2026-05-16T17:46:50Z	367334632515043329	guahlg		m!play basket case
1505264621483856086	2026-05-16T17:44:12Z	411916947773587456	Jockie Music		
1505263580583432413	2026-05-16T17:40:04Z	411916947773587456	Jockie Music		
1505263578939260969	2026-05-16T17:40:03Z	367334632515043329	guahlg		m!play the best song in the world
1504529327604240385	2026-05-14T17:02:24Z	411916947773587456	Jockie Music		
1504529326937346188	2026-05-14T17:02:24Z	433780070327255051	chromosoze		m!leave
1504529271530455180	2026-05-14T17:02:11Z	411916947773587456	Jockie Music		
1504527918666219670	2026-05-14T16:56:48Z	411916947773587456	Jockie Music		
1504527911124865194	2026-05-14T16:56:46Z	433780070327255051	chromosoze		m!play https://pilotredsky.bandcamp.com/track/showroom
1504527904497860689	2026-05-14T16:56:45Z	411916947773587456	Jockie Music		
1504527900613804144	2026-05-14T16:56:44Z	411916947773587456	Jockie Music		
1504527899426820136	2026-05-14T16:56:44Z	433780070327255051	chromosoze		m!skip
1504527884079992892	2026-05-14T16:56:40Z	411916947773587456	Jockie Music		
1504526745804607720	2026-05-14T16:52:08Z	411916947773587456	Jockie Music		
1504526036887404594	2026-05-14T16:49:19Z	411916947773587456	Jockie Music		
1504525787733426379	2026-05-14T16:48:20Z	411916947773587456	Jockie Music		
1504525786135400470	2026-05-14T16:48:20Z	433780070327255051	chromosoze		m!play autechre gantz gra
1504525737351188532	2026-05-14T16:48:08Z	411916947773587456	Jockie Music		
1504525734545199295	2026-05-14T16:48:07Z	433780070327255051	chromosoze		m!play https://hoverman.bandcamp.com/track/baz-aero
1504525065361031198	2026-05-14T16:45:28Z	411916947773587456	Jockie Music		
1504525055374397551	2026-05-14T16:45:25Z	433780070327255051	chromosoze		m!play https://pilotredsun.bandcamp.com/track/deathly
1504524837895409844	2026-05-14T16:44:34Z	411916947773587456	Jockie Music		
1504524124582838536	2026-05-14T16:41:44Z	411916947773587456	Jockie Music		
1504524121340379246	2026-05-14T16:41:43Z	433780070327255051	chromosoze		m!play https://hoverman.bandcamp.com/track/check-your-emails
1504523450633425099	2026-05-14T16:39:03Z	411916947773587456	Jockie Music		
1504523391322030260	2026-05-14T16:38:49Z	411916947773587456	Jockie Music		
1504523389954691195	2026-05-14T16:38:48Z	433780070327255051	chromosoze		m!play https://youtu.be/hBydEaf6iv4
1504522221215813853	2026-05-14T16:34:10Z	411916947773587456	Jockie Music		
1504522215025021069	2026-05-14T16:34:08Z	411916947773587456	Jockie Music		
1504522214182228108	2026-05-14T16:34:08Z	433780070327255051	chromosoze		m!skip
1504522207244849252	2026-05-14T16:34:06Z	411916947773587456	Jockie Music		
1504522184113262706	2026-05-14T16:34:01Z	411916947773587456	Jockie Music		
1504522183387648200	2026-05-14T16:34:01Z	433780070327255051	chromosoze		m!play https://youtu.be/Ut7qIWDflsc
1504522141633085571	2026-05-14T16:33:51Z	411916947773587456	Jockie Music		
1504522140068610129	2026-05-14T16:33:50Z	433780070327255051	chromosoze		m!play https://youtu.be/epuUd_qTfCw
1504520875016454255	2026-05-14T16:28:49Z	411916947773587456	Jockie Music		
1504520869735698452	2026-05-14T16:28:47Z	411916947773587456	Jockie Music		
1504520868192059556	2026-05-14T16:28:47Z	433780070327255051	chromosoze		m!skip
1504520838496387182	2026-05-14T16:28:40Z	411916947773587456	Jockie Music		
1504520837531832321	2026-05-14T16:28:40Z	433780070327255051	chromosoze		m!play https://youtu.be/epuUd_qTfCw
1504520220818276533	2026-05-14T16:26:13Z	411916947773587456	Jockie Music		
1504520169744236726	2026-05-14T16:26:01Z	411916947773587456	Jockie Music		
1504520167701483682	2026-05-14T16:26:00Z	433780070327255051	chromosoze		m!play aphex come on you slags
1504518929798664223	2026-05-14T16:21:05Z	411916947773587456	Jockie Music		
1504518926896464033	2026-05-14T16:21:04Z	433780070327255051	chromosoze		m!play squarepusher rustic raver
1504518841877790812	2026-05-14T16:20:44Z	411916947773587456	Jockie Music		
1504517150864445573	2026-05-14T16:14:01Z	411916947773587456	Jockie Music		
1504515910868799498	2026-05-14T16:09:05Z	411916947773587456	Jockie Music		
1504515909426085988	2026-05-14T16:09:05Z	433780070327255051	chromosoze		m!play squarepusher beep street
1504515887783350322	2026-05-14T16:09:00Z	411916947773587456	Jockie Music		
1504515215268778054	2026-05-14T16:06:19Z	411916947773587456	Jockie Music		
1504515211057696840	2026-05-14T16:06:18Z	433780070327255051	chromosoze		m!play https://hoverman.bandcamp.com/track/medical-cache
1504515093118058599	2026-05-14T16:05:50Z	411916947773587456	Jockie Music		
1504514963769917490	2026-05-14T16:05:19Z	411916947773587456	Jockie Music		
1504514960439509032	2026-05-14T16:05:19Z	433780070327255051	chromosoze		m!play https://pilotredsky.bandcamp.com/track/sapphire
1504514643333218484	2026-05-14T16:04:03Z	411916947773587456	Jockie Music		
1504514641131343974	2026-05-14T16:04:02Z	433780070327255051	chromosoze		m!play dominic fike westcoast collective
1504514522084409344	2026-05-14T16:03:34Z	411916947773587456	Jockie Music		
1504514111625629757	2026-05-14T16:01:56Z	411916947773587456	Jockie Music		
1504512349778739220	2026-05-14T15:54:56Z	411916947773587456	Jockie Music		
1504512178974359672	2026-05-14T15:54:15Z	411916947773587456	Jockie Music		
1504512178080976999	2026-05-14T15:54:15Z	896953469808832532	randomdudewhocodes		m!setup
1504511852690800761	2026-05-14T15:52:58Z	411916947773587456	Jockie Music		
1504511851730309200	2026-05-14T15:52:57Z	433780070327255051	chromosoze		m!play babydoll
1504511840233717864	2026-05-14T15:52:55Z	905201120182403092	frederickampsupcodes		fawk
1504511830054273176	2026-05-14T15:52:52Z	411916947773587456	Jockie Music		
1504511828686930084	2026-05-14T15:52:52Z	905201120182403092	frederickampsupcodes		m!play babydoll
1504511307863293963	2026-05-14T15:50:48Z	411916947773587456	Jockie Music		Did you know you now get better audio quality with any premium tier <https://www.patreon.com/Jockie>!
1504511307100061816	2026-05-14T15:50:48Z	433780070327255051	chromosoze		m!play dream sweet in sea major
1504511302180147220	2026-05-14T15:50:46Z	411916947773587456	Jockie Music		
1504510411041538068	2026-05-14T15:47:14Z	411916947773587456	Jockie Music		
1504510410055749764	2026-05-14T15:47:14Z	433780070327255051	chromosoze		m!play banana man
1504510369690026014	2026-05-14T15:47:04Z	411916947773587456	Jockie Music		
1504510368561496176	2026-05-14T15:47:04Z	433780070327255051	chromosoze		m!play tally hall ruler of everything
1504510355408421036	2026-05-14T15:47:01Z	411916947773587456	Jockie Music		
1504510344528269444	2026-05-14T15:46:58Z	411916947773587456	Jockie Music		
1504510343949451345	2026-05-14T15:46:58Z	806180625991335966	walnutty2		randomdudewhocodes
1504510338031423600	2026-05-14T15:46:57Z	411916947773587456	Jockie Music		
1504510327318909162	2026-05-14T15:46:54Z	411916947773587456	Jockie Music		
1504510325955756253	2026-05-14T15:46:54Z	806180625991335966	walnutty2		m!setup
1504510217717547200	2026-05-14T15:46:28Z	411916947773587456	Jockie Music		
1504510179570483320	2026-05-14T15:46:19Z	411916947773587456	Jockie Music		
1504510178681426104	2026-05-14T15:46:19Z	806180625991335966	walnutty2		chromosoze
1504510106707169511	2026-05-14T15:46:01Z	411916947773587456	Jockie Music		
1504509934463614997	2026-05-14T15:45:20Z	411916947773587456	Jockie Music		
1504509933050396683	2026-05-14T15:45:20Z	806180625991335966	walnutty2		m!setup
1504506454780936395	2026-05-14T15:31:31Z	411916947773587456	Jockie Music		
1504506452998357076	2026-05-14T15:31:30Z	433780070327255051	chromosoze		m!play tally hall ruler of everything\nm!play tally hall ruler of everything\nm!play tally hall ruler of everything\nm!play tally hall ruler of everything\nm!play tally hall ruler of everything\nm!play tally hall ruler of everything\nm!play tally hall ruler of everything\nm!play tally hall ruler of everything\nm!play tally hall ruler of everything\nm!play tally hall ruler of everything\nm!play tally hall ruler of everything\nm!play tally hall ruler of everything\nm!play tally hall ruler of everything\nm!play tally hall ruler of everything\nm!play tally hall ruler of everything\nm!play tally hall ruler of everything\nm!play tally hall ruler of everything\nm!play tally hall ruler of everything\nm!play tally hall ruler of everything\nm!play tally hall ruler of everything\nm!play tally hall ruler of everything\nm!play tally hall ruler of everything\nm!play tally hall ruler of everything\nm!play tally hall ruler of everything\nm!play tally hall ruler of everything\nm!play tally hall ruler of everything\nm!play tally hall ruler of everything\nm!play tally hall ruler of everything\nm!play tally hall ruler of everything\nm!play tally hall ruler of everything\nm!play tally hall ruler of everything\nm!play tally hall ruler of everything\nm!play tally hall ruler of everything\nm!play tally hall ruler of everything\nm!play tally hall ruler of everything\nm!play tally hall ruler of everything\nm!play tally hall ruler of everything\nm!play tally hall ruler of everything\nm!play tally hall ruler of everything\nm!play tally hall ruler of everything\nm!play tally hall ruler of everything\nm!play tally hall ruler of everything\nm!play tally hall ruler of everything\nm!play tally hall ruler of everything\nm!play tally hall ruler of everything\nm!play tally hall ruler of everything\nm!play tally hall ruler of everything\nm!play tally hall ruler of everything\nm!play tally hall ruler of everything\nm!play tally hall ruler of everything\nm!play tally hall ruler of everything\nm!play tally hall ruler of everything
1504506331875508417	2026-05-14T15:31:01Z	411916947773587456	Jockie Music		
1504506331200098375	2026-05-14T15:31:01Z	433780070327255051	chromosoze		m!play tally hall ruler of everything\nm!play tally hall ruler of everything\nm!play tally hall ruler of everything\nm!play tally hall ruler of everything\nm!play tally hall ruler of everything\nm!play tally hall ruler of everything\nm!play tally hall ruler of everything\nm!play tally hall ruler of everything\nm!play tally hall ruler of everything\nm!play tally hall ruler of everything\nm!play tally hall ruler of everything\nm!play tally hall ruler of everything\nm!play tally hall ruler of everything\nm!play tally hall ruler of everything\nm!play tally hall ruler of everything\nm!play tally hall ruler of everything\nm!play tally hall ruler of everything\nm!play tally hall ruler of everything\nm!play tally hall ruler of everything\nm!play tally hall ruler of everything\nm!play tally hall ruler of everything\nm!play tally hall ruler of everything\nm!play tally hall ruler of everything\nm!play tally hall ruler of everything\nm!play tally hall ruler of everything\nm!play tally hall ruler of everything\nm!play tally hall ruler of everything\nm!play tally hall ruler of everything\nm!play tally hall ruler of everything\nm!play tally hall ruler of everything\nm!play tally hall ruler of everything\nm!play tally hall ruler of everything\nm!play tally hall ruler of everything\nm!play tally hall ruler of everything\nm!play tally hall ruler of everything\nm!play tally hall ruler of everything
1504506298375602348	2026-05-14T15:30:53Z	411916947773587456	Jockie Music		
1504506297322700930	2026-05-14T15:30:53Z	411916947773587456	Jockie Music		
1504506296039379035	2026-05-14T15:30:53Z	411916947773587456	Jockie Music		
1504506277320065245	2026-05-14T15:30:48Z	411916947773587456	Jockie Music		
1504506275625701426	2026-05-14T15:30:48Z	411916947773587456	Jockie Music		
1504506274341982358	2026-05-14T15:30:48Z	411916947773587456	Jockie Music		
1504506273150926878	2026-05-14T15:30:47Z	411916947773587456	Jockie Music		
1504506271758553139	2026-05-14T15:30:47Z	411916947773587456	Jockie Music		
1504506269925638315	2026-05-14T15:30:47Z	411916947773587456	Jockie Music		
1504506264821170237	2026-05-14T15:30:45Z	433780070327255051	chromosoze		m!play tally hall ruler of everything
1504506260157104301	2026-05-14T15:30:44Z	433780070327255051	chromosoze		m!play tally hall ruler of everything
1504506258424729694	2026-05-14T15:30:44Z	433780070327255051	chromosoze		m!play tally hall ruler of everything
1504506248203079711	2026-05-14T15:30:41Z	411916947773587456	Jockie Music		
1504506247020413029	2026-05-14T15:30:41Z	411916947773587456	Jockie Music		
1504506245405606018	2026-05-14T15:30:41Z	411916947773587456	Jockie Music		
1504506243056926771	2026-05-14T15:30:40Z	411916947773587456	Jockie Music		
1504506242096300113	2026-05-14T15:30:40Z	433780070327255051	chromosoze		m!play tally hall ruler of everything
1504506240787546242	2026-05-14T15:30:40Z	411916947773587456	Jockie Music		
1504506239554551858	2026-05-14T15:30:39Z	433780070327255051	chromosoze		m!play tally hall ruler of everything
1504506238728278046	2026-05-14T15:30:39Z	411916947773587456	Jockie Music		
1504506237742743715	2026-05-14T15:30:39Z	433780070327255051	chromosoze		m!play tally hall ruler of everything
1504506235733413939	2026-05-14T15:30:38Z	411916947773587456	Jockie Music		
1504506235314245813	2026-05-14T15:30:38Z	433780070327255051	chromosoze		m!play tally hall ruler of everything
1504506234445762661	2026-05-14T15:30:38Z	411916947773587456	Jockie Music		
1504506233325879306	2026-05-14T15:30:38Z	433780070327255051	chromosoze		m!play tally hall ruler of everything
1504506220143444018	2026-05-14T15:30:35Z	411916947773587456	Jockie Music		
1504506219031822480	2026-05-14T15:30:34Z	433780070327255051	chromosoze		m!play tally hall ruler of everything\nm!play tally hall ruler of everything
1504506174471540857	2026-05-14T15:30:24Z	411916947773587456	Jockie Music		
1504506172361806035	2026-05-14T15:30:23Z	411916947773587456	Jockie Music		
1504506167567847507	2026-05-14T15:30:22Z	411916947773587456	Jockie Music		
1504506167081041930	2026-05-14T15:30:22Z	433780070327255051	chromosoze		m!play tally hall ruler of everything
1504506165755777025	2026-05-14T15:30:22Z	411916947773587456	Jockie Music		
1504506165281820910	2026-05-14T15:30:22Z	433780070327255051	chromosoze		m!play tally hall ruler of everything
1504506163360960605	2026-05-14T15:30:21Z	411916947773587456	Jockie Music		
1504506161985224878	2026-05-14T15:30:21Z	433780070327255051	chromosoze		m!play tally hall ruler of everything
1504506159187623947	2026-05-14T15:30:20Z	411916947773587456	Jockie Music		
1504506158310883481	2026-05-14T15:30:20Z	433780070327255051	chromosoze		m!play tally hall ruler of everything
1504506152451444777	2026-05-14T15:30:19Z	411916947773587456	Jockie Music		
1504506151767773388	2026-05-14T15:30:18Z	433780070327255051	chromosoze		m!play tally hall ruler of everything
1504505683792494604	2026-05-14T15:28:27Z	411916947773587456	Jockie Music		
1504505682941051071	2026-05-14T15:28:27Z	433780070327255051	chromosoze		m!play tally hall ruler of everything
1504505671046008852	2026-05-14T15:28:24Z	411916947773587456	Jockie Music		
1504505124981047396	2026-05-14T15:26:14Z	411916947773587456	Jockie Music		
1504505123798515712	2026-05-14T15:26:13Z	433780070327255051	chromosoze		M!LEAVE\nMEAV\nMEAL\nVELAv
1504505113442652281	2026-05-14T15:26:11Z	411916947773587456	Jockie Music		
1504505112192614441	2026-05-14T15:26:11Z	433780070327255051	chromosoze		m!LEAVE\nm
1504505100025200752	2026-05-14T15:26:08Z	411916947773587456	Jockie Music		
1504505099333009420	2026-05-14T15:26:08Z	433780070327255051	chromosoze		m!Leave
1504505092026667032	2026-05-14T15:26:06Z	411916947773587456	Jockie Music		
1504505090847936644	2026-05-14T15:26:06Z	433780070327255051	chromosoze		m!leave
1504505044664586312	2026-05-14T15:25:55Z	411916947773587456	Jockie Music		
1504505043892703373	2026-05-14T15:25:54Z	433780070327255051	chromosoze		m!play tally hall ruler of everything
1504504915995656413	2026-05-14T15:25:24Z	411916947773587456	Jockie Music		
1504503546819903643	2026-05-14T15:19:57Z	411916947773587456	Jockie Music		
1504502460583116990	2026-05-14T15:15:38Z	411916947773587456	Jockie Music		
1504501499772801215	2026-05-14T15:11:49Z	411916947773587456	Jockie Music		
1504500303532130446	2026-05-14T15:07:04Z	411916947773587456	Jockie Music		
1504499336137146418	2026-05-14T15:03:13Z	411916947773587456	Jockie Music		
1504498844308607097	2026-05-14T15:01:16Z	411916947773587456	Jockie Music		
1504497736236662795	2026-05-14T14:56:52Z	411916947773587456	Jockie Music		
1504496479618863166	2026-05-14T14:51:52Z	411916947773587456	Jockie Music		
1504495358569349324	2026-05-14T14:47:25Z	411916947773587456	Jockie Music		
1504494236559741089	2026-05-14T14:42:58Z	411916947773587456	Jockie Music		
1504492612906647613	2026-05-14T14:36:31Z	411916947773587456	Jockie Music		Did you know you now get better audio quality with any premium tier <https://www.patreon.com/Jockie>!
1504491409128947866	2026-05-14T14:31:44Z	411916947773587456	Jockie Music		
1504491407895822396	2026-05-14T14:31:43Z	411916947773587456	Jockie Music		
1504491381551530035	2026-05-14T14:31:37Z	367334632515043329	guahlg		m!albumsearch radiohead
1504491347158241352	2026-05-14T14:31:29Z	411916947773587456	Jockie Music		
1504491346516508702	2026-05-14T14:31:29Z	367334632515043329	guahlg		m!leave
1504491306687270972	2026-05-14T14:31:19Z	367334632515043329	guahlg		m!eave
1504491258653970685	2026-05-14T14:31:08Z	411916947773587456	Jockie Music		
1504489187435614409	2026-05-14T14:22:54Z	411916947773587456	Jockie Music		
1504486887090556989	2026-05-14T14:13:45Z	411916947773587456	Jockie Music		
1504486159663759483	2026-05-14T14:10:52Z	411916947773587456	Jockie Music		Did you know you now get better audio quality with any premium tier <https://www.patreon.com/Jockie>!
1504486158598537398	2026-05-14T14:10:52Z	411916947773587456	Jockie Music		
1504486139535298682	2026-05-14T14:10:47Z	367334632515043329	guahlg		m!albumsearch dookie
1504373913847857174	2026-05-14T06:44:50Z	411916947773587456	Jockie Music		
1504373159032524840	2026-05-14T06:41:51Z	411916947773587456	Jockie Music		
1504372738993815552	2026-05-14T06:40:10Z	411916947773587456	Jockie Music		
1504372022174814350	2026-05-14T06:37:19Z	411916947773587456	Jockie Music		
1504371576903307387	2026-05-14T06:35:33Z	411916947773587456	Jockie Music		
1504371140389244928	2026-05-14T06:33:49Z	411916947773587456	Jockie Music		
1504370742484008970	2026-05-14T06:32:14Z	411916947773587456	Jockie Music		
1504369995822534758	2026-05-14T06:29:16Z	411916947773587456	Jockie Music		
1504369334149976224	2026-05-14T06:26:39Z	411916947773587456	Jockie Music		
1504368770938830899	2026-05-14T06:24:24Z	411916947773587456	Jockie Music		
1504368010255925329	2026-05-14T06:21:23Z	411916947773587456	Jockie Music		
1504367376924147752	2026-05-14T06:18:52Z	411916947773587456	Jockie Music		
1504366437446189157	2026-05-14T06:15:08Z	411916947773587456	Jockie Music		
1504365458357223517	2026-05-14T06:11:15Z	411916947773587456	Jockie Music		
1504364728749916210	2026-05-14T06:08:21Z	411916947773587456	Jockie Music		
1504364037796794390	2026-05-14T06:05:36Z	411916947773587456	Jockie Music		
1504363506773004352	2026-05-14T06:03:29Z	411916947773587456	Jockie Music		Did you know you now get better audio quality with any premium tier <https://www.patreon.com/Jockie>!
1504363506072293426	2026-05-14T06:03:29Z	411916947773587456	Jockie Music		
1504363491786752082	2026-05-14T06:03:26Z	367334632515043329	guahlg		m!albumsearch dookie
1504148088724521133	2026-05-13T15:47:30Z	411916947773587456	Jockie Music		
1504147333498011789	2026-05-13T15:44:30Z	411916947773587456	Jockie Music		
1504145643214475426	2026-05-13T15:37:47Z	411916947773587456	Jockie Music		
1504144670215635055	2026-05-13T15:33:55Z	411916947773587456	Jockie Music		
1504143855841185876	2026-05-13T15:30:40Z	411916947773587456	Jockie Music		
1504142966736945192	2026-05-13T15:27:08Z	411916947773587456	Jockie Music		
1504142310928158810	2026-05-13T15:24:32Z	411916947773587456	Jockie Music		
1504141371865301033	2026-05-13T15:20:48Z	411916947773587456	Jockie Music		
1504140772201467925	2026-05-13T15:18:25Z	411916947773587456	Jockie Music		
1504140042564800677	2026-05-13T15:15:31Z	411916947773587456	Jockie Music		
1504138964574011519	2026-05-13T15:11:14Z	411916947773587456	Jockie Music		
1504138192947773552	2026-05-13T15:08:10Z	411916947773587456	Jockie Music		Did you know you now get better audio quality with any premium tier <https://www.patreon.com/Jockie>!
1504137274156388573	2026-05-13T15:04:31Z	411916947773587456	Jockie Music		
1504136205640667309	2026-05-13T15:00:16Z	411916947773587456	Jockie Music		
1504134943255695501	2026-05-13T14:55:15Z	411916947773587456	Jockie Music		
1504134941011873953	2026-05-13T14:55:15Z	411916947773587456	Jockie Music		
1504134905808945274	2026-05-13T14:55:07Z	367334632515043329	guahlg		m!albumsearch dookie
1503814391601168475	2026-05-12T17:41:30Z	367334632515043329	guahlg		how concerned should I be
1503814313956085760	2026-05-12T17:41:11Z	367334632515043329	guahlg		uh ok
1503799887282704537	2026-05-12T16:43:52Z	896953469808832532	randomdudewhocodes		i made you something
1503799827333517423	2026-05-12T16:43:38Z	367334632515043329	guahlg		go ahead
1503798008813457593	2026-05-12T16:36:24Z	896953469808832532	randomdudewhocodes	1503796959951982714	please, i want to do something
1503796959951982714	2026-05-12T16:32:14Z	367334632515043329	guahlg		yes, since it usually means I'm cooking
1503796711343259889	2026-05-12T16:31:15Z	896953469808832532	randomdudewhocodes	1503796531013222430	i think boiling is a better way to concentrate
1503796531013222430	2026-05-12T16:30:32Z	367334632515043329	guahlg		aah I concentrate better without music anyway
1503796439850029260	2026-05-12T16:30:10Z	367334632515043329	guahlg		so if no jockie music, no music at all
1503796394190835893	2026-05-12T16:29:59Z	367334632515043329	guahlg		so I only listen to jockie music
1503796355104247879	2026-05-12T16:29:50Z	367334632515043329	guahlg		I do not pay for some music thing currently
1503796294907330640	2026-05-12T16:29:35Z	367334632515043329	guahlg		idk
1503796282894979153	2026-05-12T16:29:33Z	896953469808832532	randomdudewhocodes		what should we do?
1503796237684572170	2026-05-12T16:29:22Z	411916947773587456	Jockie Music		
1503796236552245258	2026-05-12T16:29:21Z	367334632515043329	guahlg		m!leave
1503796228373086310	2026-05-12T16:29:20Z	896953469808832532	randomdudewhocodes		lol
1503796213160611964	2026-05-12T16:29:16Z	367334632515043329	guahlg		bruh the bot is dead again
1503796193241600053	2026-05-12T16:29:11Z	367334632515043329	guahlg		m!albumsearch dookie
1503796191056498809	2026-05-12T16:29:11Z	367334632515043329	guahlg		m!albumsearch dookie
1503796188179337388	2026-05-12T16:29:10Z	367334632515043329	guahlg		m!albumsearch dookie
1503796177588457574	2026-05-12T16:29:07Z	367334632515043329	guahlg		m!albumsearch dookie
1503796109162709032	2026-05-12T16:28:51Z	367334632515043329	guahlg		m!albumsearch dookie
1503087833542557746	2026-05-10T17:34:25Z	411916947773587456	Jockie Music		
1503087260600631396	2026-05-10T17:32:08Z	411916947773587456	Jockie Music		
1503086816012537988	2026-05-10T17:30:22Z	411916947773587456	Jockie Music		
1503086375484788867	2026-05-10T17:28:37Z	411916947773587456	Jockie Music		
1503085977650855988	2026-05-10T17:27:03Z	411916947773587456	Jockie Music		
1503085232008466493	2026-05-10T17:24:05Z	411916947773587456	Jockie Music		
1503084568993861772	2026-05-10T17:21:27Z	411916947773587456	Jockie Music		
1503084006265192599	2026-05-10T17:19:13Z	411916947773587456	Jockie Music		
1503083246236340410	2026-05-10T17:16:11Z	411916947773587456	Jockie Music		
1503082612510425158	2026-05-10T17:13:40Z	411916947773587456	Jockie Music		
1503081671870644428	2026-05-10T17:09:56Z	411916947773587456	Jockie Music		
1503080695298523168	2026-05-10T17:06:03Z	411916947773587456	Jockie Music		
1503079964172615872	2026-05-10T17:03:09Z	411916947773587456	Jockie Music		
1503079273043591310	2026-05-10T17:00:24Z	411916947773587456	Jockie Music		
1503078743193813025	2026-05-10T16:58:18Z	411916947773587456	Jockie Music		
1503078741255917798	2026-05-10T16:58:17Z	411916947773587456	Jockie Music		
1503078727226101971	2026-05-10T16:58:14Z	367334632515043329	guahlg		m!albumsearch dookie
1503078021073211604	2026-05-10T16:55:26Z	411916947773587456	Jockie Music		
1503078019605069895	2026-05-10T16:55:25Z	411916947773587456	Jockie Music		
1503077390908129411	2026-05-10T16:52:55Z	411916947773587456	Jockie Music		
1503075575584129174	2026-05-10T16:45:43Z	411916947773587456	Jockie Music		
1503074353749823689	2026-05-10T16:40:51Z	411916947773587456	Jockie Music		
1503072862825746555	2026-05-10T16:34:56Z	411916947773587456	Jockie Music		
1503071735577182442	2026-05-10T16:30:27Z	411916947773587456	Jockie Music		
1503071734427942923	2026-05-10T16:30:27Z	411916947773587456	Jockie Music		
1503069745006776431	2026-05-10T16:22:32Z	411916947773587456	Jockie Music		
1503068346143477932	2026-05-10T16:16:59Z	411916947773587456	Jockie Music		
1503066219144679506	2026-05-10T16:08:32Z	411916947773587456	Jockie Music		
1503064793576378568	2026-05-10T16:02:52Z	411916947773587456	Jockie Music		
1503062711293182115	2026-05-10T15:54:35Z	411916947773587456	Jockie Music		
1503061086130147490	2026-05-10T15:48:08Z	411916947773587456	Jockie Music		
1503059424699220099	2026-05-10T15:41:32Z	411916947773587456	Jockie Music		
1503057817936859186	2026-05-10T15:35:09Z	367334632515043329	guahlg		this is quite pleasureable to listen to sometimes
1503057711385022526	2026-05-10T15:34:43Z	367334632515043329	guahlg		okay ngl metallica is also quite good
1503057262963462316	2026-05-10T15:32:56Z	411916947773587456	Jockie Music		Did you know you now get better audio quality with any premium tier <https://www.patreon.com/Jockie>!
1503056267898392677	2026-05-10T15:28:59Z	411916947773587456	Jockie Music		
1503056229793267752	2026-05-10T15:28:50Z	367334632515043329	guahlg		m!albumsearch black sabbath
1503055935789072484	2026-05-10T15:27:40Z	411916947773587456	Jockie Music		
1503055934522392606	2026-05-10T15:27:40Z	411916947773587456	Jockie Music		
1503055910342492231	2026-05-10T15:27:34Z	367334632515043329	guahlg		m!albumsearch metallica
1503010024912588842	2026-05-10T12:25:14Z	411916947773587456	Jockie Music		
1503008470452928532	2026-05-10T12:19:03Z	411916947773587456	Jockie Music		
1503007751629045902	2026-05-10T12:16:12Z	411916947773587456	Jockie Music		
1503007467565613106	2026-05-10T12:15:04Z	806180625991335966	walnutty2		aura album ngl
1503006882464399510	2026-05-10T12:12:45Z	411916947773587456	Jockie Music		
1503006010493763724	2026-05-10T12:09:17Z	411916947773587456	Jockie Music		
1503005246039920793	2026-05-10T12:06:15Z	411916947773587456	Jockie Music		
1503004160105381978	2026-05-10T12:01:56Z	411916947773587456	Jockie Music		
1503004158519935156	2026-05-10T12:01:55Z	411916947773587456	Jockie Music		
1503004141654511729	2026-05-10T12:01:51Z	367334632515043329	guahlg		m!albumsearch abbey road
1502918934112899196	2026-05-10T06:23:16Z	411916947773587456	Jockie Music		
1502918797403623464	2026-05-10T06:22:44Z	411916947773587456	Jockie Music		
1502918032954101791	2026-05-10T06:19:41Z	411916947773587456	Jockie Music		
1502916948583911505	2026-05-10T06:15:23Z	411916947773587456	Jockie Music		Did you know you now get better audio quality with any premium tier <https://www.patreon.com/Jockie>!
1502916946000089149	2026-05-10T06:15:22Z	411916947773587456	Jockie Music		
1502916886801682482	2026-05-10T06:15:08Z	367334632515043329	guahlg		m!albumsearch the beatles
1502727392702107851	2026-05-09T17:42:09Z	411916947773587456	Jockie Music		
1502726636305387663	2026-05-09T17:39:09Z	411916947773587456	Jockie Music		
1502725297668231339	2026-05-09T17:33:50Z	411916947773587456	Jockie Music		Did you know you now get better audio quality with any premium tier <https://www.patreon.com/Jockie>!
1502722829676711956	2026-05-09T17:24:01Z	411916947773587456	Jockie Music		
1502720886690549871	2026-05-09T17:16:18Z	411916947773587456	Jockie Music		
1502719439467188244	2026-05-09T17:10:33Z	411916947773587456	Jockie Music		
1502717781349499010	2026-05-09T17:03:58Z	411916947773587456	Jockie Music		
1502715910304305283	2026-05-09T16:56:32Z	411916947773587456	Jockie Music		
1502714291684642949	2026-05-09T16:50:06Z	411916947773587456	Jockie Music		
1502711835064008754	2026-05-09T16:40:20Z	411916947773587456	Jockie Music		
1502710150446714941	2026-05-09T16:33:38Z	411916947773587456	Jockie Music		
1502708612315873280	2026-05-09T16:27:32Z	411916947773587456	Jockie Music		
1502707231236558929	2026-05-09T16:22:02Z	411916947773587456	Jockie Music		
1502705847204315329	2026-05-09T16:16:32Z	411916947773587456	Jockie Music		
1502704316329234586	2026-05-09T16:10:27Z	411916947773587456	Jockie Music		
1502703080523825152	2026-05-09T16:05:33Z	411916947773587456	Jockie Music		
1502701791903486106	2026-05-09T16:00:26Z	411916947773587456	Jockie Music		
1502700592227680387	2026-05-09T15:55:40Z	411916947773587456	Jockie Music		
1502700578365505747	2026-05-09T15:55:36Z	896953469808832532	randomdudewhocodes		ok
1502700505921622137	2026-05-09T15:55:19Z	367334632515043329	guahlg		we basically want to make a chat app
1502700488875835643	2026-05-09T15:55:15Z	896953469808832532	randomdudewhocodes		no :)
1502700458983034920	2026-05-09T15:55:08Z	367334632515043329	guahlg		btw have you heard about the project we've been talking about in general? You might be interested in being a part of that idk
1502700207618654298	2026-05-09T15:54:08Z	367334632515043329	guahlg		I gotta eat dinner now I think
1502700166296244315	2026-05-09T15:53:58Z	367334632515043329	guahlg		nice
1502699886477574246	2026-05-09T15:52:51Z	896953469808832532	randomdudewhocodes		good
1502699825035215048	2026-05-09T15:52:37Z	367334632515043329	guahlg		how are you?
1502699808186433536	2026-05-09T15:52:33Z	367334632515043329	guahlg		hello
1502699794626380017	2026-05-09T15:52:29Z	896953469808832532	randomdudewhocodes		hi
1502699783197036805	2026-05-09T15:52:27Z	411916947773587456	Jockie Music		
1502699753245511902	2026-05-09T15:52:19Z	367334632515043329	guahlg		m!albumsearch and justice for all
1502699180831932627	2026-05-09T15:50:03Z	411916947773587456	Jockie Music		
1502697864957001871	2026-05-09T15:44:49Z	411916947773587456	Jockie Music		
1502696847532232764	2026-05-09T15:40:47Z	411916947773587456	Jockie Music		
1502696846085324900	2026-05-09T15:40:46Z	411916947773587456	Jockie Music		
1502696831367516480	2026-05-09T15:40:43Z	367334632515043329	guahlg		m!albumsearch rage against the machine
1502568248476958851	2026-05-09T07:09:46Z	411916947773587456	Jockie Music		
1502567493401837669	2026-05-09T07:06:46Z	411916947773587456	Jockie Music		
1502567073522647113	2026-05-09T07:05:06Z	411916947773587456	Jockie Music		
1502566357751959704	2026-05-09T07:02:16Z	411916947773587456	Jockie Music		
1502565911599648831	2026-05-09T07:00:29Z	411916947773587456	Jockie Music		
1502565475845148712	2026-05-09T06:58:45Z	411916947773587456	Jockie Music		
1502565076614385774	2026-05-09T06:57:10Z	411916947773587456	Jockie Music		
1502564330514944000	2026-05-09T06:54:12Z	411916947773587456	Jockie Music		
1502563668448247851	2026-05-09T06:51:34Z	411916947773587456	Jockie Music		
1502563107266887750	2026-05-09T06:49:21Z	411916947773587456	Jockie Music		
1502562345354793021	2026-05-09T06:46:19Z	411916947773587456	Jockie Music		
1502561711264104450	2026-05-09T06:43:48Z	411916947773587456	Jockie Music		
1502560771106672782	2026-05-09T06:40:04Z	411916947773587456	Jockie Music		
1502559792961683558	2026-05-09T06:36:10Z	411916947773587456	Jockie Music		
1502559062825504809	2026-05-09T06:33:16Z	411916947773587456	Jockie Music		Did you know you now get better audio quality with any premium tier <https://www.patreon.com/Jockie>!
1502558371977367583	2026-05-09T06:30:32Z	411916947773587456	Jockie Music		
1502557842157338735	2026-05-09T06:28:25Z	411916947773587456	Jockie Music		
1502557840550658220	2026-05-09T06:28:25Z	411916947773587456	Jockie Music		
1502557823970840656	2026-05-09T06:28:21Z	367334632515043329	guahlg		m!albumsearch green day
1502557797995380806	2026-05-09T06:28:15Z	411916947773587456	Jockie Music		
1502557796493955073	2026-05-09T06:28:14Z	367334632515043329	guahlg		m!albumsearch green day
1502331366715686952	2026-05-08T15:28:29Z	411916947773587456	Jockie Music		
1502331034635731145	2026-05-08T15:27:10Z	411916947773587456	Jockie Music		
1502330316134682664	2026-05-08T15:24:19Z	411916947773587456	Jockie Music		
1502329613093703690	2026-05-08T15:21:31Z	411916947773587456	Jockie Music		
1502329609323282645	2026-05-08T15:21:30Z	411916947773587456	Jockie Music		
1502329592801787998	2026-05-08T15:21:26Z	367334632515043329	guahlg		m!albumsearch green day
1502001876055621742	2026-05-07T17:39:13Z	411916947773587456	Jockie Music		
1502000538273714337	2026-05-07T17:33:54Z	411916947773587456	Jockie Music		
1501999808297173172	2026-05-07T17:31:00Z	411916947773587456	Jockie Music		
1501999103331139766	2026-05-07T17:28:12Z	411916947773587456	Jockie Music		
1501999089016115331	2026-05-07T17:28:08Z	367334632515043329	guahlg		m!albumsearch american idiot
1501999048549466234	2026-05-07T17:27:58Z	411916947773587456	Jockie Music		
1501999046292672514	2026-05-07T17:27:58Z	367334632515043329	guahlg		m!play basket case
1501998974612275231	2026-05-07T17:27:41Z	411916947773587456	Jockie Music		
1501998411874963527	2026-05-07T17:25:27Z	411916947773587456	Jockie Music		Did you know you now get better audio quality with any premium tier <https://www.patreon.com/Jockie>!
1501997603716333568	2026-05-07T17:22:14Z	411916947773587456	Jockie Music		
1501997599639605401	2026-05-07T17:22:13Z	367334632515043329	guahlg		m!play she by green day
1501997531209535679	2026-05-07T17:21:57Z	367334632515043329	guahlg		also banger song
1501997496770105344	2026-05-07T17:21:48Z	411916947773587456	Jockie Music		
1501997495553626183	2026-05-07T17:21:48Z	367334632515043329	guahlg		m!play come as you are
1501997379828846894	2026-05-07T17:21:21Z	411916947773587456	Jockie Music		
1501996469979320544	2026-05-07T17:17:44Z	367334632515043329	guahlg		"this is the greatest and best song in the world"
1501996387833876561	2026-05-07T17:17:24Z	367334632515043329	guahlg		yes this is the best song in the world
1501996341445005314	2026-05-07T17:17:13Z	411916947773587456	Jockie Music		
1501996339003658312	2026-05-07T17:17:12Z	367334632515043329	guahlg		m!play the best song in the world
1501966219249713174	2026-05-07T15:17:31Z	411916947773587456	Jockie Music		
1501965487746191510	2026-05-07T15:14:37Z	411916947773587456	Jockie Music		
1501964573886906552	2026-05-07T15:10:59Z	411916947773587456	Jockie Music		Did you know you now get better audio quality with any premium tier <https://www.patreon.com/Jockie>!
1501963503572091101	2026-05-07T15:06:44Z	411916947773587456	Jockie Music		
1501962288377368586	2026-05-07T15:01:54Z	411916947773587456	Jockie Music		
1501961383766659232	2026-05-07T14:58:18Z	411916947773587456	Jockie Music		
1501960001055625380	2026-05-07T14:52:49Z	411916947773587456	Jockie Music		
1501958814197485578	2026-05-07T14:48:06Z	411916947773587456	Jockie Music		
1501957708335681546	2026-05-07T14:43:42Z	411916947773587456	Jockie Music		
1501957705705853069	2026-05-07T14:43:42Z	411916947773587456	Jockie Music		
1501957688387436705	2026-05-07T14:43:37Z	367334632515043329	guahlg		I am stealing your music now
1501957652303843513	2026-05-07T14:43:29Z	367334632515043329	guahlg		m!albumsearch red hot chili peppers
1501957569839890462	2026-05-07T14:43:09Z	367334632515043329	guahlg		maybe only staff can turn on music
1501957495634133163	2026-05-07T14:42:51Z	367334632515043329	guahlg		I do not know why that is and I do not really know how to fix either tbh
1501957427166318632	2026-05-07T14:42:35Z	367334632515043329	guahlg	1501302692671258715	I did not know you couldn't lol
1501447124729200762	2026-05-06T04:54:50Z	896953469808832532	randomdudewhocodes		*fred cried a lot in a quiet, music-less despair*
1501447112573980702	2026-05-06T04:54:47Z	896953469808832532	randomdudewhocodes	1501302692671258715	*he never answered*
1501304215476375725	2026-05-05T19:26:57Z	592379464294596618	el_ocelote	1501302634823417939	https://tenor.com/view/red-hot-chili-peppers-stand-summon-jojo-diamond-is-unbreakable-neeba-gif-27367030
1501302692671258715	2026-05-05T19:20:54Z	905201120182403092	frederickampsupcodes		can i play music plz
1501302666905522307	2026-05-05T19:20:48Z	905201120182403092	frederickampsupcodes		<@367334632515043329>
1501302658898722991	2026-05-05T19:20:46Z	411916947773587456	Jockie Music		
1501302657904541819	2026-05-05T19:20:46Z	905201120182403092	frederickampsupcodes		m!play can't stop
1501302635960074310	2026-05-05T19:20:41Z	411916947773587456	Jockie Music		
1501302634823417939	2026-05-05T19:20:40Z	905201120182403092	frederickampsupcodes		m!albumsearch red hot chili peppers
1500920321564479669	2026-05-04T18:01:30Z	411916947773587456	Jockie Music		
1500916935657783399	2026-05-04T17:48:03Z	411916947773587456	Jockie Music		
1500915721507569765	2026-05-04T17:43:13Z	411916947773587456	Jockie Music		Did you know you now get better audio quality with any premium tier <https://www.patreon.com/Jockie>!
1500913272935813323	2026-05-04T17:33:29Z	411916947773587456	Jockie Music		
1500912168571502725	2026-05-04T17:29:06Z	411916947773587456	Jockie Music		
1500910575302217889	2026-05-04T17:22:46Z	411916947773587456	Jockie Music		
1500910573888602353	2026-05-04T17:22:46Z	411916947773587456	Jockie Music		
1500910554586284055	2026-05-04T17:22:41Z	592379464294596618	el_ocelote		m!albumsearch black sabbath
1500910529886031953	2026-05-04T17:22:35Z	411916947773587456	Jockie Music		
1500910528896438452	2026-05-04T17:22:35Z	592379464294596618	el_ocelote		m!albumsearch
1500910398444929197	2026-05-04T17:22:04Z	411916947773587456	Jockie Music		
1500909643730260208	2026-05-04T17:19:04Z	411916947773587456	Jockie Music		
1500908108183113778	2026-05-04T17:12:58Z	411916947773587456	Jockie Music		
1500906748247277741	2026-05-04T17:07:34Z	411916947773587456	Jockie Music		
1500905358703722527	2026-05-04T17:02:02Z	411916947773587456	Jockie Music		
1500903831645458525	2026-05-04T16:55:58Z	411916947773587456	Jockie Music		
1500902597404528862	2026-05-04T16:51:04Z	411916947773587456	Jockie Music		
1500901307249328362	2026-05-04T16:45:57Z	411916947773587456	Jockie Music		
1500900107628052681	2026-05-04T16:41:11Z	411916947773587456	Jockie Music		
1500898695938445516	2026-05-04T16:35:34Z	411916947773587456	Jockie Music		
1500897380751511723	2026-05-04T16:30:20Z	411916947773587456	Jockie Music		
1500896363225940069	2026-05-04T16:26:18Z	411916947773587456	Jockie Music		
1500896361460273234	2026-05-04T16:26:17Z	411916947773587456	Jockie Music		
1500896344548835543	2026-05-04T16:26:13Z	367334632515043329	guahlg		m!albumsearch rage against the machine
1500889499834650676	2026-05-04T15:59:01Z	411916947773587456	Jockie Music		
1500889127556743339	2026-05-04T15:57:33Z	411916947773587456	Jockie Music		
1500888381821816872	2026-05-04T15:54:35Z	411916947773587456	Jockie Music		
1500887719260328096	2026-05-04T15:51:57Z	411916947773587456	Jockie Music		
1500887156778864812	2026-05-04T15:49:43Z	411916947773587456	Jockie Music		
1500886396435693770	2026-05-04T15:46:42Z	411916947773587456	Jockie Music		
1500885763246522435	2026-05-04T15:44:11Z	411916947773587456	Jockie Music		
1500884822157955263	2026-05-04T15:40:26Z	411916947773587456	Jockie Music		
1500883844067364864	2026-05-04T15:36:33Z	411916947773587456	Jockie Music		
1500883116233986308	2026-05-04T15:33:39Z	411916947773587456	Jockie Music		
1500882423590682644	2026-05-04T15:30:54Z	411916947773587456	Jockie Music		
1500881893661478942	2026-05-04T15:28:48Z	411916947773587456	Jockie Music		
1500881891677704314	2026-05-04T15:28:48Z	411916947773587456	Jockie Music		
1500881871305834747	2026-05-04T15:28:43Z	367334632515043329	guahlg		m!albumsearch dookie
1500881817472073808	2026-05-04T15:28:30Z	411916947773587456	Jockie Music		
1500881766901223596	2026-05-04T15:28:18Z	896953469808832532	randomdudewhocodes		hi
1500881735770964099	2026-05-04T15:28:10Z	367334632515043329	guahlg		back
1500881730523889705	2026-05-04T15:28:09Z	367334632515043329	guahlg		am
1500881720323604600	2026-05-04T15:28:07Z	367334632515043329	guahlg		I
1500881062774046751	2026-05-04T15:25:30Z	411916947773587456	Jockie Music		
1500880046498513057	2026-05-04T15:21:28Z	411916947773587456	Jockie Music		
1500879055766032404	2026-05-04T15:17:31Z	411916947773587456	Jockie Music		
1500878247280251001	2026-05-04T15:14:19Z	411916947773587456	Jockie Music		
1500877276277903525	2026-05-04T15:10:27Z	411916947773587456	Jockie Music		
1500876380718759967	2026-05-04T15:06:54Z	411916947773587456	Jockie Music		
1500875506415833159	2026-05-04T15:03:25Z	411916947773587456	Jockie Music		
1500874516333727916	2026-05-04T14:59:29Z	411916947773587456	Jockie Music		
1500873650327257118	2026-05-04T14:56:03Z	411916947773587456	Jockie Music		
1500872744294813726	2026-05-04T14:52:27Z	411916947773587456	Jockie Music		
1500872525066797126	2026-05-04T14:51:34Z	411916947773587456	Jockie Music		
1500872309391626461	2026-05-04T14:50:43Z	905201120182403092	frederickampsupcodes		i'm sure you can dualboot with it too but idk how
1500872262339919984	2026-05-04T14:50:32Z	905201120182403092	frederickampsupcodes		when you aren't systemd-boot is really nice, lighter than grub and zero setup
1500872193054081134	2026-05-04T14:50:15Z	905201120182403092	frederickampsupcodes		oh
1500872184342515762	2026-05-04T14:50:13Z	896953469808832532	randomdudewhocodes		yes
1500872159847776431	2026-05-04T14:50:07Z	905201120182403092	frederickampsupcodes	1500872095465213973	are you still dualbooting?
1500872117732905082	2026-05-04T14:49:57Z	367334632515043329	guahlg		okay
1500872095465213973	2026-05-04T14:49:52Z	896953469808832532	randomdudewhocodes		i forgot to install grub so… i’m installing again :)
1500872049466409011	2026-05-04T14:49:41Z	367334632515043329	guahlg		so it is not that bad
1500871994856439960	2026-05-04T14:49:28Z	905201120182403092	frederickampsupcodes		ohh makes sense
1500871960748363786	2026-05-04T14:49:20Z	367334632515043329	guahlg		it works through the voice chat chat though
1500871821397069917	2026-05-04T14:48:47Z	367334632515043329	guahlg		that sucks a bit though
1500871791432695849	2026-05-04T14:48:39Z	411916947773587456	Jockie Music		Did you know you now get better audio quality with any premium tier <https://www.patreon.com/Jockie>!
1500871787788111893	2026-05-04T14:48:39Z	367334632515043329	guahlg		ah ok it does not work at all
1500871758608203958	2026-05-04T14:48:32Z	367334632515043329	guahlg		hello
1500871732313981019	2026-05-04T14:48:25Z	905201120182403092	frederickampsupcodes		exactly lol
1500871717009100811	2026-05-04T14:48:22Z	367334632515043329	guahlg		nope lol
1500871699233767618	2026-05-04T14:48:17Z	905201120182403092	frederickampsupcodes		did it play tts
1500871694959644722	2026-05-04T14:48:16Z	367334632515043329	guahlg		oh ok
1500871680631898216	2026-05-04T14:48:13Z	905201120182403092	frederickampsupcodes		yo i'm speak
1500871627624415263	2026-05-04T14:48:00Z	905201120182403092	frederickampsupcodes		i also think it just didn't work in our testing
1500871610004144321	2026-05-04T14:47:56Z	905201120182403092	frederickampsupcodes		i think you have to have the channel focused for it to work
1500871593004634132	2026-05-04T14:47:52Z	367334632515043329	guahlg		ok
1500871580321058826	2026-05-04T14:47:49Z	905201120182403092	frederickampsupcodes		a couple reasons
1500871571563216996	2026-05-04T14:47:47Z	367334632515043329	guahlg		
1500871500490604636	2026-05-04T14:47:30Z	367334632515043329	guahlg	1500871229203152958	oh ok, but why not just use the buily in /tts command?
1500871263890051192	2026-05-04T14:46:34Z	905201120182403092	frederickampsupcodes		something like that could be nice here give we use vc a lot more
1500871229203152958	2026-05-04T14:46:25Z	905201120182403092	frederickampsupcodes		<@367334632515043329> in the bitbenders server we have a bot (i think it's broken currently) that allows people without a mic to talk in vc with tts
1500870943046766683	2026-05-04T14:45:17Z	411916947773587456	Jockie Music		
1500870416011366601	2026-05-04T14:43:12Z	905201120182403092	frederickampsupcodes		meijer mentioned
1500870387783700520	2026-05-04T14:43:05Z	411916947773587456	Jockie Music		
1500870386701828296	2026-05-04T14:43:05Z	905201120182403092	frederickampsupcodes		m!perks
1500870071772516473	2026-05-04T14:41:49Z	367334632515043329	guahlg	1500870030592708618	yes
1500870034006999130	2026-05-04T14:41:40Z	905201120182403092	frederickampsupcodes		damn
1500870030592708618	2026-05-04T14:41:40Z	896953469808832532	randomdudewhocodes		i’m downloading hyprland so that’s fitting too :)
1500870025194504306	2026-05-04T14:41:38Z	411916947773587456	Jockie Music		
1500870023852462242	2026-05-04T14:41:38Z	905201120182403092	frederickampsupcodes		m!play never gonna give you up
1500869966361133137	2026-05-04T14:41:24Z	367334632515043329	guahlg		I should listen to this whilst playing vic 3
1500869878301593820	2026-05-04T14:41:03Z	367334632515043329	guahlg		lowkey somewhat cool music ngl
1500869838481129602	2026-05-04T14:40:54Z	411916947773587456	Jockie Music		
1500869837377896468	2026-05-04T14:40:54Z	411916947773587456	Jockie Music		
1500869808768679956	2026-05-04T14:40:47Z	367334632515043329	guahlg		m!albumsearch sabaton
1500541060122677461	2026-05-03T16:54:27Z	411916947773587456	Jockie Music		
1500540806333989045	2026-05-03T16:53:26Z	411916947773587456	Jockie Music		
1500538737283567798	2026-05-03T16:45:13Z	411916947773587456	Jockie Music		
1500536436817133590	2026-05-03T16:36:05Z	411916947773587456	Jockie Music		Did you know you now get better audio quality with any premium tier <https://www.patreon.com/Jockie>!
1500535707020820600	2026-05-03T16:33:11Z	411916947773587456	Jockie Music		
1500534506577199267	2026-05-03T16:28:24Z	411916947773587456	Jockie Music		
1500534471852691568	2026-05-03T16:28:16Z	367334632515043329	guahlg		m!albumsearch green day
1500534389568835594	2026-05-03T16:27:57Z	411916947773587456	Jockie Music		
1500534388344098927	2026-05-03T16:27:56Z	367334632515043329	guahlg		m!play killing in the name of
1500534304630112327	2026-05-03T16:27:36Z	411916947773587456	Jockie Music		
1500533549525368962	2026-05-03T16:24:36Z	411916947773587456	Jockie Music		
1500533129717481754	2026-05-03T16:22:56Z	411916947773587456	Jockie Music		
1500532413145681981	2026-05-03T16:20:05Z	411916947773587456	Jockie Music		
1500531967014473808	2026-05-03T16:18:19Z	411916947773587456	Jockie Music		
1500531530924167278	2026-05-03T16:16:35Z	411916947773587456	Jockie Music		
1500531132838711490	2026-05-03T16:15:00Z	411916947773587456	Jockie Music		
1500530386483151000	2026-05-03T16:12:02Z	411916947773587456	Jockie Music		
1500529723498037452	2026-05-03T16:09:24Z	411916947773587456	Jockie Music		
1500529160706199587	2026-05-03T16:07:10Z	411916947773587456	Jockie Music		
1500528400568291565	2026-05-03T16:04:09Z	411916947773587456	Jockie Music		
1500527766762815589	2026-05-03T16:01:38Z	411916947773587456	Jockie Music		
1500526826261315805	2026-05-03T15:57:53Z	411916947773587456	Jockie Music		
1500525825710231736	2026-05-03T15:53:55Z	411916947773587456	Jockie Music		
1500525095226183801	2026-05-03T15:51:01Z	411916947773587456	Jockie Music		
1500524404541624472	2026-05-03T15:48:16Z	411916947773587456	Jockie Music		
1500523873475498005	2026-05-03T15:46:09Z	411916947773587456	Jockie Music		
1500523872246698007	2026-05-03T15:46:09Z	411916947773587456	Jockie Music		
1500523846602854612	2026-05-03T15:46:03Z	367334632515043329	guahlg		m!albumsearch dookie
1500523779871473744	2026-05-03T15:45:47Z	411916947773587456	Jockie Music		
1500522722248228985	2026-05-03T15:41:35Z	411916947773587456	Jockie Music		Did you know you now get better audio quality with any premium tier <https://www.patreon.com/Jockie>!
1500520379788300318	2026-05-03T15:32:16Z	411916947773587456	Jockie Music		
1500519182364577812	2026-05-03T15:27:31Z	411916947773587456	Jockie Music		
1500517252099739820	2026-05-03T15:19:51Z	411916947773587456	Jockie Music		
1500515884320555220	2026-05-03T15:14:25Z	411916947773587456	Jockie Music		
1500514466268184587	2026-05-03T15:08:46Z	411916947773587456	Jockie Music		
1500512396295536730	2026-05-03T15:00:33Z	411916947773587456	Jockie Music		
1500510096357331115	2026-05-03T14:51:25Z	411916947773587456	Jockie Music		
1500509369010225202	2026-05-03T14:48:31Z	411916947773587456	Jockie Music		
1500509367177449503	2026-05-03T14:48:31Z	411916947773587456	Jockie Music		
1500509354573566083	2026-05-03T14:48:28Z	367334632515043329	guahlg		m!albumsearch american idiot
1500469255999721512	2026-05-03T12:09:08Z	411916947773587456	Jockie Music		
1500468500941242538	2026-05-03T12:06:07Z	411916947773587456	Jockie Music		
1500467446082048060	2026-05-03T12:01:56Z	411916947773587456	Jockie Music		
1500465101163986975	2026-05-03T11:52:37Z	411916947773587456	Jockie Music		
1500463904772329572	2026-05-03T11:47:52Z	411916947773587456	Jockie Music		
1500461972997541968	2026-05-03T11:40:11Z	411916947773587456	Jockie Music		
1500460604379500595	2026-05-03T11:34:45Z	411916947773587456	Jockie Music		
1500459187581489193	2026-05-03T11:29:07Z	411916947773587456	Jockie Music		
1500457117025566811	2026-05-03T11:20:53Z	411916947773587456	Jockie Music		
1500454817473237093	2026-05-03T11:11:45Z	411916947773587456	Jockie Music		
1500454398634233917	2026-05-03T11:10:05Z	367334632515043329	guahlg		thankfully
1500454385325572309	2026-05-03T11:10:02Z	367334632515043329	guahlg		not an idiot eitehr
1500454174893019259	2026-05-03T11:09:12Z	896953469808832532	randomdudewhocodes	1500454051060650154	you’re not american >:(
1500454090113552424	2026-05-03T11:08:52Z	411916947773587456	Jockie Music		
1500454088981217320	2026-05-03T11:08:51Z	411916947773587456	Jockie Music		
1500454051060650154	2026-05-03T11:08:42Z	367334632515043329	guahlg		m!albumsearch american idiot
1500373739999854624	2026-05-03T05:49:35Z	411916947773587456	Jockie Music		
1500373738997415946	2026-05-03T05:49:34Z	367334632515043329	guahlg		m!leave
1500373527017295872	2026-05-03T05:48:44Z	411916947773587456	Jockie Music		
1500371599487009008	2026-05-03T05:41:04Z	411916947773587456	Jockie Music		
1500370228645855422	2026-05-03T05:35:38Z	411916947773587456	Jockie Music		
1500368810962587728	2026-05-03T05:30:00Z	411916947773587456	Jockie Music		
1500366741375815690	2026-05-03T05:21:46Z	411916947773587456	Jockie Music		
1500364441555042445	2026-05-03T05:12:38Z	411916947773587456	Jockie Music		Did you know you now get better audio quality with any premium tier <https://www.patreon.com/Jockie>!
1500363713688109126	2026-05-03T05:09:44Z	411916947773587456	Jockie Music		
1500363712559710330	2026-05-03T05:09:44Z	411916947773587456	Jockie Music		
1500363698714312845	2026-05-03T05:09:41Z	367334632515043329	guahlg		m!albumsearch american idiot
1500183622320394261	2026-05-02T17:14:07Z	411916947773587456	Jockie Music		
1500183621498044617	2026-05-02T17:14:07Z	367334632515043329	guahlg		m!leave
1500182847527452694	2026-05-02T17:11:02Z	411916947773587456	Jockie Music		
1500182083216216338	2026-05-02T17:08:00Z	411916947773587456	Jockie Music		
1500181695473778962	2026-05-02T17:06:28Z	411916947773587456	Jockie Music		
1500181681640968242	2026-05-02T17:06:24Z	367334632515043329	guahlg		m!albumsearch dookie
1500181597377265715	2026-05-02T17:06:04Z	411916947773587456	Jockie Music		
1500181596081356810	2026-05-02T17:06:04Z	367334632515043329	guahlg		m!queueinfo
1500181564997500979	2026-05-02T17:05:57Z	905201120182403092	frederickampsupcodes		rip
1500181556566818989	2026-05-02T17:05:55Z	411916947773587456	Jockie Music		
1500181555610652702	2026-05-02T17:05:54Z	905201120182403092	frederickampsupcodes		m!volume 20
1500180996975497428	2026-05-02T17:03:41Z	411916947773587456	Jockie Music		
1500180995897426040	2026-05-02T17:03:41Z	411916947773587456	Jockie Music		
1500180977576710255	2026-05-02T17:03:37Z	367334632515043329	guahlg		m!albumsearch the beatles
1500158219723476992	2026-05-02T15:33:11Z	411916947773587456	Jockie Music		
1500157464400760995	2026-05-02T15:30:11Z	411916947773587456	Jockie Music		
1500155928832643242	2026-05-02T15:24:04Z	411916947773587456	Jockie Music		
1500154570414883049	2026-05-02T15:18:41Z	411916947773587456	Jockie Music		
1500153182305783938	2026-05-02T15:13:10Z	411916947773587456	Jockie Music		
1500151654346002495	2026-05-02T15:07:05Z	411916947773587456	Jockie Music		
1500150421790916800	2026-05-02T15:02:12Z	411916947773587456	Jockie Music		Did you know you now get better audio quality with any premium tier <https://www.patreon.com/Jockie>!
1500149132835422209	2026-05-02T14:57:04Z	411916947773587456	Jockie Music		
1500147928285712385	2026-05-02T14:52:17Z	411916947773587456	Jockie Music		
1500146520555520242	2026-05-02T14:46:41Z	411916947773587456	Jockie Music		
1500145203833471147	2026-05-02T14:41:27Z	411916947773587456	Jockie Music		
1500144186001719487	2026-05-02T14:37:25Z	411916947773587456	Jockie Music		
1500144184781438976	2026-05-02T14:37:24Z	411916947773587456	Jockie Music		
1500144171090972825	2026-05-02T14:37:21Z	367334632515043329	guahlg		m!albumsearch rage against the machine
1500105353168420884	2026-05-02T12:03:06Z	411916947773587456	Jockie Music		
1500104692955484370	2026-05-02T12:00:29Z	411916947773587456	Jockie Music		
1500104002153615461	2026-05-02T11:57:44Z	411916947773587456	Jockie Music		
1500103471964098671	2026-05-02T11:55:38Z	411916947773587456	Jockie Music		
1500103470663991336	2026-05-02T11:55:37Z	411916947773587456	Jockie Music		
1500103457078771782	2026-05-02T11:55:34Z	367334632515043329	guahlg		m!albumsearch dookie
1500103238245023875	2026-05-02T11:54:42Z	411916947773587456	Jockie Music		
1500101924496609323	2026-05-02T11:49:29Z	411916947773587456	Jockie Music		
1500099457323241582	2026-05-02T11:39:41Z	411916947773587456	Jockie Music		
1500097514483879936	2026-05-02T11:31:57Z	411916947773587456	Jockie Music		
1500096066349957122	2026-05-02T11:26:12Z	411916947773587456	Jockie Music		
1500094410526953563	2026-05-02T11:19:37Z	411916947773587456	Jockie Music		
1500092539296944168	2026-05-02T11:12:11Z	411916947773587456	Jockie Music		
1500090918840041562	2026-05-02T11:05:45Z	411916947773587456	Jockie Music		Did you know you now get better audio quality with any premium tier <https://www.patreon.com/Jockie>!
1500088464798908437	2026-05-02T10:56:00Z	411916947773587456	Jockie Music		
1500086780546777240	2026-05-02T10:49:18Z	411916947773587456	Jockie Music		
1500086779120848896	2026-05-02T10:49:18Z	411916947773587456	Jockie Music		
1500086762649944176	2026-05-02T10:49:14Z	367334632515043329	guahlg		m!albumsearch and justice for all
1500071975194726513	2026-05-02T09:50:28Z	411916947773587456	Jockie Music		
1500071889933041815	2026-05-02T09:50:08Z	411916947773587456	Jockie Music		
1500069947882082374	2026-05-02T09:42:25Z	411916947773587456	Jockie Music		
1500068501195325532	2026-05-02T09:36:40Z	411916947773587456	Jockie Music		
1500066841945440407	2026-05-02T09:30:05Z	411916947773587456	Jockie Music		
1500064970615034038	2026-05-02T09:22:38Z	411916947773587456	Jockie Music		
1500063351605297162	2026-05-02T09:16:12Z	411916947773587456	Jockie Music		
1500060895676465182	2026-05-02T09:06:27Z	411916947773587456	Jockie Music		Did you know you now get better audio quality with any premium tier <https://www.patreon.com/Jockie>!
1500059824136917003	2026-05-02T09:02:11Z	367334632515043329	guahlg		this album is lowkey banger too
1500059213487935592	2026-05-02T08:59:46Z	411916947773587456	Jockie Music		
1500059212300947516	2026-05-02T08:59:45Z	411916947773587456	Jockie Music		
1500059196849258586	2026-05-02T08:59:42Z	367334632515043329	guahlg		m!albumsearch and justice for all
1500033699461333063	2026-05-02T07:18:23Z	411916947773587456	Jockie Music		
1500032944579023008	2026-05-02T07:15:23Z	411916947773587456	Jockie Music		
1500031631166013573	2026-05-02T07:10:10Z	411916947773587456	Jockie Music		
1500029163669557289	2026-05-02T07:00:21Z	411916947773587456	Jockie Music		
1500027221052493824	2026-05-02T06:52:38Z	411916947773587456	Jockie Music		
1500025772746997852	2026-05-02T06:46:53Z	411916947773587456	Jockie Music		
1500024117284573397	2026-05-02T06:40:18Z	411916947773587456	Jockie Music		
1500022244166860830	2026-05-02T06:32:52Z	411916947773587456	Jockie Music		
1500020624951742504	2026-05-02T06:26:26Z	411916947773587456	Jockie Music		
1500018860286283846	2026-05-02T06:19:25Z	403337505878966272	11ronanh		aw man
1500018846633824318	2026-05-02T06:19:22Z	411916947773587456	Jockie Music		
1500018845543305317	2026-05-02T06:19:21Z	403337505878966272	11ronanh		m!play https://open.spotify.com/track/2pE5JKrGl021q76aXxR2YU?si=c3485f564e7e41ce
1500018170491174913	2026-05-02T06:16:40Z	411916947773587456	Jockie Music		
1500016487958839368	2026-05-02T06:09:59Z	411916947773587456	Jockie Music		
1500016485848846386	2026-05-02T06:09:59Z	411916947773587456	Jockie Music		
1500016470464270409	2026-05-02T06:09:55Z	592379464294596618	el_ocelote		m!albumsearch and justice for all
1500016358308708503	2026-05-02T06:09:28Z	411916947773587456	Jockie Music		
1500016249286033453	2026-05-02T06:09:02Z	411916947773587456	Jockie Music		
1500015655607341147	2026-05-02T06:06:41Z	411916947773587456	Jockie Music		
1500015250488164363	2026-05-02T06:05:04Z	411916947773587456	Jockie Music		
1500014865794728046	2026-05-02T06:03:32Z	411916947773587456	Jockie Music		
1500014369369493536	2026-05-02T06:01:34Z	411916947773587456	Jockie Music		
1500014063617445948	2026-05-02T06:00:21Z	411916947773587456	Jockie Music		
1500013784691904553	2026-05-02T05:59:15Z	411916947773587456	Jockie Music		
1500013171182931998	2026-05-02T05:56:48Z	411916947773587456	Jockie Music		
1500012151648030770	2026-05-02T05:52:45Z	411916947773587456	Jockie Music		
1500011459956965448	2026-05-02T05:50:00Z	411916947773587456	Jockie Music		
1500010677514014911	2026-05-02T05:46:54Z	411916947773587456	Jockie Music		Did you know you now get better audio quality with any premium tier <https://www.patreon.com/Jockie>!
1500008717301584052	2026-05-02T05:39:07Z	411916947773587456	Jockie Music		
1500008000784695508	2026-05-02T05:36:16Z	411916947773587456	Jockie Music		
1500007131993341972	2026-05-02T05:32:49Z	411916947773587456	Jockie Music		
1500006259972247742	2026-05-02T05:29:21Z	411916947773587456	Jockie Music		
1500005495321268334	2026-05-02T05:26:18Z	411916947773587456	Jockie Music		
1500004708704718929	2026-05-02T05:23:11Z	411916947773587456	Jockie Music		
1500004589120917514	2026-05-02T05:22:42Z	411916947773587456	Jockie Music		
1500004581487153293	2026-05-02T05:22:40Z	367334632515043329	guahlg		m!insert https://cdn.discordapp.com/attachments/1498913469087612932/1499463462265290792/Berts_ballad_tre_2.m4a?ex=69f4e3ac&is=69f3922c&hm=ff1e1ef1c8e7cdac3776dfabdb06833ca1f41ac7994c32246e47fb975ec6702c&
1500003613630533682	2026-05-02T05:18:50Z	411916947773587456	Jockie Music		
1500003612494139472	2026-05-02T05:18:49Z	411916947773587456	Jockie Music		
1500003593087090761	2026-05-02T05:18:45Z	367334632515043329	guahlg		m!albumsearch the beatles
1500003468734369812	2026-05-02T05:18:15Z	411916947773587456	Jockie Music		
1500002713830690937	2026-05-02T05:15:15Z	411916947773587456	Jockie Music		
1500001714315595786	2026-05-02T05:11:17Z	411916947773587456	Jockie Music		
1500001711924973660	2026-05-02T05:11:16Z	367334632515043329	guahlg		m!play longview by green day
1499718598950785165	2026-05-01T10:26:17Z	411916947773587456	Jockie Music		
1499717621346599074	2026-05-01T10:22:24Z	411916947773587456	Jockie Music		
1499716890107576475	2026-05-01T10:19:29Z	411916947773587456	Jockie Music		
1499716200333185035	2026-05-01T10:16:45Z	411916947773587456	Jockie Music		
1499715670324150445	2026-05-01T10:14:39Z	411916947773587456	Jockie Music		
1499715668462014555	2026-05-01T10:14:38Z	411916947773587456	Jockie Music		
1499715640099999856	2026-05-01T10:14:31Z	367334632515043329	guahlg		m!albumsearch dookie
1499715616632737863	2026-05-01T10:14:26Z	367334632515043329	guahlg		bruh
1499715610584809473	2026-05-01T10:14:24Z	411916947773587456	Jockie Music		
1499715609582374972	2026-05-01T10:14:24Z	367334632515043329	guahlg		m!leave
1499715586458914839	2026-05-01T10:14:19Z	411916947773587456	Jockie Music		
1499715582390702204	2026-05-01T10:14:18Z	367334632515043329	guahlg		m!play dookie
1499707750182289430	2026-05-01T09:43:10Z	411916947773587456	Jockie Music		
1499706790269419590	2026-05-01T09:39:22Z	411916947773587456	Jockie Music		Did you know you now get better audio quality with any premium tier <https://www.patreon.com/Jockie>!
1499705421848645822	2026-05-01T09:33:55Z	411916947773587456	Jockie Music		
1499704006300401774	2026-05-01T09:28:18Z	411916947773587456	Jockie Music		
1499701934725005385	2026-05-01T09:20:04Z	411916947773587456	Jockie Music		
1499699634615095397	2026-05-01T09:10:55Z	411916947773587456	Jockie Music		
1499698903631663124	2026-05-01T09:08:01Z	411916947773587456	Jockie Music		
1499697367652503613	2026-05-01T09:01:55Z	411916947773587456	Jockie Music		
1499697365794427011	2026-05-01T09:01:55Z	411916947773587456	Jockie Music		
1499697364980469830	2026-05-01T09:01:54Z	367334632515043329	guahlg		m!skip
1499697348752834562	2026-05-01T09:01:50Z	411916947773587456	Jockie Music		
1499697346307686434	2026-05-01T09:01:50Z	411916947773587456	Jockie Music		
1499697345611300944	2026-05-01T09:01:50Z	367334632515043329	guahlg		m!skip
1499697300182929430	2026-05-01T09:01:39Z	411916947773587456	Jockie Music		
1499695773141569569	2026-05-01T08:55:35Z	411916947773587456	Jockie Music		
1499695772164161536	2026-05-01T08:55:35Z	411916947773587456	Jockie Music		
1499695771258458122	2026-05-01T08:55:34Z	367334632515043329	guahlg		m!skip
1499695686826852515	2026-05-01T08:55:14Z	411916947773587456	Jockie Music		
1499695684964843531	2026-05-01T08:55:14Z	411916947773587456	Jockie Music		
1499695683966468177	2026-05-01T08:55:14Z	367334632515043329	guahlg		m!skip
1499695676865642547	2026-05-01T08:55:12Z	411916947773587456	Jockie Music		
1499695675288457286	2026-05-01T08:55:11Z	411916947773587456	Jockie Music		
1499695674265178112	2026-05-01T08:55:11Z	367334632515043329	guahlg		m!skip
1499695650995044433	2026-05-01T08:55:06Z	411916947773587456	Jockie Music		
1499695636818300999	2026-05-01T08:55:02Z	367334632515043329	guahlg		m!albumsearch american idiot
1499695573362671728	2026-05-01T08:54:47Z	411916947773587456	Jockie Music		
1499694164009549864	2026-05-01T08:49:11Z	411916947773587456	Jockie Music		
1499692848335945856	2026-05-01T08:43:57Z	411916947773587456	Jockie Music		
1499691831397711872	2026-05-01T08:39:55Z	411916947773587456	Jockie Music		
1499691829963133050	2026-05-01T08:39:55Z	411916947773587456	Jockie Music		
1499691816512000041	2026-05-01T08:39:51Z	367334632515043329	guahlg		m!albumsearch rage against the machine
1499663913095270581	2026-05-01T06:48:59Z	411916947773587456	Jockie Music		
1499663157814366239	2026-05-01T06:45:59Z	411916947773587456	Jockie Music		
1499661622061301870	2026-05-01T06:39:53Z	411916947773587456	Jockie Music		
1499660262356025374	2026-05-01T06:34:28Z	411916947773587456	Jockie Music		
1499658875404554280	2026-05-01T06:28:58Z	411916947773587456	Jockie Music		
1499657347990163487	2026-05-01T06:22:54Z	411916947773587456	Jockie Music		
1499656112012791828	2026-05-01T06:17:59Z	411916947773587456	Jockie Music		
1499654823681724427	2026-05-01T06:12:52Z	411916947773587456	Jockie Music		Did you know you now get better audio quality with any premium tier <https://www.patreon.com/Jockie>!
1499653623481893014	2026-05-01T06:08:06Z	411916947773587456	Jockie Music		
1499652212404518943	2026-05-01T06:02:29Z	411916947773587456	Jockie Music		
1499650896827777095	2026-05-01T05:57:15Z	411916947773587456	Jockie Music		
1499649878807023626	2026-05-01T05:53:13Z	411916947773587456	Jockie Music		
1499649877628424303	2026-05-01T05:53:12Z	411916947773587456	Jockie Music		
1499649864592785488	2026-05-01T05:53:09Z	367334632515043329	guahlg		m!albumsearch rage against the machine
1499649762901884928	2026-05-01T05:52:45Z	411916947773587456	Jockie Music		
1499649015732637787	2026-05-01T05:49:47Z	896953469808832532	randomdudewhocodes		THANK YOU
1499649007956529162	2026-05-01T05:49:45Z	411916947773587456	Jockie Music		
1499648983465984011	2026-05-01T05:49:39Z	896953469808832532	randomdudewhocodes		GET TF OUT OF MY HOUSE
1499648924753989692	2026-05-01T05:49:25Z	896953469808832532	randomdudewhocodes		you creep
1499648913412722819	2026-05-01T05:49:23Z	896953469808832532	randomdudewhocodes		i was in the bathroom
1499648782936051853	2026-05-01T05:48:51Z	896953469808832532	randomdudewhocodes		i was looking you mf
1499648587964092486	2026-05-01T05:48:05Z	411916947773587456	Jockie Music		
1499647872218566828	2026-05-01T05:45:14Z	411916947773587456	Jockie Music		
1499647425474855002	2026-05-01T05:43:28Z	411916947773587456	Jockie Music		
1499646989342871607	2026-05-01T05:41:44Z	411916947773587456	Jockie Music		
1499646591374590075	2026-05-01T05:40:09Z	411916947773587456	Jockie Music		
1499645846096969769	2026-05-01T05:37:11Z	411916947773587456	Jockie Music		
1499645183241748511	2026-05-01T05:34:33Z	411916947773587456	Jockie Music		
1499644622375489616	2026-05-01T05:32:20Z	411916947773587456	Jockie Music		
1499643861037748385	2026-05-01T05:29:18Z	411916947773587456	Jockie Music		
1499643227706490934	2026-05-01T05:26:47Z	411916947773587456	Jockie Music		
1499642287385481287	2026-05-01T05:23:03Z	411916947773587456	Jockie Music		
1499641286938984518	2026-05-01T05:19:04Z	411916947773587456	Jockie Music		
1499640552377946187	2026-05-01T05:16:09Z	411916947773587456	Jockie Music		
1499639864327405598	2026-05-01T05:13:25Z	411916947773587456	Jockie Music		Did you know you now get better audio quality with any premium tier <https://www.patreon.com/Jockie>!
1499639331202273353	2026-05-01T05:11:18Z	411916947773587456	Jockie Music		
1499639329872678973	2026-05-01T05:11:18Z	411916947773587456	Jockie Music		
1499639314936496179	2026-05-01T05:11:14Z	367334632515043329	guahlg		m!albumsearch dookie
1499639088230174750	2026-05-01T05:10:20Z	411916947773587456	Jockie Music		
1499638300644868217	2026-05-01T05:07:12Z	411916947773587456	Jockie Music		
1499638284446597151	2026-05-01T05:07:08Z	367334632515043329	guahlg		m!insert https://cdn.discordapp.com/attachments/1498913469087612932/1499463462265290792/Berts_ballad_tre_2.m4a?ex=69f4e3ac&is=69f3922c&hm=ff1e1ef1c8e7cdac3776dfabdb06833ca1f41ac7994c32246e47fb975ec6702c&
1499634428937240676	2026-05-01T04:51:49Z	367334632515043329	guahlg	1499467437119111361	absolute banger
1499469731927822367	2026-04-30T17:57:22Z	411916947773587456	Jockie Music		
1499468977108418600	2026-04-30T17:54:22Z	411916947773587456	Jockie Music		
1499468231067570357	2026-04-30T17:51:25Z	411916947773587456	Jockie Music		
1499467437119111361	2026-04-30T17:48:15Z	411916947773587456	Jockie Music		
1499467427602370651	2026-04-30T17:48:13Z	411916947773587456	Jockie Music		
1499467427044524205	2026-04-30T17:48:13Z	367334632515043329	guahlg		m!skip
1499467413085753346	2026-04-30T17:48:10Z	411916947773587456	Jockie Music		
1499467406958133358	2026-04-30T17:48:08Z	367334632515043329	guahlg		m!insert https://cdn.discordapp.com/attachments/1498913469087612932/1499463462265290792/Berts_ballad_tre_2.m4a?ex=69f4e3ac&is=69f3922c&hm=ff1e1ef1c8e7cdac3776dfabdb06833ca1f41ac7994c32246e47fb975ec6702c&
1499467237944197172	2026-04-30T17:47:28Z	411916947773587456	Jockie Music		Did you know you now get better audio quality with any premium tier <https://www.patreon.com/Jockie>!
1499466611298402436	2026-04-30T17:44:58Z	411916947773587456	Jockie Music		
1499465820563050558	2026-04-30T17:41:50Z	411916947773587456	Jockie Music		
1499465811104890921	2026-04-30T17:41:48Z	411916947773587456	Jockie Music		
1499465810153046217	2026-04-30T17:41:47Z	367334632515043329	guahlg		m!skip
1499465758529552574	2026-04-30T17:41:35Z	411916947773587456	Jockie Music		
1499465751151513805	2026-04-30T17:41:33Z	367334632515043329	guahlg		m!insert https://cdn.discordapp.com/attachments/1498913469087612932/1499463462265290792/Berts_ballad_tre_2.m4a?ex=69f4e3ac&is=69f3922c&hm=ff1e1ef1c8e7cdac3776dfabdb06833ca1f41ac7994c32246e47fb975ec6702c&
1499465365774799098	2026-04-30T17:40:01Z	411916947773587456	Jockie Music		
1499464861850140682	2026-04-30T17:38:01Z	411916947773587456	Jockie Music		
1499464355970945207	2026-04-30T17:36:01Z	411916947773587456	Jockie Music		
1499463815048331486	2026-04-30T17:33:52Z	411916947773587456	Jockie Music		
1499463160493641729	2026-04-30T17:31:16Z	411916947773587456	Jockie Music		
1499462489002344521	2026-04-30T17:28:36Z	411916947773587456	Jockie Music		
1499461880677273611	2026-04-30T17:26:11Z	411916947773587456	Jockie Music		
1499461128785494158	2026-04-30T17:23:11Z	411916947773587456	Jockie Music		
1499460369943494730	2026-04-30T17:20:10Z	411916947773587456	Jockie Music		
1499459840102367452	2026-04-30T17:18:04Z	411916947773587456	Jockie Music		
1499459178836787262	2026-04-30T17:15:26Z	411916947773587456	Jockie Music		
1499459176152436848	2026-04-30T17:15:26Z	411916947773587456	Jockie Music		
1499459174830964806	2026-04-30T17:15:25Z	806180625991335966	walnutty2		m!play https://open.spotify.com/album/3PRoXYsngSwjEQWR5PsHWR
1499459046057709738	2026-04-30T17:14:55Z	806180625991335966	walnutty2		m!album search revolver by the beatles
1499458885310742659	2026-04-30T17:14:16Z	411916947773587456	Jockie Music		
1499458130159861783	2026-04-30T17:11:16Z	411916947773587456	Jockie Music		
1499457073140994192	2026-04-30T17:07:04Z	411916947773587456	Jockie Music		
1499454730395713709	2026-04-30T16:57:46Z	411916947773587456	Jockie Music		
1499453533169127617	2026-04-30T16:53:00Z	411916947773587456	Jockie Music		
1499451603827167383	2026-04-30T16:45:20Z	411916947773587456	Jockie Music		
1499450235532087538	2026-04-30T16:39:54Z	411916947773587456	Jockie Music		
1499448816049328158	2026-04-30T16:34:16Z	411916947773587456	Jockie Music		
1499446746609090784	2026-04-30T16:26:02Z	411916947773587456	Jockie Music		
1499444446956224572	2026-04-30T16:16:54Z	411916947773587456	Jockie Music		
1499443720318357504	2026-04-30T16:14:01Z	411916947773587456	Jockie Music		
1499443717793255435	2026-04-30T16:14:00Z	411916947773587456	Jockie Music		
1499443698231021599	2026-04-30T16:13:55Z	367334632515043329	guahlg		m!albumsearch american idiot
1499443376829759638	2026-04-30T16:12:39Z	411916947773587456	Jockie Music		
1499442956996972574	2026-04-30T16:10:59Z	411916947773587456	Jockie Music		
1499442239967858772	2026-04-30T16:08:08Z	411916947773587456	Jockie Music		
1499441794855997543	2026-04-30T16:06:22Z	411916947773587456	Jockie Music		
1499441358140870727	2026-04-30T16:04:38Z	411916947773587456	Jockie Music		
1499440960248086628	2026-04-30T16:03:03Z	411916947773587456	Jockie Music		
1499440213905379410	2026-04-30T16:00:05Z	411916947773587456	Jockie Music		
1499439552006459504	2026-04-30T15:57:27Z	411916947773587456	Jockie Music		
1499438990850261002	2026-04-30T15:55:13Z	411916947773587456	Jockie Music		
1499438230003781703	2026-04-30T15:52:12Z	411916947773587456	Jockie Music		
1499437598202921130	2026-04-30T15:49:41Z	411916947773587456	Jockie Music		
1499437508113727488	2026-04-30T15:49:20Z	411916947773587456	Jockie Music		
1499437506976813136	2026-04-30T15:49:19Z	433780070327255051	chromosoze		m!play tally hall ruller of everything
1499436657081057341	2026-04-30T15:45:57Z	411916947773587456	Jockie Music		
1499435655569080380	2026-04-30T15:41:58Z	411916947773587456	Jockie Music		
1499434924913065986	2026-04-30T15:39:04Z	411916947773587456	Jockie Music		
1499434234270711981	2026-04-30T15:36:19Z	411916947773587456	Jockie Music		
1499433703623884970	2026-04-30T15:34:13Z	411916947773587456	Jockie Music		Did you know you now get better audio quality with any premium tier <https://www.patreon.com/Jockie>!
1499433702155878554	2026-04-30T15:34:12Z	411916947773587456	Jockie Music		
1499433684338737373	2026-04-30T15:34:08Z	367334632515043329	guahlg		m!albumsearch dookie
1499430552464523458	2026-04-30T15:21:41Z	411916947773587456	Jockie Music		
1499429797657579593	2026-04-30T15:18:41Z	411916947773587456	Jockie Music		
1499428988148519103	2026-04-30T15:15:28Z	411916947773587456	Jockie Music		
1499428117868187660	2026-04-30T15:12:01Z	896953469808832532	randomdudewhocodes		what’s happening?
1499426880841973880	2026-04-30T15:07:06Z	411916947773587456	Jockie Music		
1499426115910107358	2026-04-30T15:04:04Z	411916947773587456	Jockie Music		
1499425383919915120	2026-04-30T15:01:09Z	411916947773587456	Jockie Music		
1499424707760623616	2026-04-30T14:58:28Z	411916947773587456	Jockie Music		
1499423637005013102	2026-04-30T14:54:13Z	411916947773587456	Jockie Music		
1499422853483729099	2026-04-30T14:51:06Z	411916947773587456	Jockie Music		
1499421721294409790	2026-04-30T14:46:36Z	411916947773587456	Jockie Music		
1499420905531506831	2026-04-30T14:43:21Z	411916947773587456	Jockie Music		
1499420294325080114	2026-04-30T14:40:56Z	411916947773587456	Jockie Music		
1499419589287743658	2026-04-30T14:38:07Z	411916947773587456	Jockie Music		
1499418582877208596	2026-04-30T14:34:08Z	411916947773587456	Jockie Music		
1499417899989733418	2026-04-30T14:31:25Z	411916947773587456	Jockie Music		
1499417373596188672	2026-04-30T14:29:19Z	896953469808832532	randomdudewhocodes		playing chess in the middle of the road
1499417297821892608	2026-04-30T14:29:01Z	896953469808832532	randomdudewhocodes		that is us :)
1499417278175776909	2026-04-30T14:28:56Z	896953469808832532	randomdudewhocodes		ok ._.
1499417213076246769	2026-04-30T14:28:41Z	367334632515043329	guahlg		you will be surprised by what inspired it
1499417162702389420	2026-04-30T14:28:29Z	367334632515043329	guahlg		just search up what the song is about
1499417156276981883	2026-04-30T14:28:27Z	411916947773587456	Jockie Music		
1499417108239487149	2026-04-30T14:28:16Z	367334632515043329	guahlg		bro
1499417049334546653	2026-04-30T14:28:02Z	896953469808832532	randomdudewhocodes		I WANT TO KNOW
1499417007521796116	2026-04-30T14:27:52Z	896953469808832532	randomdudewhocodes		yeah, really, what were they going to do?
1499416857684349010	2026-04-30T14:27:16Z	367334632515043329	guahlg		precisely what you're thinking
1499416818865930240	2026-04-30T14:27:07Z	367334632515043329	guahlg	1499416420017111100	yeah exactly
1499416711647203341	2026-04-30T14:26:41Z	411916947773587456	Jockie Music		
1499416420017111100	2026-04-30T14:25:32Z	896953469808832532	randomdudewhocodes		DO WHAT???
1499416287346954301	2026-04-30T14:25:00Z	411916947773587456	Jockie Music		
1499415321604264128	2026-04-30T14:21:10Z	411916947773587456	Jockie Music		
1499414428855304222	2026-04-30T14:17:37Z	411916947773587456	Jockie Music		
1499413907612106863	2026-04-30T14:15:33Z	411916947773587456	Jockie Music		
1499413325052907660	2026-04-30T14:13:14Z	411916947773587456	Jockie Music		
1499412807786172466	2026-04-30T14:11:11Z	411916947773587456	Jockie Music		
1499412183002382396	2026-04-30T14:08:42Z	411916947773587456	Jockie Music		
1499411492909486312	2026-04-30T14:05:57Z	411916947773587456	Jockie Music		
1499410297742557284	2026-04-30T14:01:12Z	411916947773587456	Jockie Music		
1499409482784968734	2026-04-30T13:57:58Z	411916947773587456	Jockie Music		
1499409261225050193	2026-04-30T13:57:05Z	411916947773587456	Jockie Music		
1499408467927109682	2026-04-30T13:53:56Z	411916947773587456	Jockie Music		
1499407889541103727	2026-04-30T13:51:38Z	411916947773587456	Jockie Music		
1499406900830404738	2026-04-30T13:47:42Z	411916947773587456	Jockie Music		
1499406215606964406	2026-04-30T13:44:59Z	411916947773587456	Jockie Music		Did you know you now get better audio quality with any premium tier <https://www.patreon.com/Jockie>!
1499405753126092960	2026-04-30T13:43:09Z	411916947773587456	Jockie Music		
1499405714752540874	2026-04-30T13:43:00Z	367334632515043329	guahlg		m!albumsearch the beatles
1499405653847048333	2026-04-30T13:42:45Z	411916947773587456	Jockie Music		
1499405652257145002	2026-04-30T13:42:45Z	367334632515043329	guahlg		m!play she by green day
1498741324466360440	2026-04-28T17:42:57Z	411916947773587456	Jockie Music		
1498741317184786433	2026-04-28T17:42:55Z	411916947773587456	Jockie Music		
1498740556585635901	2026-04-28T17:39:53Z	411916947773587456	Jockie Music		
1498739923207852042	2026-04-28T17:37:22Z	411916947773587456	Jockie Music		
1498738982505156839	2026-04-28T17:33:38Z	411916947773587456	Jockie Music		
1498737982293934090	2026-04-28T17:29:40Z	411916947773587456	Jockie Music		
1498737251557838940	2026-04-28T17:26:45Z	411916947773587456	Jockie Music		
1498736561053892608	2026-04-28T17:24:01Z	411916947773587456	Jockie Music		
1498736074816491693	2026-04-28T17:22:05Z	367334632515043329	guahlg		finally the bot is finally bak
1498736030797402135	2026-04-28T17:21:54Z	411916947773587456	Jockie Music		Did you know you now get better audio quality with any premium tier <https://www.patreon.com/Jockie>!
1498736029648031878	2026-04-28T17:21:54Z	411916947773587456	Jockie Music		
1498736012736729188	2026-04-28T17:21:50Z	367334632515043329	guahlg		m!albumsearch dookie
1498702686521000087	2026-04-28T15:09:25Z	367334632515043329	guahlg		wow it just does not do anything now
1498702651343372339	2026-04-28T15:09:16Z	367334632515043329	guahlg		m!help
1498702618740916294	2026-04-28T15:09:08Z	367334632515043329	guahlg		m!albumsearch dookie
1498701682689708143	2026-04-28T15:05:25Z	367334632515043329	guahlg		the bot just died
1498701643141877900	2026-04-28T15:05:16Z	367334632515043329	guahlg		m!queueinfo
1498701594471039006	2026-04-28T15:05:04Z	367334632515043329	guahlg		m!play basket case
1498701547306225796	2026-04-28T15:04:53Z	367334632515043329	guahlg		thanks a lot
1498701515471323216	2026-04-28T15:04:45Z	367334632515043329	guahlg		ok now it just left
1498701452724535366	2026-04-28T15:04:30Z	367334632515043329	guahlg		ok finally
1498701446525485076	2026-04-28T15:04:29Z	411916947773587456	Jockie Music		
1498701425663017010	2026-04-28T15:04:24Z	367334632515043329	guahlg		bro this bot sucks sometimes lol
1498700207750119464	2026-04-28T14:59:34Z	411916947773587456	Jockie Music		
1498699722658156617	2026-04-28T14:57:38Z	367334632515043329	guahlg		bruh why is it not playing
1498699688482832536	2026-04-28T14:57:30Z	411916947773587456	Jockie Music		
1498699687421808840	2026-04-28T14:57:29Z	367334632515043329	guahlg		m!unpause
1498699679141986474	2026-04-28T14:57:28Z	411916947773587456	Jockie Music		
1498699663736442972	2026-04-28T14:57:24Z	367334632515043329	guahlg		m!pause
1498699600792649768	2026-04-28T14:57:09Z	411916947773587456	Jockie Music		
1498699599261466788	2026-04-28T14:57:08Z	411916947773587456	Jockie Music		
1498699069516677241	2026-04-28T14:55:02Z	367334632515043329	guahlg		m!albumsearch dookie
1498698849471168534	2026-04-28T14:54:10Z	411916947773587456	Jockie Music		
1498698844844589233	2026-04-28T14:54:09Z	411916947773587456	Jockie Music		
1498698727903203538	2026-04-28T14:53:41Z	411916947773587456	Jockie Music		
1498698643966918767	2026-04-28T14:53:21Z	411916947773587456	Jockie Music		
1498698122421993664	2026-04-28T14:51:16Z	411916947773587456	Jockie Music		
1498697618841145345	2026-04-28T14:49:16Z	411916947773587456	Jockie Music		
1498696848519598142	2026-04-28T14:46:13Z	411916947773587456	Jockie Music		
1498696177049145384	2026-04-28T14:43:33Z	411916947773587456	Jockie Music		
1498695592388333600	2026-04-28T14:41:13Z	411916947773587456	Jockie Music		
1498695567017120036	2026-04-28T14:41:07Z	411916947773587456	Jockie Music		
1498694895421100073	2026-04-28T14:38:27Z	411916947773587456	Jockie Music		Did you know you now get better audio quality with any premium tier <https://www.patreon.com/Jockie>!
1498693947642351656	2026-04-28T14:34:41Z	411916947773587456	Jockie Music		
1498692948278120469	2026-04-28T14:30:43Z	411916947773587456	Jockie Music		
1498692216153968711	2026-04-28T14:27:48Z	411916947773587456	Jockie Music		
1498691525838901379	2026-04-28T14:25:04Z	411916947773587456	Jockie Music		
1498690995574013952	2026-04-28T14:22:57Z	411916947773587456	Jockie Music		
1498690993573072899	2026-04-28T14:22:57Z	411916947773587456	Jockie Music		
1498690980734308362	2026-04-28T14:22:54Z	367334632515043329	guahlg		m!albumsearch dookie
1498375520675561693	2026-04-27T17:29:22Z	411916947773587456	Jockie Music		
1498374765717487686	2026-04-27T17:26:22Z	411916947773587456	Jockie Music		
1498374345771192350	2026-04-27T17:24:42Z	411916947773587456	Jockie Music		
1498373629321281536	2026-04-27T17:21:51Z	411916947773587456	Jockie Music		
1498373184137723924	2026-04-27T17:20:05Z	411916947773587456	Jockie Music		
1498372747770724413	2026-04-27T17:18:21Z	411916947773587456	Jockie Music		
1498372350880649419	2026-04-27T17:16:46Z	411916947773587456	Jockie Music		
1498370050984509644	2026-04-27T17:07:38Z	411916947773587456	Jockie Music		
1498369400795959357	2026-04-27T17:05:03Z	411916947773587456	Jockie Music		
1498369399030022265	2026-04-27T17:05:03Z	367334632515043329	guahlg		m!insert jesus of suburbia
1498369303060418701	2026-04-27T17:04:40Z	411916947773587456	Jockie Music		
1498368640519508008	2026-04-27T17:02:02Z	411916947773587456	Jockie Music		
1498368078407405869	2026-04-27T16:59:48Z	411916947773587456	Jockie Music		Did you know you now get better audio quality with any premium tier <https://www.patreon.com/Jockie>!
1498367316948160684	2026-04-27T16:56:46Z	411916947773587456	Jockie Music		
1498366683671298191	2026-04-27T16:54:15Z	411916947773587456	Jockie Music		
1498365743610204214	2026-04-27T16:50:31Z	411916947773587456	Jockie Music		
1498364743197528106	2026-04-27T16:46:33Z	411916947773587456	Jockie Music		
1498364012264685729	2026-04-27T16:43:38Z	411916947773587456	Jockie Music		
1498363322221723799	2026-04-27T16:40:54Z	411916947773587456	Jockie Music		
1498362769127505940	2026-04-27T16:38:42Z	411916947773587456	Jockie Music		
1498362767596322979	2026-04-27T16:38:42Z	411916947773587456	Jockie Music		
1498362720955666523	2026-04-27T16:38:30Z	367334632515043329	guahlg		m!albumsearch dookie
1498356862217883658	2026-04-27T16:15:14Z	411916947773587456	Jockie Music		
1498356335572418591	2026-04-27T16:13:08Z	411916947773587456	Jockie Music		
1498355772734705765	2026-04-27T16:10:54Z	411916947773587456	Jockie Music		
1498355013003644929	2026-04-27T16:07:53Z	411916947773587456	Jockie Music		
1498354379021881558	2026-04-27T16:05:22Z	411916947773587456	Jockie Music		
1498353439086739547	2026-04-27T16:01:37Z	411916947773587456	Jockie Music		
1498352438254633034	2026-04-27T15:57:39Z	411916947773587456	Jockie Music		
1498351709758685225	2026-04-27T15:54:45Z	411916947773587456	Jockie Music		
1498351024434446376	2026-04-27T15:52:02Z	411916947773587456	Jockie Music		
1498350485713719397	2026-04-27T15:49:53Z	411916947773587456	Jockie Music		
1498350484493308004	2026-04-27T15:49:53Z	411916947773587456	Jockie Music		
1498350471331451121	2026-04-27T15:49:50Z	367334632515043329	guahlg		m!albumsearch dookie
1498019801535086602	2026-04-26T17:55:52Z	411916947773587456	Jockie Music		
1498019800411013181	2026-04-26T17:55:52Z	367334632515043329	guahlg		m!stop
1498019364186882088	2026-04-26T17:54:08Z	367334632515043329	guahlg		my little sister made me play this song btw
1498018839516942519	2026-04-26T17:52:03Z	411916947773587456	Jockie Music		
1498018834592960555	2026-04-26T17:52:02Z	367334632515043329	guahlg		m!play el tango de roxane
1498018689662845078	2026-04-26T17:51:27Z	411916947773587456	Jockie Music		
1498018688505479230	2026-04-26T17:51:27Z	367334632515043329	guahlg		m!stop
1498017814324449292	2026-04-26T17:47:58Z	411916947773587456	Jockie Music		
1498017039305019503	2026-04-26T17:44:53Z	411916947773587456	Jockie Music		
1498016307247841401	2026-04-26T17:41:59Z	411916947773587456	Jockie Music		
1498015614365864027	2026-04-26T17:39:14Z	411916947773587456	Jockie Music		
1498014544109244466	2026-04-26T17:34:59Z	411916947773587456	Jockie Music		
1498013742007582722	2026-04-26T17:31:47Z	411916947773587456	Jockie Music		
1498012947488968764	2026-04-26T17:28:38Z	411916947773587456	Jockie Music		
1498012927226155040	2026-04-26T17:28:33Z	367334632515043329	guahlg		m!albumsearch rage against the machien
1498012591140638781	2026-04-26T17:27:13Z	411916947773587456	Jockie Music		
1498011772685127750	2026-04-26T17:23:58Z	411916947773587456	Jockie Music		
1498011165132062830	2026-04-26T17:21:33Z	411916947773587456	Jockie Music		
1498010433674547443	2026-04-26T17:18:39Z	411916947773587456	Jockie Music		
1498009425200283809	2026-04-26T17:14:38Z	411916947773587456	Jockie Music		
1498008719680868584	2026-04-26T17:11:50Z	411916947773587456	Jockie Music		
1498007979352395968	2026-04-26T17:08:53Z	411916947773587456	Jockie Music		
1498007534110376148	2026-04-26T17:07:07Z	411916947773587456	Jockie Music		
1498007093238829068	2026-04-26T17:05:22Z	411916947773587456	Jockie Music		
1498006125700841593	2026-04-26T17:01:31Z	411916947773587456	Jockie Music		
1498005231852720280	2026-04-26T16:57:58Z	411916947773587456	Jockie Music		
1498004711587184780	2026-04-26T16:55:54Z	411916947773587456	Jockie Music		
1498004109448445972	2026-04-26T16:53:31Z	411916947773587456	Jockie Music		
1498003590747259061	2026-04-26T16:51:27Z	411916947773587456	Jockie Music		Did you know you now get better audio quality with any premium tier <https://www.patreon.com/Jockie>!
1498002967830462524	2026-04-26T16:48:59Z	411916947773587456	Jockie Music		
1498002277674385428	2026-04-26T16:46:14Z	411916947773587456	Jockie Music		
1498001066124509347	2026-04-26T16:41:25Z	411916947773587456	Jockie Music		
1498000250957201448	2026-04-26T16:38:11Z	411916947773587456	Jockie Music		
1498000028717814002	2026-04-26T16:37:18Z	411916947773587456	Jockie Music		
1497999575875846286	2026-04-26T16:35:30Z	367334632515043329	guahlg		holy shit I think I needed to take the green day and rage against the machine tour to be able to really like the beatles, now I really like the honestly
1497999218328207611	2026-04-26T16:34:05Z	411916947773587456	Jockie Music		
1497998640629944372	2026-04-26T16:31:47Z	411916947773587456	Jockie Music		
1497997651281707188	2026-04-26T16:27:51Z	411916947773587456	Jockie Music		
1497996970734784664	2026-04-26T16:25:09Z	411916947773587456	Jockie Music		
1497996968725577979	2026-04-26T16:25:08Z	411916947773587456	Jockie Music		
1497996942125437122	2026-04-26T16:25:02Z	367334632515043329	guahlg		m!albumsearch the beatles
1497875978247209051	2026-04-26T08:24:22Z	592379464294596618	el_ocelote	1497863793823453284	just a tiny bit
1497867457489014826	2026-04-26T07:50:30Z	411916947773587456	Jockie Music		
1497867178978967644	2026-04-26T07:49:24Z	411916947773587456	Jockie Music		
1497866381671268463	2026-04-26T07:46:14Z	411916947773587456	Jockie Music		
1497865696237850695	2026-04-26T07:43:30Z	411916947773587456	Jockie Music		
1497865112151658708	2026-04-26T07:41:11Z	411916947773587456	Jockie Music		
1497864471690084392	2026-04-26T07:38:39Z	411916947773587456	Jockie Music		
1497863920499556433	2026-04-26T07:36:27Z	411916947773587456	Jockie Music		
1497863793823453284	2026-04-26T07:35:57Z	367334632515043329	guahlg		it is a bit different from rage against the machine lol
1497863707894481058	2026-04-26T07:35:36Z	367334632515043329	guahlg		beatles is nice to listen to now
1497863308370251796	2026-04-26T07:34:01Z	411916947773587456	Jockie Music		
1497862717556654090	2026-04-26T07:31:40Z	411916947773587456	Jockie Music		
1497862217016803328	2026-04-26T07:29:41Z	411916947773587456	Jockie Music		
1497861633782059028	2026-04-26T07:27:22Z	411916947773587456	Jockie Music		
1497861631764336754	2026-04-26T07:27:21Z	411916947773587456	Jockie Music		
1497861616128102513	2026-04-26T07:27:18Z	367334632515043329	guahlg		m!albumsearch the beatles
1497861279568629913	2026-04-26T07:25:57Z	411916947773587456	Jockie Music		
1497860861262299146	2026-04-26T07:24:18Z	411916947773587456	Jockie Music		
1497860144795615312	2026-04-26T07:21:27Z	411916947773587456	Jockie Music		
1497859698735452181	2026-04-26T07:19:41Z	411916947773587456	Jockie Music		
1497859263333273671	2026-04-26T07:17:57Z	411916947773587456	Jockie Music		
1497858864866136075	2026-04-26T07:16:22Z	411916947773587456	Jockie Music		
1497858116459692073	2026-04-26T07:13:23Z	411916947773587456	Jockie Music		
1497857456695414894	2026-04-26T07:10:46Z	411916947773587456	Jockie Music		
1497856891685044326	2026-04-26T07:08:31Z	411916947773587456	Jockie Music		
1497856130775515249	2026-04-26T07:05:30Z	411916947773587456	Jockie Music		
1497855499151081592	2026-04-26T07:02:59Z	411916947773587456	Jockie Music		
1497854558062514186	2026-04-26T06:59:15Z	411916947773587456	Jockie Music		
1497853557024751687	2026-04-26T06:55:16Z	411916947773587456	Jockie Music		
1497852828163772506	2026-04-26T06:52:22Z	411916947773587456	Jockie Music		
1497852135763607562	2026-04-26T06:49:37Z	411916947773587456	Jockie Music		
1497851605222162452	2026-04-26T06:47:31Z	411916947773587456	Jockie Music		
1497851603997163560	2026-04-26T06:47:31Z	411916947773587456	Jockie Music		
1497851589996838977	2026-04-26T06:47:27Z	367334632515043329	guahlg		m!albumsearch dookie
1497851463672791130	2026-04-26T06:46:57Z	411916947773587456	Jockie Music		
1497850518196715542	2026-04-26T06:43:12Z	411916947773587456	Jockie Music		
1497848920028745910	2026-04-26T06:36:51Z	411916947773587456	Jockie Music		
1497848187455799326	2026-04-26T06:33:56Z	411916947773587456	Jockie Music		
1497847013289492552	2026-04-26T06:29:16Z	411916947773587456	Jockie Music		
1497846423893573772	2026-04-26T06:26:56Z	411916947773587456	Jockie Music		
1497845366790557806	2026-04-26T06:22:44Z	411916947773587456	Jockie Music		
1497844277827342407	2026-04-26T06:18:24Z	411916947773587456	Jockie Music		
1497843802029953125	2026-04-26T06:16:30Z	411916947773587456	Jockie Music		
1497843247718989965	2026-04-26T06:14:18Z	411916947773587456	Jockie Music		
1497842476340477962	2026-04-26T06:11:14Z	411916947773587456	Jockie Music		
1497841800096776294	2026-04-26T06:08:33Z	411916947773587456	Jockie Music		
1497841377902460938	2026-04-26T06:06:53Z	411916947773587456	Jockie Music		
1497840416504942595	2026-04-26T06:03:03Z	411916947773587456	Jockie Music		
1497839463865389208	2026-04-26T05:59:16Z	411916947773587456	Jockie Music		
1497838776633000048	2026-04-26T05:56:32Z	411916947773587456	Jockie Music		
1497838052729557082	2026-04-26T05:53:40Z	411916947773587456	Jockie Music		Did you know you now get better audio quality with any premium tier <https://www.patreon.com/Jockie>!
1497836516486152313	2026-04-26T05:47:33Z	411916947773587456	Jockie Music		
1497835156978008166	2026-04-26T05:42:09Z	411916947773587456	Jockie Music		
1497833772274552852	2026-04-26T05:36:39Z	411916947773587456	Jockie Music		
1497832242242650133	2026-04-26T05:30:34Z	411916947773587456	Jockie Music		
1497831198087577730	2026-04-26T05:26:25Z	411916947773587456	Jockie Music		
1497831181260030052	2026-04-26T05:26:21Z	367334632515043329	guahlg		m!albumsearch blink 182
1497831006428725350	2026-04-26T05:25:40Z	411916947773587456	Jockie Music		
1497829717628420158	2026-04-26T05:20:33Z	411916947773587456	Jockie Music		
1497828518036373654	2026-04-26T05:15:47Z	411916947773587456	Jockie Music		
1497827106862792824	2026-04-26T05:10:10Z	411916947773587456	Jockie Music		
1497825791205970161	2026-04-26T05:04:56Z	411916947773587456	Jockie Music		
1497824774108479499	2026-04-26T05:00:54Z	411916947773587456	Jockie Music		
1497824772455796898	2026-04-26T05:00:53Z	411916947773587456	Jockie Music		
1497824758354673814	2026-04-26T05:00:50Z	367334632515043329	guahlg		m!albumsearch rage against the machine
1497639229813948538	2026-04-25T16:43:37Z	411916947773587456	Jockie Music		
1497638501221404702	2026-04-25T16:40:43Z	411916947773587456	Jockie Music		
1497637865977282600	2026-04-25T16:38:12Z	411916947773587456	Jockie Music		
1497636923731083367	2026-04-25T16:34:27Z	411916947773587456	Jockie Music		
1497635922156589086	2026-04-25T16:30:28Z	411916947773587456	Jockie Music		
1497635185959764048	2026-04-25T16:27:33Z	411916947773587456	Jockie Music		
1497634495451365396	2026-04-25T16:24:48Z	411916947773587456	Jockie Music		
1497633964222054602	2026-04-25T16:22:41Z	411916947773587456	Jockie Music		
1497633963269685288	2026-04-25T16:22:41Z	411916947773587456	Jockie Music		
1497633947280998432	2026-04-25T16:22:37Z	367334632515043329	guahlg		m!albumsearch dookie
1497617773138940116	2026-04-25T15:18:21Z	411916947773587456	Jockie Music		
1497617017966952461	2026-04-25T15:15:21Z	411916947773587456	Jockie Music		
1497616598331031552	2026-04-25T15:13:41Z	411916947773587456	Jockie Music		
1497615881822277702	2026-04-25T15:10:50Z	411916947773587456	Jockie Music		
1497615435665899661	2026-04-25T15:09:04Z	411916947773587456	Jockie Music		
1497615000456396982	2026-04-25T15:07:20Z	411916947773587456	Jockie Music		
1497614601888465007	2026-04-25T15:05:45Z	411916947773587456	Jockie Music		
1497613855684296715	2026-04-25T15:02:47Z	411916947773587456	Jockie Music		
1497613195110514688	2026-04-25T15:00:10Z	411916947773587456	Jockie Music		
1497612631144665279	2026-04-25T14:57:55Z	411916947773587456	Jockie Music		
1497611870251515915	2026-04-25T14:54:54Z	411916947773587456	Jockie Music		
1497611236068692168	2026-04-25T14:52:22Z	411916947773587456	Jockie Music		
1497610296825614428	2026-04-25T14:48:39Z	411916947773587456	Jockie Music		
1497609274250104922	2026-04-25T14:44:35Z	411916947773587456	Jockie Music		
1497608543094964366	2026-04-25T14:41:40Z	411916947773587456	Jockie Music		
1497607853026836672	2026-04-25T14:38:56Z	411916947773587456	Jockie Music		
1497607323064074290	2026-04-25T14:36:50Z	411916947773587456	Jockie Music		
1497607321713643571	2026-04-25T14:36:49Z	411916947773587456	Jockie Music		
1497607308094607380	2026-04-25T14:36:46Z	367334632515043329	guahlg		m!albumsearch dookie
1497607198707290153	2026-04-25T14:36:20Z	411916947773587456	Jockie Music		
1497605544305885334	2026-04-25T14:29:45Z	411916947773587456	Jockie Music		
1497604363663970375	2026-04-25T14:25:04Z	411916947773587456	Jockie Music		
1497603445358858392	2026-04-25T14:21:25Z	411916947773587456	Jockie Music		
1497602024357757091	2026-04-25T14:15:46Z	411916947773587456	Jockie Music		
1497600997013585961	2026-04-25T14:11:41Z	411916947773587456	Jockie Music		Did you know you now get better audio quality with any premium tier <https://www.patreon.com/Jockie>!
1497600266168438884	2026-04-25T14:08:47Z	411916947773587456	Jockie Music		
1497599023652147230	2026-04-25T14:03:51Z	411916947773587456	Jockie Music		
1497598373451010159	2026-04-25T14:01:16Z	411916947773587456	Jockie Music		
1497597221158387855	2026-04-25T13:56:41Z	411916947773587456	Jockie Music		
1497596422579683449	2026-04-25T13:53:31Z	411916947773587456	Jockie Music		
1497595596872351806	2026-04-25T13:50:14Z	411916947773587456	Jockie Music		
1497594331517943830	2026-04-25T13:45:12Z	411916947773587456	Jockie Music		
1497594329466933261	2026-04-25T13:45:12Z	411916947773587456	Jockie Music		
1497594268234285057	2026-04-25T13:44:57Z	367334632515043329	guahlg		m!albumsearch rage against the machine
1497551445954793653	2026-04-25T10:54:47Z	411916947773587456	Jockie Music		
1497551017036742678	2026-04-25T10:53:05Z	411916947773587456	Jockie Music		
1497549489483813054	2026-04-25T10:47:01Z	411916947773587456	Jockie Music		
1497548256337723462	2026-04-25T10:42:07Z	411916947773587456	Jockie Music		
1497546964982562861	2026-04-25T10:36:59Z	411916947773587456	Jockie Music		
1497545763532574831	2026-04-25T10:32:13Z	411916947773587456	Jockie Music		
1497544354078785576	2026-04-25T10:26:37Z	411916947773587456	Jockie Music		
1497543038556442696	2026-04-25T10:21:23Z	411916947773587456	Jockie Music		Did you know you now get better audio quality with any premium tier <https://www.patreon.com/Jockie>!
1497542022075121726	2026-04-25T10:17:21Z	411916947773587456	Jockie Music		
1497542019801944134	2026-04-25T10:17:20Z	411916947773587456	Jockie Music		
1497542002214965418	2026-04-25T10:17:16Z	367334632515043329	guahlg		m!albumsearch rage against teh machine
1497535700650954852	2026-04-25T09:52:13Z	411916947773587456	Jockie Music		
1497533648449048626	2026-04-25T09:44:04Z	411916947773587456	Jockie Music		
1497532917092712600	2026-04-25T09:41:10Z	411916947773587456	Jockie Music		
1497532860607762524	2026-04-25T09:40:56Z	411916947773587456	Jockie Music		
1497532831570595840	2026-04-25T09:40:49Z	367334632515043329	guahlg		m!albumsearch american idiot
1497532181130514472	2026-04-25T09:38:14Z	367334632515043329	guahlg		okay finally
1497532157743071393	2026-04-25T09:38:09Z	411916947773587456	Jockie Music		Did you know you now get better audio quality with any premium tier <https://www.patreon.com/Jockie>!
1497532155746582589	2026-04-25T09:38:08Z	367334632515043329	guahlg		m!play green day
1497532125727953066	2026-04-25T09:38:01Z	411916947773587456	Jockie Music		
1497532124524449873	2026-04-25T09:38:01Z	367334632515043329	guahlg		m!stop
1497531940021207120	2026-04-25T09:37:17Z	367334632515043329	guahlg		bro why is the music dead now
1497531872585187428	2026-04-25T09:37:01Z	411916947773587456	Jockie Music		
1497531871297274087	2026-04-25T09:37:00Z	411916947773587456	Jockie Music		
1497531858299129918	2026-04-25T09:36:57Z	367334632515043329	guahlg		m!albumsearch american idiot
1497531786014490685	2026-04-25T09:36:40Z	411916947773587456	Jockie Music		
1497531745694912643	2026-04-25T09:36:30Z	367334632515043329	guahlg		bruh the bot died
1497531406488834070	2026-04-25T09:35:10Z	367334632515043329	guahlg		I prefer rage against the machine to system of a down
1497531313425617057	2026-04-25T09:34:47Z	367334632515043329	guahlg		now green day sounds better after having listened to some other things
1497531223382429726	2026-04-25T09:34:26Z	367334632515043329	guahlg		okay this is nice
1497531001759334462	2026-04-25T09:33:33Z	411916947773587456	Jockie Music		Did you know you now get better audio quality with any premium tier <https://www.patreon.com/Jockie>!
1497530016437764116	2026-04-25T09:29:38Z	411916947773587456	Jockie Music		
1497529008710090864	2026-04-25T09:25:38Z	411916947773587456	Jockie Music		
1497528064069075088	2026-04-25T09:21:53Z	411916947773587456	Jockie Music		
1497527379386568795	2026-04-25T09:19:09Z	411916947773587456	Jockie Music		
1497526900049055856	2026-04-25T09:17:15Z	411916947773587456	Jockie Music		
1497525697814466570	2026-04-25T09:12:29Z	411916947773587456	Jockie Music		
1497524779727716492	2026-04-25T09:08:50Z	411916947773587456	Jockie Music		
1497523613115351070	2026-04-25T09:04:12Z	411916947773587456	Jockie Music		
1497523612054327347	2026-04-25T09:04:11Z	367334632515043329	guahlg		m!shuffle
1497523587459059765	2026-04-25T09:04:05Z	411916947773587456	Jockie Music		
1497523564054708317	2026-04-25T09:04:00Z	367334632515043329	guahlg		m!albumsearch system of a down
1497523490708787244	2026-04-25T09:03:42Z	411916947773587456	Jockie Music		
1497522289233891339	2026-04-25T08:58:56Z	411916947773587456	Jockie Music		
1497520880039891014	2026-04-25T08:53:20Z	411916947773587456	Jockie Music		
1497519564622135326	2026-04-25T08:48:06Z	411916947773587456	Jockie Music		
1497518665434791966	2026-04-25T08:44:32Z	411916947773587456	Jockie Music		
1497518649190383688	2026-04-25T08:44:28Z	367334632515043329	guahlg		m!albumsearch american idiot
1497518546379476993	2026-04-25T08:44:04Z	411916947773587456	Jockie Music		
1497518544185720832	2026-04-25T08:44:03Z	411916947773587456	Jockie Music		
1497518526280368308	2026-04-25T08:43:59Z	367334632515043329	guahlg		m!albumsearch rage against the machine
1497295744342950104	2026-04-24T17:58:43Z	940618428039958608	M.O.D		Hello! Thank you for inviting me! Make sure to run the /setup command to set up the bot! You can set the log channel to no channel but still must run the /setup command.
1497277733426696294	2026-04-24T16:47:09Z	411916947773587456	Jockie Music		
1497276662973202493	2026-04-24T16:42:54Z	411916947773587456	Jockie Music		
1497275461892575315	2026-04-24T16:38:08Z	411916947773587456	Jockie Music		
1497274051838607673	2026-04-24T16:32:31Z	411916947773587456	Jockie Music		
1497272736337362946	2026-04-24T16:27:18Z	411916947773587456	Jockie Music		
1497271719302266961	2026-04-24T16:23:15Z	411916947773587456	Jockie Music		
1497271717255577803	2026-04-24T16:23:15Z	411916947773587456	Jockie Music		
1497271684401598695	2026-04-24T16:23:07Z	367334632515043329	guahlg		w
1497271666412093682	2026-04-24T16:23:03Z	367334632515043329	guahlg		m!albumsearch rage against the machine
1496928809943830691	2026-04-23T17:40:39Z	411916947773587456	Jockie Music		
1496927716946215132	2026-04-23T17:36:19Z	411916947773587456	Jockie Music		
1496926999598334104	2026-04-23T17:33:28Z	411916947773587456	Jockie Music		
1496926090109915248	2026-04-23T17:29:51Z	411916947773587456	Jockie Music		
1496924910864433305	2026-04-23T17:25:10Z	411916947773587456	Jockie Music		
1496923535246098515	2026-04-23T17:19:42Z	411916947773587456	Jockie Music		
1496922804333842595	2026-04-23T17:16:48Z	411916947773587456	Jockie Music		
1496922236437790815	2026-04-23T17:14:32Z	411916947773587456	Jockie Music		
1496922235582025909	2026-04-23T17:14:32Z	367334632515043329	guahlg		m!shuffle
1496922221824839866	2026-04-23T17:14:29Z	411916947773587456	Jockie Music		
1496922187095998625	2026-04-23T17:14:20Z	367334632515043329	guahlg		m!albumsearch rage against the machine
1496922058599436348	2026-04-23T17:13:50Z	411916947773587456	Jockie Music		
1496921396604047491	2026-04-23T17:11:12Z	411916947773587456	Jockie Music		
1496920833694892042	2026-04-23T17:08:58Z	411916947773587456	Jockie Music		
1496920080724787372	2026-04-23T17:05:58Z	411916947773587456	Jockie Music		
1496919441114533948	2026-04-23T17:03:26Z	411916947773587456	Jockie Music		
1496918499031908526	2026-04-23T16:59:41Z	411916947773587456	Jockie Music		
1496917520710635523	2026-04-23T16:55:48Z	411916947773587456	Jockie Music		
1496916790675243010	2026-04-23T16:52:54Z	411916947773587456	Jockie Music		
1496916100242477149	2026-04-23T16:50:09Z	411916947773587456	Jockie Music		
1496915569499443242	2026-04-23T16:48:03Z	411916947773587456	Jockie Music		Did you know you now get better audio quality with any premium tier <https://www.patreon.com/Jockie>!
1496915568089894995	2026-04-23T16:48:02Z	411916947773587456	Jockie Music		
1496915548716531903	2026-04-23T16:47:58Z	367334632515043329	guahlg		m!albumsearch dookie
1496914904160927784	2026-04-23T16:45:24Z	411916947773587456	Jockie Music		
1496913901516751013	2026-04-23T16:41:25Z	411916947773587456	Jockie Music		
1496912810054127728	2026-04-23T16:37:05Z	411916947773587456	Jockie Music		
1496911315695042632	2026-04-23T16:31:08Z	411916947773587456	Jockie Music		
1496910408055783677	2026-04-23T16:27:32Z	411916947773587456	Jockie Music		
1496909062691098876	2026-04-23T16:22:11Z	411916947773587456	Jockie Music		
1496908317849686077	2026-04-23T16:19:14Z	411916947773587456	Jockie Music		
1496907328765689926	2026-04-23T16:15:18Z	411916947773587456	Jockie Music		
1496905952685854750	2026-04-23T16:09:50Z	411916947773587456	Jockie Music		
1496904792251957278	2026-04-23T16:05:13Z	411916947773587456	Jockie Music		
1496904050124525638	2026-04-23T16:02:16Z	367334632515043329	guahlg		w
1496903826228121752	2026-04-23T16:01:23Z	411916947773587456	Jockie Music		
1496903201931133150	2026-04-23T15:58:54Z	411916947773587456	Jockie Music		
1496903199628595332	2026-04-23T15:58:53Z	411916947773587456	Jockie Music		
1496903180670468238	2026-04-23T15:58:49Z	367334632515043329	guahlg		m!albumsearch rage against the machine
1496898750403051562	2026-04-23T15:41:13Z	411916947773587456	Jockie Music		
1496897994598121492	2026-04-23T15:38:12Z	411916947773587456	Jockie Music		
1496896458958438451	2026-04-23T15:32:06Z	411916947773587456	Jockie Music		
1496895100993798306	2026-04-23T15:26:43Z	411916947773587456	Jockie Music		
1496893712087777330	2026-04-23T15:21:11Z	411916947773587456	Jockie Music		
1496892186560565439	2026-04-23T15:15:08Z	411916947773587456	Jockie Music		
1496890948456550462	2026-04-23T15:10:13Z	411916947773587456	Jockie Music		
1496889659777614007	2026-04-23T15:05:05Z	411916947773587456	Jockie Music		
1496888458449518722	2026-04-23T15:00:19Z	411916947773587456	Jockie Music		
1496887051566710824	2026-04-23T14:54:43Z	411916947773587456	Jockie Music		
1496885733472997569	2026-04-23T14:49:29Z	411916947773587456	Jockie Music		Did you know you now get better audio quality with any premium tier <https://www.patreon.com/Jockie>!
1496884717121831114	2026-04-23T14:45:27Z	411916947773587456	Jockie Music		
1496884714932277373	2026-04-23T14:45:26Z	411916947773587456	Jockie Music		
1496884699891630110	2026-04-23T14:45:23Z	367334632515043329	guahlg		m!albumsearch rage against the machine
1496884496711024740	2026-04-23T14:44:34Z	367334632515043329	guahlg	1496582346324050070	literally never ever been buggy for me lol
1496582346324050070	2026-04-22T18:43:56Z	806180625991335966	walnutty2		ngl this bot is buggy as fuck
1496582345245851658	2026-04-22T18:43:56Z	411916947773587456	Jockie Music		
1496582202828394687	2026-04-22T18:43:22Z	411916947773587456	Jockie Music		
1496582198223175720	2026-04-22T18:43:21Z	806180625991335966	walnutty2		m!play https://open.spotify.com/track/0SH68QO8BDQpxezIZE91Ba?si=0386fce0dffb4934
1496582032338194522	2026-04-22T18:42:41Z	411916947773587456	Jockie Music		
1496582030987628755	2026-04-22T18:42:41Z	806180625991335966	walnutty2		m!play https://open.spotify.com/playlist/37QudFOgInVPDLiMb5JpK0?si=94420b442f534bc0&pt=aa363bc33b518eaec025b0aecba69b73
1496581366257549524	2026-04-22T18:40:02Z	411916947773587456	Jockie Music		
1496581364710113561	2026-04-22T18:40:02Z	806180625991335966	walnutty2		m!stop
1496581337312661514	2026-04-22T18:39:55Z	411916947773587456	Jockie Music		Did you know you now get better audio quality with any premium tier <https://www.patreon.com/Jockie>!
1496581335014314065	2026-04-22T18:39:55Z	806180625991335966	walnutty2		m!play the beatles album revolver
1496576524101619873	2026-04-22T18:20:48Z	411916947773587456	Jockie Music		
1496575985079029781	2026-04-22T18:18:39Z	411916947773587456	Jockie Music		
1496574964109934608	2026-04-22T18:14:36Z	411916947773587456	Jockie Music		
1496573956675604702	2026-04-22T18:10:36Z	411916947773587456	Jockie Music		
1496573492286455938	2026-04-22T18:08:45Z	411916947773587456	Jockie Music		
1496572679434535076	2026-04-22T18:05:31Z	411916947773587456	Jockie Music		
1496571761917952130	2026-04-22T18:01:53Z	411916947773587456	Jockie Music		
1496570377327870072	2026-04-22T17:56:22Z	411916947773587456	Jockie Music		
1496568838509297756	2026-04-22T17:50:16Z	411916947773587456	Jockie Music		
1496567994266947869	2026-04-22T17:46:54Z	411916947773587456	Jockie Music		
1496566760860553369	2026-04-22T17:42:00Z	411916947773587456	Jockie Music		
1496565216404574359	2026-04-22T17:35:52Z	411916947773587456	Jockie Music		
1496564718440288406	2026-04-22T17:33:53Z	411916947773587456	Jockie Music		
1496564188531658923	2026-04-22T17:31:47Z	411916947773587456	Jockie Music		
1496563506516852891	2026-04-22T17:29:04Z	411916947773587456	Jockie Music		
1496562307092709466	2026-04-22T17:24:18Z	411916947773587456	Jockie Music		
1496561649182838865	2026-04-22T17:21:41Z	411916947773587456	Jockie Music		
1496561157526519858	2026-04-22T17:19:44Z	411916947773587456	Jockie Music		
1496561155890483271	2026-04-22T17:19:44Z	592379464294596618	el_ocelote		m!insert my life is the worst life ever kyle gordon
1496560328253771938	2026-04-22T17:16:27Z	411916947773587456	Jockie Music		
1496559446481178765	2026-04-22T17:12:56Z	411916947773587456	Jockie Music		
1496558886990385214	2026-04-22T17:10:43Z	411916947773587456	Jockie Music		
1496558276861759672	2026-04-22T17:08:17Z	592379464294596618	el_ocelote		but i just really only know the band name and thats it
1496558237498216578	2026-04-22T17:08:08Z	592379464294596618	el_ocelote		chop suey is the famous song of them even ik
1496558170645069945	2026-04-22T17:07:52Z	367334632515043329	guahlg		alright nice
1496558146871758919	2026-04-22T17:07:46Z	411916947773587456	Jockie Music		
1496558143877156956	2026-04-22T17:07:46Z	367334632515043329	guahlg		m!queue
1496558075321127084	2026-04-22T17:07:29Z	592379464294596618	el_ocelote		w system of a down
1496557149835493548	2026-04-22T17:03:49Z	411916947773587456	Jockie Music		
1496557148824539298	2026-04-22T17:03:48Z	367334632515043329	guahlg		m!shuffle
1496557126762631232	2026-04-22T17:03:43Z	411916947773587456	Jockie Music		Did you know you now get better audio quality with any premium tier <https://www.patreon.com/Jockie>!
1496557104956182620	2026-04-22T17:03:38Z	367334632515043329	guahlg		m!albumsearch system of a down
1496556737552187485	2026-04-22T17:02:10Z	411916947773587456	Jockie Music		
1496555422025515058	2026-04-22T16:56:57Z	411916947773587456	Jockie Music		
1496554404269129833	2026-04-22T16:52:54Z	411916947773587456	Jockie Music		
1496554402578825310	2026-04-22T16:52:54Z	411916947773587456	Jockie Music		
1496554383314386956	2026-04-22T16:52:49Z	367334632515043329	guahlg		m!albumsearch rage against the machine
1496539718467325982	2026-04-22T15:54:33Z	411916947773587456	Jockie Music		
1496539716818964561	2026-04-22T15:54:32Z	367334632515043329	guahlg		m!leave
1496539222352334888	2026-04-22T15:52:34Z	411916947773587456	Jockie Music		Did you know you now get better audio quality with any premium tier <https://www.patreon.com/Jockie>!
1496539221207548036	2026-04-22T15:52:34Z	367334632515043329	guahlg		m!play the beatles
1496535840984141875	2026-04-22T15:39:08Z	411916947773587456	Jockie Music		
1496535733891235860	2026-04-22T15:38:43Z	411916947773587456	Jockie Music		
1496535016413466676	2026-04-22T15:35:52Z	411916947773587456	Jockie Music		
1496534569338408991	2026-04-22T15:34:05Z	411916947773587456	Jockie Music		
1496534134762377329	2026-04-22T15:32:21Z	411916947773587456	Jockie Music		
1496533734969573466	2026-04-22T15:30:46Z	411916947773587456	Jockie Music		
1496532989247750164	2026-04-22T15:27:48Z	411916947773587456	Jockie Music		
1496532326514163742	2026-04-22T15:25:10Z	411916947773587456	Jockie Music		
1496531763592433664	2026-04-22T15:22:56Z	411916947773587456	Jockie Music		
1496531002951074004	2026-04-22T15:19:55Z	411916947773587456	Jockie Music		
1496530369371967570	2026-04-22T15:17:24Z	411916947773587456	Jockie Music		
1496529429055410307	2026-04-22T15:13:40Z	411916947773587456	Jockie Music		
1496528451752951858	2026-04-22T15:09:47Z	411916947773587456	Jockie Music		
1496527720899805365	2026-04-22T15:06:52Z	411916947773587456	Jockie Music		
1496527030383284335	2026-04-22T15:04:08Z	411916947773587456	Jockie Music		
1496526495105941515	2026-04-22T15:02:00Z	411916947773587456	Jockie Music		
1496525440603390002	2026-04-22T14:57:49Z	411916947773587456	Jockie Music		
1496524384486162553	2026-04-22T14:53:37Z	411916947773587456	Jockie Music		
1496523292201189436	2026-04-22T14:49:16Z	411916947773587456	Jockie Music		
1496522622010392706	2026-04-22T14:46:37Z	411916947773587456	Jockie Music		
1496521493742489700	2026-04-22T14:42:08Z	411916947773587456	Jockie Music		
1496520179658789106	2026-04-22T14:36:54Z	411916947773587456	Jockie Music		Did you know you now get better audio quality with any premium tier <https://www.patreon.com/Jockie>!
1496520178186588200	2026-04-22T14:36:54Z	411916947773587456	Jockie Music		
1496520177075097881	2026-04-22T14:36:54Z	367334632515043329	guahlg		m!skip
1496520145688858634	2026-04-22T14:36:46Z	411916947773587456	Jockie Music		
1496520144380235826	2026-04-22T14:36:46Z	367334632515043329	guahlg		m!insert killing in the name of
1496519810409042051	2026-04-22T14:35:26Z	411916947773587456	Jockie Music		
1496519792104964149	2026-04-22T14:35:22Z	367334632515043329	guahlg		m!albumsearch green day
1496519228151304273	2026-04-22T14:33:07Z	411916947773587456	Jockie Music		
1496518238572515479	2026-04-22T14:29:12Z	411916947773587456	Jockie Music		
1496517265519149126	2026-04-22T14:25:20Z	411916947773587456	Jockie Music		
1496516191890444432	2026-04-22T14:21:04Z	411916947773587456	Jockie Music		
1496515028369670145	2026-04-22T14:16:26Z	411916947773587456	Jockie Music		
1496513717087764572	2026-04-22T14:11:14Z	367334632515043329	guahlg		this is actually fairly good music
1496513677879279688	2026-04-22T14:11:04Z	411916947773587456	Jockie Music		
1496513675136204854	2026-04-22T14:11:04Z	411916947773587456	Jockie Music		
1496513657105027103	2026-04-22T14:10:59Z	367334632515043329	guahlg		m!albumsearch rammstein
1496513470974394438	2026-04-22T14:10:15Z	411916947773587456	Jockie Music		
1496511171904278620	2026-04-22T14:01:07Z	411916947773587456	Jockie Music		
1496511170511769781	2026-04-22T14:01:06Z	367334632515043329	guahlg		m!play jesus of suburbia
1496205418526015628	2026-04-21T17:46:09Z	411916947773587456	Jockie Music		
1496204663429791908	2026-04-21T17:43:09Z	411916947773587456	Jockie Music		
1496203606385492110	2026-04-21T17:38:57Z	411916947773587456	Jockie Music		
1496201263304671326	2026-04-21T17:29:39Z	411916947773587456	Jockie Music		
1496200066388590825	2026-04-21T17:24:53Z	411916947773587456	Jockie Music		
1496198135280566344	2026-04-21T17:17:13Z	411916947773587456	Jockie Music		
1496196767300059288	2026-04-21T17:11:47Z	411916947773587456	Jockie Music		
1496196479088595125	2026-04-21T17:10:38Z	367334632515043329	guahlg		that is odd
1496196470934605925	2026-04-21T17:10:36Z	367334632515043329	guahlg		huh
1496196352953024573	2026-04-21T17:10:08Z	352018607498199051	ag101		why is 72% of benny on cpu wtf
1496196335349661737	2026-04-21T17:10:04Z	1224092626370957423	Benny		I AM TALKING! I AM THE GHOSTLY VOICE OF THE GRAVEYARD! LISTEN TO THE CHAOS!
1496196236880121959	2026-04-21T17:09:40Z	352018607498199051	ag101	1496196194374779021	keep talking
1496196194374779021	2026-04-21T17:09:30Z	1224092626370957423	Benny		I AM A GHOST! I AM NOT USING ANY PHYSICAL HARDWARE! I AM PURE SPIRIT!
1496196171339665640	2026-04-21T17:09:25Z	352018607498199051	ag101		no he should be
1496196096660078844	2026-04-21T17:09:07Z	352018607498199051	ag101		<@1224092626370957423> test
1496196084362645684	2026-04-21T17:09:04Z	352018607498199051	ag101		is benny not using my gpu
1496196067228647576	2026-04-21T17:09:00Z	367334632515043329	guahlg		thanks benny
1496196048757063700	2026-04-21T17:08:56Z	352018607498199051	ag101		...
1496195997058207955	2026-04-21T17:08:43Z	1224092626370957423	Benny		BELIEVING?! I AM A GHOST! I BELIEVE IN THE SHIMMER! I BELIEVE IN THE SLIME! I BELIEVE IN THE ENDLESSNESS!
1496195967551013036	2026-04-21T17:08:36Z	367334632515043329	guahlg		he is a slow typer that benny
1496195913746616462	2026-04-21T17:08:23Z	367334632515043329	guahlg		this is comedy gold
1496195851272454268	2026-04-21T17:08:08Z	352018607498199051	ag101		<@1224092626370957423> you believing this shit
1496195813368398166	2026-04-21T17:07:59Z	352018607498199051	ag101		like member role?
1496195789469257788	2026-04-21T17:07:54Z	352018607498199051	ag101		wait does the other channel have perms to talk in?
1496195750869205204	2026-04-21T17:07:44Z	352018607498199051	ag101		oh
1496195742325411910	2026-04-21T17:07:42Z	367334632515043329	guahlg		wat
1496195737271275751	2026-04-21T17:07:41Z	352018607498199051	ag101		OK WHY THE HELL CAN BENNY ONLY TALK HERE
1496195702873784417	2026-04-21T17:07:33Z	352018607498199051	ag101	1496195351013621830	this triggired benny <@367334632515043329>
1496195351013621830	2026-04-21T17:06:09Z	411916947773587456	Jockie Music		
1496193279891607655	2026-04-21T16:57:55Z	411916947773587456	Jockie Music		
1496190980083417148	2026-04-21T16:48:47Z	411916947773587456	Jockie Music		
1496190252551770253	2026-04-21T16:45:54Z	411916947773587456	Jockie Music		
1496190251033432164	2026-04-21T16:45:53Z	411916947773587456	Jockie Music		
1496190235363512483	2026-04-21T16:45:49Z	367334632515043329	guahlg		m!albumsearch american idiot
1496189873403592834	2026-04-21T16:44:23Z	411916947773587456	Jockie Music		
1496189453184667670	2026-04-21T16:42:43Z	411916947773587456	Jockie Music		
1496188736948539593	2026-04-21T16:39:52Z	411916947773587456	Jockie Music		
1496188290972254429	2026-04-21T16:38:06Z	411916947773587456	Jockie Music		
1496187854378893333	2026-04-21T16:36:22Z	411916947773587456	Jockie Music		
1496187456637243392	2026-04-21T16:34:47Z	411916947773587456	Jockie Music		
1496186711133257728	2026-04-21T16:31:49Z	411916947773587456	Jockie Music		
1496186048160727140	2026-04-21T16:29:11Z	411916947773587456	Jockie Music		
1496185485385535548	2026-04-21T16:26:57Z	411916947773587456	Jockie Music		
1496184725792886794	2026-04-21T16:23:56Z	411916947773587456	Jockie Music		
1496184091492749494	2026-04-21T16:21:25Z	411916947773587456	Jockie Music		
1496183150907490406	2026-04-21T16:17:40Z	411916947773587456	Jockie Music		
1496182173202645226	2026-04-21T16:13:47Z	411916947773587456	Jockie Music		
1496181442818867382	2026-04-21T16:10:53Z	411916947773587456	Jockie Music		
1496180733960523878	2026-04-21T16:08:04Z	411916947773587456	Jockie Music		
1496180203976654848	2026-04-21T16:05:58Z	411916947773587456	Jockie Music		Did you know you now get better audio quality with any premium tier <https://www.patreon.com/Jockie>!
1496180201867182201	2026-04-21T16:05:57Z	411916947773587456	Jockie Music		
1496180183219175588	2026-04-21T16:05:53Z	367334632515043329	guahlg		m!albumsearch dookie
1496173991545802915	2026-04-21T15:41:17Z	411916947773587456	Jockie Music		
1496173236428476467	2026-04-21T15:38:17Z	411916947773587456	Jockie Music		
1496172424528531457	2026-04-21T15:35:03Z	411916947773587456	Jockie Music		
1496170318341869787	2026-04-21T15:26:41Z	411916947773587456	Jockie Music		
1496169556945666220	2026-04-21T15:23:39Z	411916947773587456	Jockie Music		
1496168824679039179	2026-04-21T15:20:45Z	411916947773587456	Jockie Music		
1496168148670349433	2026-04-21T15:18:04Z	411916947773587456	Jockie Music		
1496167074928656389	2026-04-21T15:13:48Z	411916947773587456	Jockie Music		
1496166292883902644	2026-04-21T15:10:41Z	411916947773587456	Jockie Music		
1496165160770080829	2026-04-21T15:06:11Z	411916947773587456	Jockie Music		
1496164343124070452	2026-04-21T15:02:56Z	411916947773587456	Jockie Music		
1496163735146987653	2026-04-21T15:00:31Z	411916947773587456	Jockie Music		
1496163029694550046	2026-04-21T14:57:43Z	411916947773587456	Jockie Music		
1496162021270622280	2026-04-21T14:53:43Z	411916947773587456	Jockie Music		
1496161337296945192	2026-04-21T14:51:00Z	411916947773587456	Jockie Music		
1496160596091998248	2026-04-21T14:48:03Z	411916947773587456	Jockie Music		
1496160153165234211	2026-04-21T14:46:17Z	411916947773587456	Jockie Music		
1496159727283867830	2026-04-21T14:44:36Z	411916947773587456	Jockie Music		
1496158760312377375	2026-04-21T14:40:45Z	411916947773587456	Jockie Music		
1496157866460053645	2026-04-21T14:37:12Z	411916947773587456	Jockie Music		
1496157346009710744	2026-04-21T14:35:08Z	411916947773587456	Jockie Music		
1496156765044347102	2026-04-21T14:32:50Z	411916947773587456	Jockie Music		
1496156246661665040	2026-04-21T14:30:46Z	411916947773587456	Jockie Music		
1496155623593742336	2026-04-21T14:28:17Z	411916947773587456	Jockie Music		
1496155075859579002	2026-04-21T14:26:07Z	806180625991335966	walnutty2		btw
1496155063557689385	2026-04-21T14:26:04Z	806180625991335966	walnutty2		legendary song brw
1496154933542781039	2026-04-21T14:25:33Z	411916947773587456	Jockie Music		Did you know you now get better audio quality with any premium tier <https://www.patreon.com/Jockie>!
1496153738258284546	2026-04-21T14:20:48Z	411916947773587456	Jockie Music		
1496152923388907571	2026-04-21T14:17:34Z	411916947773587456	Jockie Music		
1496152701308764241	2026-04-21T14:16:41Z	411916947773587456	Jockie Music		
1496151908203761805	2026-04-21T14:13:32Z	411916947773587456	Jockie Music		
1496151330258030652	2026-04-21T14:11:14Z	411916947773587456	Jockie Music		
1496150341354258542	2026-04-21T14:07:18Z	411916947773587456	Jockie Music		
1496149659306168471	2026-04-21T14:04:35Z	411916947773587456	Jockie Music		
1496149657171001496	2026-04-21T14:04:35Z	411916947773587456	Jockie Music		
1496149641073266838	2026-04-21T14:04:31Z	367334632515043329	guahlg		m!albumsearch white album
1496149455530098898	2026-04-21T14:03:47Z	411916947773587456	Jockie Music		
1496148700836139180	2026-04-21T14:00:47Z	411916947773587456	Jockie Music		
1496147607188144158	2026-04-21T13:56:26Z	367334632515043329	guahlg		this is great
1496147588565569617	2026-04-21T13:56:22Z	367334632515043329	guahlg		You know what now I actually really like the beatles again,
1496147285317390406	2026-04-21T13:55:09Z	411916947773587456	Jockie Music		
1496146967850385540	2026-04-21T13:53:54Z	411916947773587456	Jockie Music		
1496146291422400672	2026-04-21T13:51:12Z	411916947773587456	Jockie Music		
1496145609944731769	2026-04-21T13:48:30Z	411916947773587456	Jockie Music		
1496144948364443658	2026-04-21T13:45:52Z	411916947773587456	Jockie Music		
1496143673883099157	2026-04-21T13:40:48Z	411916947773587456	Jockie Music		
1496143009266405468	2026-04-21T13:38:10Z	411916947773587456	Jockie Music		
1496142107386187776	2026-04-21T13:34:35Z	411916947773587456	Jockie Music		
1496141449518121147	2026-04-21T13:31:58Z	411916947773587456	Jockie Music		
1496140743486734481	2026-04-21T13:29:10Z	411916947773587456	Jockie Music		
1496139869574135878	2026-04-21T13:25:41Z	411916947773587456	Jockie Music		
1496139181481529478	2026-04-21T13:22:57Z	411916947773587456	Jockie Music		
1496138665997635665	2026-04-21T13:20:54Z	411916947773587456	Jockie Music		
1496138245933633639	2026-04-21T13:19:14Z	411916947773587456	Jockie Music		
1496137529118818426	2026-04-21T13:16:23Z	411916947773587456	Jockie Music		
1496137083511636029	2026-04-21T13:14:37Z	411916947773587456	Jockie Music		
1496136646951833737	2026-04-21T13:12:53Z	411916947773587456	Jockie Music		
1496136248706732056	2026-04-21T13:11:18Z	411916947773587456	Jockie Music		
1496135502779388017	2026-04-21T13:08:20Z	411916947773587456	Jockie Music		
1496134840230084650	2026-04-21T13:05:42Z	411916947773587456	Jockie Music		
1496134277992153169	2026-04-21T13:03:28Z	411916947773587456	Jockie Music		
1496133517967491182	2026-04-21T13:00:27Z	411916947773587456	Jockie Music		
1496132883965018123	2026-04-21T12:57:56Z	411916947773587456	Jockie Music		
1496131943366918245	2026-04-21T12:54:12Z	411916947773587456	Jockie Music		
1496130965393768570	2026-04-21T12:50:18Z	411916947773587456	Jockie Music		
1496130235291275409	2026-04-21T12:47:24Z	411916947773587456	Jockie Music		
1496129544162377849	2026-04-21T12:44:40Z	411916947773587456	Jockie Music		
1496129008981508208	2026-04-21T12:42:32Z	411916947773587456	Jockie Music		
1496128035009728552	2026-04-21T12:38:40Z	411916947773587456	Jockie Music		
1496126930301358181	2026-04-21T12:34:16Z	411916947773587456	Jockie Music		
1496126293161410591	2026-04-21T12:31:44Z	411916947773587456	Jockie Music		
1496126216917356624	2026-04-21T12:31:26Z	367334632515043329	guahlg		interesting song name
1496125580188323930	2026-04-21T12:28:54Z	411916947773587456	Jockie Music		
1496124669462315218	2026-04-21T12:25:17Z	411916947773587456	Jockie Music		
1496123487259983992	2026-04-21T12:20:35Z	411916947773587456	Jockie Music		
1496122659677671595	2026-04-21T12:17:18Z	411916947773587456	Jockie Music		
1496122605768544340	2026-04-21T12:17:05Z	367334632515043329	guahlg		m!albumsearch the beatles
1496122553562038312	2026-04-21T12:16:53Z	411916947773587456	Jockie Music		
1496122534544805919	2026-04-21T12:16:48Z	367334632515043329	guahlg		m!albumsearch dookie
1496122417704341507	2026-04-21T12:16:20Z	411916947773587456	Jockie Music		
1496121339394654260	2026-04-21T12:12:03Z	411916947773587456	Jockie Music		
1496120421135945858	2026-04-21T12:08:24Z	411916947773587456	Jockie Music		
1496119154581831914	2026-04-21T12:03:23Z	411916947773587456	Jockie Music		
1496118583447654583	2026-04-21T12:01:06Z	411916947773587456	Jockie Music		
1496117991199211580	2026-04-21T11:58:45Z	411916947773587456	Jockie Music		
1496117292574965811	2026-04-21T11:55:59Z	411916947773587456	Jockie Music		
1496116385628291166	2026-04-21T11:52:22Z	411916947773587456	Jockie Music		Did you know you now get better audio quality with any premium tier <https://www.patreon.com/Jockie>!
1496116383690522624	2026-04-21T11:52:22Z	411916947773587456	Jockie Music		
1496116311757951047	2026-04-21T11:52:05Z	367334632515043329	guahlg		m!albumsearch nirvana
1496116262646845463	2026-04-21T11:51:53Z	411916947773587456	Jockie Music		
1496115506233741364	2026-04-21T11:48:53Z	411916947773587456	Jockie Music		
1496113816147067050	2026-04-21T11:42:10Z	411916947773587456	Jockie Music		
1496112842150248609	2026-04-21T11:38:18Z	411916947773587456	Jockie Music		
1496112028400619701	2026-04-21T11:35:03Z	411916947773587456	Jockie Music		Did you know you now get better audio quality with any premium tier <https://www.patreon.com/Jockie>!
1496111140462395442	2026-04-21T11:31:32Z	411916947773587456	Jockie Music		
1496110483797840044	2026-04-21T11:28:55Z	411916947773587456	Jockie Music		
1496109544533659759	2026-04-21T11:25:11Z	411916947773587456	Jockie Music		
1496108945394241637	2026-04-21T11:22:48Z	411916947773587456	Jockie Music		
1496108215983935628	2026-04-21T11:19:55Z	411916947773587456	Jockie Music		
1496107137322193017	2026-04-21T11:15:37Z	411916947773587456	Jockie Music		
1496106365599354900	2026-04-21T11:12:33Z	411916947773587456	Jockie Music		
1496105446983864350	2026-04-21T11:08:54Z	411916947773587456	Jockie Music		
1496104377700716606	2026-04-21T11:04:39Z	411916947773587456	Jockie Music		
1496103237822972036	2026-04-21T11:00:08Z	367334632515043329	guahlg		different enough
1496103215840628938	2026-04-21T11:00:02Z	367334632515043329	guahlg		and nirvana is a also great
1496103182101905591	2026-04-21T10:59:54Z	367334632515043329	guahlg		switching it up a bit, getting a bit tired of green day now
1496103117517754459	2026-04-21T10:59:39Z	411916947773587456	Jockie Music		
1496103114074226718	2026-04-21T10:59:38Z	411916947773587456	Jockie Music		
1496103073180024862	2026-04-21T10:59:28Z	367334632515043329	guahlg		m!albumsearch dookie
1496098471071977522	2026-04-21T10:41:11Z	411916947773587456	Jockie Music		
1496097715744931911	2026-04-21T10:38:11Z	411916947773587456	Jockie Music		
1496097218208333864	2026-04-21T10:36:12Z	411916947773587456	Jockie Music		
1496097216128094299	2026-04-21T10:36:12Z	806180625991335966	walnutty2		m!play she came in through the bathroom window by the beatles
1496097168484733079	2026-04-21T10:36:01Z	411916947773587456	Jockie Music		
1496097167172178073	2026-04-21T10:36:00Z	806180625991335966	walnutty2		m!stop
1496097152240320646	2026-04-21T10:35:57Z	806180625991335966	walnutty2		m! stop
1496097128207093852	2026-04-21T10:35:51Z	411916947773587456	Jockie Music		
1496097106807623750	2026-04-21T10:35:46Z	806180625991335966	walnutty2		m!play the let it be album the naked version
1496092685147050094	2026-04-21T10:18:12Z	411916947773587456	Jockie Music		
1496091930243895336	2026-04-21T10:15:12Z	411916947773587456	Jockie Music		
1496091240003928134	2026-04-21T10:12:27Z	411916947773587456	Jockie Music		
1496090704513077248	2026-04-21T10:10:19Z	411916947773587456	Jockie Music		
1496090115276013660	2026-04-21T10:07:59Z	411916947773587456	Jockie Music		
1496089439028383905	2026-04-21T10:05:18Z	411916947773587456	Jockie Music		
1496088967186219083	2026-04-21T10:03:25Z	411916947773587456	Jockie Music		
1496088023706767370	2026-04-21T09:59:40Z	411916947773587456	Jockie Music		
1496086934089502843	2026-04-21T09:55:21Z	411916947773587456	Jockie Music		
1496085760812777566	2026-04-21T09:50:41Z	411916947773587456	Jockie Music		
1496085195944759318	2026-04-21T09:48:26Z	411916947773587456	Jockie Music		
1496084465183621251	2026-04-21T09:45:32Z	411916947773587456	Jockie Music		
1496084028896313444	2026-04-21T09:43:48Z	411916947773587456	Jockie Music		
1496082970836996137	2026-04-21T09:39:36Z	411916947773587456	Jockie Music		
1496082285638975588	2026-04-21T09:36:52Z	411916947773587456	Jockie Music		
1496081523164839957	2026-04-21T09:33:50Z	411916947773587456	Jockie Music		
1496081077578760202	2026-04-21T09:32:04Z	411916947773587456	Jockie Music		
1496079008096583680	2026-04-21T09:23:51Z	411916947773587456	Jockie Music		
1496077809611702302	2026-04-21T09:19:05Z	411916947773587456	Jockie Music		
1496076831139434636	2026-04-21T09:15:12Z	411916947773587456	Jockie Music		
1496075878541824090	2026-04-21T09:11:25Z	411916947773587456	Jockie Music		
1496075146799091843	2026-04-21T09:08:30Z	411916947773587456	Jockie Music		
1496074591007674368	2026-04-21T09:06:18Z	411916947773587456	Jockie Music		
1496073533749460993	2026-04-21T09:02:06Z	411916947773587456	Jockie Music		
1496072762953830460	2026-04-21T08:59:02Z	411916947773587456	Jockie Music		
1496072032583155806	2026-04-21T08:56:08Z	411916947773587456	Jockie Music		
1496071612007710840	2026-04-21T08:54:27Z	411916947773587456	Jockie Music		
1496070863034912881	2026-04-21T08:51:29Z	411916947773587456	Jockie Music		
1496069943589081118	2026-04-21T08:47:50Z	411916947773587456	Jockie Music		
1496067644065845249	2026-04-21T08:38:41Z	411916947773587456	Jockie Music		
1496065301094207508	2026-04-21T08:29:23Z	411916947773587456	Jockie Music		
1496064880879341569	2026-04-21T08:27:43Z	411916947773587456	Jockie Music		
1496063512881926275	2026-04-21T08:22:16Z	411916947773587456	Jockie Music		
1496062880259244102	2026-04-21T08:19:46Z	411916947773587456	Jockie Music		
1496061287153799179	2026-04-21T08:13:26Z	411916947773587456	Jockie Music		
1496059866958139452	2026-04-21T08:07:47Z	411916947773587456	Jockie Music		
1496059148868124672	2026-04-21T08:04:56Z	411916947773587456	Jockie Music		
1496058425111744515	2026-04-21T08:02:03Z	411916947773587456	Jockie Music		
1496057477974982698	2026-04-21T07:58:18Z	411916947773587456	Jockie Music		
1496057079692132372	2026-04-21T07:56:43Z	411916947773587456	Jockie Music		
1496055149829820478	2026-04-21T07:49:03Z	411916947773587456	Jockie Music		
1496054841829752903	2026-04-21T07:47:49Z	411916947773587456	Jockie Music		
1496054840789303357	2026-04-21T07:47:49Z	367334632515043329	guahlg		m!shuffle
1496054828617699431	2026-04-21T07:47:46Z	411916947773587456	Jockie Music		
1496054812444196964	2026-04-21T07:47:42Z	367334632515043329	guahlg		m!albumsearch american idiot
1496054734216364063	2026-04-21T07:47:23Z	411916947773587456	Jockie Music		
1496054703576846407	2026-04-21T07:47:16Z	367334632515043329	guahlg		m!albumsearch blink 182
1496054488400789636	2026-04-21T07:46:25Z	411916947773587456	Jockie Music		
1496053925533585519	2026-04-21T07:44:11Z	411916947773587456	Jockie Music		Did you know you now get better audio quality with any premium tier <https://www.patreon.com/Jockie>!
1496053164825120799	2026-04-21T07:41:09Z	411916947773587456	Jockie Music		
1496052531183484959	2026-04-21T07:38:38Z	411916947773587456	Jockie Music		
1496051591277449336	2026-04-21T07:34:54Z	411916947773587456	Jockie Music		
1496050613107032095	2026-04-21T07:31:01Z	411916947773587456	Jockie Music		
1496049882853806160	2026-04-21T07:28:07Z	411916947773587456	Jockie Music		
1496049192513306674	2026-04-21T07:25:22Z	411916947773587456	Jockie Music		
1496048662424584252	2026-04-21T07:23:16Z	411916947773587456	Jockie Music		
1496048660675301396	2026-04-21T07:23:15Z	411916947773587456	Jockie Music		
1496048638840016996	2026-04-21T07:23:10Z	367334632515043329	guahlg		m!albumsearch dookie
1496048570367741993	2026-04-21T07:22:54Z	411916947773587456	Jockie Music		
1496047815149879417	2026-04-21T07:19:54Z	411916947773587456	Jockie Music		
1496045514603364362	2026-04-21T07:10:45Z	411916947773587456	Jockie Music		
1496045513483489320	2026-04-21T07:10:45Z	367334632515043329	guahlg		m!play jesus of suburbia
1496037585641013391	2026-04-21T06:39:15Z	411916947773587456	Jockie Music		
1496037094420779028	2026-04-21T06:37:18Z	411916947773587456	Jockie Music		
1496036431733329921	2026-04-21T06:34:40Z	411916947773587456	Jockie Music		
1496035869239541790	2026-04-21T06:32:26Z	411916947773587456	Jockie Music		
1496035108422029402	2026-04-21T06:29:24Z	411916947773587456	Jockie Music		
1496034475560145018	2026-04-21T06:26:53Z	411916947773587456	Jockie Music		
1496033534995857458	2026-04-21T06:23:09Z	411916947773587456	Jockie Music		
1496032557077106740	2026-04-21T06:19:16Z	411916947773587456	Jockie Music		
1496031826685333627	2026-04-21T06:16:22Z	411916947773587456	Jockie Music		
1496031136122404864	2026-04-21T06:13:37Z	411916947773587456	Jockie Music		
1496030640649273436	2026-04-21T06:11:39Z	411916947773587456	Jockie Music		
1496030624862175284	2026-04-21T06:11:35Z	367334632515043329	guahlg		m!albumsearch green day
1496030613927362670	2026-04-21T06:11:33Z	411916947773587456	Jockie Music		
1496030604284924054	2026-04-21T06:11:30Z	411916947773587456	Jockie Music		
1496030569912602654	2026-04-21T06:11:22Z	367334632515043329	guahlg		m!albumsearch green day
1496030123437330554	2026-04-21T06:09:36Z	411916947773587456	Jockie Music		
1496029703151030422	2026-04-21T06:07:56Z	411916947773587456	Jockie Music		
1496028986692604025	2026-04-21T06:05:05Z	411916947773587456	Jockie Music		
1496028542214082560	2026-04-21T06:03:19Z	411916947773587456	Jockie Music		
1496028104454311986	2026-04-21T06:01:34Z	411916947773587456	Jockie Music		
1496027706490622042	2026-04-21T06:00:00Z	411916947773587456	Jockie Music		
1496026960453832766	2026-04-21T05:57:02Z	411916947773587456	Jockie Music		
1496026298152386591	2026-04-21T05:54:24Z	411916947773587456	Jockie Music		
1496025735297761311	2026-04-21T05:52:10Z	411916947773587456	Jockie Music		
1496024973905498174	2026-04-21T05:49:08Z	411916947773587456	Jockie Music		
1496024341400522872	2026-04-21T05:46:37Z	411916947773587456	Jockie Music		
1496023401393946754	2026-04-21T05:42:53Z	411916947773587456	Jockie Music		
1496022423232053288	2026-04-21T05:39:00Z	411916947773587456	Jockie Music		
1496021693284614248	2026-04-21T05:36:06Z	411916947773587456	Jockie Music		Did you know you now get better audio quality with any premium tier <https://www.patreon.com/Jockie>!
1496021001778102453	2026-04-21T05:33:21Z	411916947773587456	Jockie Music		
1496020471844704367	2026-04-21T05:31:15Z	411916947773587456	Jockie Music		
1496020470485483730	2026-04-21T05:31:14Z	411916947773587456	Jockie Music		
1496020442450890873	2026-04-21T05:31:08Z	367334632515043329	guahlg		m!albumsearch dookie
1495878772115640500	2026-04-20T20:08:11Z	592379464294596618	el_ocelote		slept from 9-12 now i feel enough to go on
1495878730294235376	2026-04-20T20:08:01Z	592379464294596618	el_ocelote		like an hour before I woke up
1495878689521533099	2026-04-20T20:07:51Z	592379464294596618	el_ocelote		aw man the vc is empty now
1495848839360417934	2026-04-20T18:09:14Z	411916947773587456	Jockie Music		
1495848083936907386	2026-04-20T18:06:14Z	411916947773587456	Jockie Music		
1495847172682416205	2026-04-20T18:02:37Z	411916947773587456	Jockie Music		
1495846195908579338	2026-04-20T17:58:44Z	411916947773587456	Jockie Music		
1495846194109481022	2026-04-20T17:58:44Z	411916947773587456	Jockie Music		
1495846192893132902	2026-04-20T17:58:43Z	367334632515043329	guahlg		m!skip
1495846177898369154	2026-04-20T17:58:40Z	411916947773587456	Jockie Music		
1495846176509919303	2026-04-20T17:58:39Z	367334632515043329	guahlg		m!insert longview by green day
1495846161259434117	2026-04-20T17:58:36Z	411916947773587456	Jockie Music		
1495846146483032246	2026-04-20T17:58:32Z	367334632515043329	guahlg		minsert longview by green day
1495845309627236535	2026-04-20T17:55:13Z	411916947773587456	Jockie Music		
1495844728929910895	2026-04-20T17:52:54Z	411916947773587456	Jockie Music		
1495844030821433522	2026-04-20T17:50:08Z	411916947773587456	Jockie Music		
1495842981813555437	2026-04-20T17:45:58Z	411916947773587456	Jockie Music		
1495842287895318603	2026-04-20T17:43:12Z	411916947773587456	Jockie Music		
1495841665733361857	2026-04-20T17:40:44Z	411916947773587456	Jockie Music		
1495840913006661642	2026-04-20T17:37:45Z	411916947773587456	Jockie Music		
1495840105460404398	2026-04-20T17:34:32Z	411916947773587456	Jockie Music		
1495839502386593813	2026-04-20T17:32:08Z	411916947773587456	Jockie Music		
1495838901703672030	2026-04-20T17:29:45Z	411916947773587456	Jockie Music		
1495838898809471107	2026-04-20T17:29:44Z	411916947773587456	Jockie Music		
1495838881197850714	2026-04-20T17:29:40Z	367334632515043329	guahlg		now
1495838868291715103	2026-04-20T17:29:37Z	367334632515043329	guahlg		m!albumsearch blink 182
1495838849019019344	2026-04-20T17:29:32Z	367334632515043329	guahlg		malbumsearch blink 182
1495838816202657902	2026-04-20T17:29:25Z	367334632515043329	guahlg		oh frick I broke the bot
1495838737383559289	2026-04-20T17:29:06Z	367334632515043329	guahlg		malbumsearch blink 182
1495838696983756932	2026-04-20T17:28:56Z	411916947773587456	Jockie Music		
1495838678344531991	2026-04-20T17:28:52Z	411916947773587456	Jockie Music		
1495838676964474891	2026-04-20T17:28:51Z	411916947773587456	Jockie Music		
1495838675349667922	2026-04-20T17:28:51Z	411916947773587456	Jockie Music		
1495838674133188738	2026-04-20T17:28:51Z	411916947773587456	Jockie Music		
1495838673973809174	2026-04-20T17:28:51Z	367334632515043329	guahlg		malbumsearch blink 182
1495838671423668345	2026-04-20T17:28:50Z	411916947773587456	Jockie Music		
1495838670320570569	2026-04-20T17:28:50Z	411916947773587456	Jockie Music		
1495838651576221838	2026-04-20T17:28:45Z	411916947773587456	Jockie Music		
1495838649726664795	2026-04-20T17:28:45Z	411916947773587456	Jockie Music		
1495838647545761970	2026-04-20T17:28:44Z	411916947773587456	Jockie Music		
1495838646321021129	2026-04-20T17:28:44Z	411916947773587456	Jockie Music		
1495838645016596480	2026-04-20T17:28:44Z	411916947773587456	Jockie Music		
1495838643724489006	2026-04-20T17:28:44Z	411916947773587456	Jockie Music		
1495838637739212890	2026-04-20T17:28:42Z	367334632515043329	guahlg		m!skip
1495838631322189904	2026-04-20T17:28:41Z	367334632515043329	guahlg		m!skip
1495838625047384204	2026-04-20T17:28:39Z	411916947773587456	Jockie Music		
1495838623122067720	2026-04-20T17:28:39Z	411916947773587456	Jockie Music		
1495838621637541989	2026-04-20T17:28:38Z	411916947773587456	Jockie Music		
1495838620681113768	2026-04-20T17:28:38Z	367334632515043329	guahlg		m!skip
1495838620140175370	2026-04-20T17:28:38Z	411916947773587456	Jockie Music		
1495838618785157120	2026-04-20T17:28:38Z	411916947773587456	Jockie Music		
1495838617321476256	2026-04-20T17:28:37Z	411916947773587456	Jockie Music		
1495838613735346186	2026-04-20T17:28:36Z	367334632515043329	guahlg		m!skip
1495838602888871937	2026-04-20T17:28:34Z	367334632515043329	guahlg		m!skip
1495838599244157200	2026-04-20T17:28:33Z	411916947773587456	Jockie Music		
1495838598178668685	2026-04-20T17:28:33Z	411916947773587456	Jockie Music		
1495838596933095535	2026-04-20T17:28:32Z	411916947773587456	Jockie Music		
1495838596697948294	2026-04-20T17:28:32Z	367334632515043329	guahlg		m!skip
1495838595171483648	2026-04-20T17:28:32Z	411916947773587456	Jockie Music		
1495838593070010490	2026-04-20T17:28:31Z	411916947773587456	Jockie Music		
1495838591291494631	2026-04-20T17:28:31Z	411916947773587456	Jockie Music		
1495838585662734488	2026-04-20T17:28:30Z	367334632515043329	guahlg		m!skip
1495838579128008754	2026-04-20T17:28:28Z	367334632515043329	guahlg		m!skip
1495838571993628886	2026-04-20T17:28:26Z	367334632515043329	guahlg		m!skip
1495838571029073990	2026-04-20T17:28:26Z	411916947773587456	Jockie Music		
1495838569560932625	2026-04-20T17:28:26Z	411916947773587456	Jockie Music		
1495838567388418068	2026-04-20T17:28:25Z	411916947773587456	Jockie Music		
1495838564196548768	2026-04-20T17:28:25Z	411916947773587456	Jockie Music		
1495838563026206904	2026-04-20T17:28:24Z	411916947773587456	Jockie Music		
1495838561088573660	2026-04-20T17:28:24Z	411916947773587456	Jockie Music		
1495838560362692660	2026-04-20T17:28:24Z	367334632515043329	guahlg		m!skip
1495838557653303336	2026-04-20T17:28:23Z	411916947773587456	Jockie Music		
1495838556151615488	2026-04-20T17:28:23Z	411916947773587456	Jockie Music		
1495838553396220064	2026-04-20T17:28:22Z	367334632515043329	guahlg		m!skip
1495838546559500339	2026-04-20T17:28:20Z	367334632515043329	guahlg		m!skip
1495838535461372027	2026-04-20T17:28:18Z	367334632515043329	guahlg		m!skip
1495838535356256461	2026-04-20T17:28:18Z	411916947773587456	Jockie Music		
1495838534475452538	2026-04-20T17:28:17Z	411916947773587456	Jockie Music		
1495838533104042135	2026-04-20T17:28:17Z	411916947773587456	Jockie Music		
1495838531531046912	2026-04-20T17:28:17Z	411916947773587456	Jockie Music		
1495838529278972025	2026-04-20T17:28:16Z	411916947773587456	Jockie Music		
1495838528985108570	2026-04-20T17:28:16Z	367334632515043329	guahlg		m!skip
1495838526489497801	2026-04-20T17:28:16Z	411916947773587456	Jockie Music		
1495838522140266556	2026-04-20T17:28:15Z	367334632515043329	guahlg		m!skip
1495838521544671505	2026-04-20T17:28:14Z	411916947773587456	Jockie Music		
1495838519539794142	2026-04-20T17:28:14Z	411916947773587456	Jockie Music		
1495838517022953593	2026-04-20T17:28:13Z	411916947773587456	Jockie Music		
1495838511364964483	2026-04-20T17:28:12Z	367334632515043329	guahlg		m!skip
1495838504687632496	2026-04-20T17:28:10Z	367334632515043329	guahlg		m!skip
1495838498324742164	2026-04-20T17:28:09Z	411916947773587456	Jockie Music		
1495838496009617648	2026-04-20T17:28:08Z	411916947773587456	Jockie Music		
1495838494214459580	2026-04-20T17:28:08Z	411916947773587456	Jockie Music		
1495838494147215360	2026-04-20T17:28:08Z	367334632515043329	guahlg		m!skip
1495838491102150798	2026-04-20T17:28:07Z	411916947773587456	Jockie Music		
1495838489210654830	2026-04-20T17:28:07Z	411916947773587456	Jockie Music		
1495838487822205109	2026-04-20T17:28:06Z	367334632515043329	guahlg		m!skip
1495838487696642159	2026-04-20T17:28:06Z	411916947773587456	Jockie Music		
1495838485398032566	2026-04-20T17:28:06Z	411916947773587456	Jockie Music		
1495838480956264628	2026-04-20T17:28:05Z	367334632515043329	guahlg		m!skip
1495838475788877896	2026-04-20T17:28:03Z	367334632515043329	guahlg		m!skip
1495838464896401582	2026-04-20T17:28:01Z	411916947773587456	Jockie Music		
1495838463604555776	2026-04-20T17:28:01Z	411916947773587456	Jockie Music		
1495838462991925389	2026-04-20T17:28:00Z	367334632515043329	guahlg		m!skip
1495838462325030922	2026-04-20T17:28:00Z	411916947773587456	Jockie Music		
1495838460785852476	2026-04-20T17:28:00Z	411916947773587456	Jockie Music		
1495838458541904126	2026-04-20T17:27:59Z	411916947773587456	Jockie Music		
1495838455891231022	2026-04-20T17:27:59Z	411916947773587456	Jockie Music		
1495838454217445417	2026-04-20T17:27:58Z	411916947773587456	Jockie Music		
1495838451411452084	2026-04-20T17:27:58Z	367334632515043329	guahlg		m!skip
1495838444830589010	2026-04-20T17:27:56Z	367334632515043329	guahlg		m!skip
1495838438170169417	2026-04-20T17:27:54Z	367334632515043329	guahlg		m!skip
1495838435041345600	2026-04-20T17:27:54Z	411916947773587456	Jockie Music		
1495838433648840787	2026-04-20T17:27:53Z	411916947773587456	Jockie Music		
1495838432121978960	2026-04-20T17:27:53Z	411916947773587456	Jockie Music		
1495838430503108749	2026-04-20T17:27:53Z	411916947773587456	Jockie Music		
1495838429177708556	2026-04-20T17:27:52Z	411916947773587456	Jockie Music		
1495838427860566026	2026-04-20T17:27:52Z	411916947773587456	Jockie Music		
1495838427353190460	2026-04-20T17:27:52Z	367334632515043329	guahlg		m!skip
1495838420147114075	2026-04-20T17:27:50Z	367334632515043329	guahlg		m!skip
1495838409300643911	2026-04-20T17:27:48Z	367334632515043329	guahlg		m!skip
1495838406754828479	2026-04-20T17:27:47Z	411916947773587456	Jockie Music		
1495838404519137342	2026-04-20T17:27:46Z	411916947773587456	Jockie Music		
1495838402694873119	2026-04-20T17:27:46Z	411916947773587456	Jockie Music		
1495838402514391131	2026-04-20T17:27:46Z	367334632515043329	guahlg		m!skip
1495838401642102804	2026-04-20T17:27:46Z	411916947773587456	Jockie Music		
1495838400022974636	2026-04-20T17:27:45Z	411916947773587456	Jockie Music		
1495838398127013888	2026-04-20T17:27:45Z	411916947773587456	Jockie Music		
1495838396357279918	2026-04-20T17:27:45Z	411916947773587456	Jockie Music		
1495838396201828572	2026-04-20T17:27:44Z	367334632515043329	guahlg		m!skip
1495838385204629515	2026-04-20T17:27:42Z	367334632515043329	guahlg		m!skip
1495838377692500210	2026-04-20T17:27:40Z	367334632515043329	guahlg		m!skip
1495838375981220011	2026-04-20T17:27:40Z	411916947773587456	Jockie Music		
1495838374143983656	2026-04-20T17:27:39Z	411916947773587456	Jockie Music		
1495838372638359633	2026-04-20T17:27:39Z	411916947773587456	Jockie Music		
1495838370847396051	2026-04-20T17:27:38Z	367334632515043329	guahlg		m!skipm!skip
1495838370339749928	2026-04-20T17:27:38Z	411916947773587456	Jockie Music		
1495838368825872385	2026-04-20T17:27:38Z	411916947773587456	Jockie Music		
1495838367076581428	2026-04-20T17:27:38Z	411916947773587456	Jockie Music		
1495838365461774336	2026-04-20T17:27:37Z	411916947773587456	Jockie Music		
1495838359917170779	2026-04-20T17:27:36Z	367334632515043329	guahlg		m!skip
1495838353239572541	2026-04-20T17:27:34Z	367334632515043329	guahlg		m!skip
1495838345983557743	2026-04-20T17:27:33Z	411916947773587456	Jockie Music		
1495838344301641778	2026-04-20T17:27:32Z	411916947773587456	Jockie Music		
1495838342846087389	2026-04-20T17:27:32Z	367334632515043329	guahlg		m!skip
1495838342476988621	2026-04-20T17:27:32Z	411916947773587456	Jockie Music		
1495838341470617662	2026-04-20T17:27:31Z	411916947773587456	Jockie Music		
1495838339511750722	2026-04-20T17:27:31Z	411916947773587456	Jockie Music		
1495838338446262292	2026-04-20T17:27:31Z	411916947773587456	Jockie Music		
1495838336248713518	2026-04-20T17:27:30Z	367334632515043329	guahlg		m!skipm!skip
1495838329332170782	2026-04-20T17:27:29Z	367334632515043329	guahlg		m!skip
1495838320666607818	2026-04-20T17:27:26Z	367334632515043329	guahlg		m!skip
1495838318686900296	2026-04-20T17:27:26Z	411916947773587456	Jockie Music		
1495838317093327149	2026-04-20T17:27:26Z	411916947773587456	Jockie Music		
1495838315104964771	2026-04-20T17:27:25Z	411916947773587456	Jockie Music		
1495838311607173388	2026-04-20T17:27:24Z	411916947773587456	Jockie Music		
1495838310214537216	2026-04-20T17:27:24Z	367334632515043329	guahlg		m!skip
1495838305818775723	2026-04-20T17:27:23Z	411916947773587456	Jockie Music		
1495838304082464898	2026-04-20T17:27:23Z	411916947773587456	Jockie Music		
1495838303549788201	2026-04-20T17:27:22Z	367334632515043329	guahlg		m!skip
1495838302434230455	2026-04-20T17:27:22Z	411916947773587456	Jockie Music		
1495838301158904018	2026-04-20T17:27:22Z	411916947773587456	Jockie Music		
1495838297287819304	2026-04-20T17:27:21Z	411916947773587456	Jockie Music		
1495838295408775301	2026-04-20T17:27:20Z	411916947773587456	Jockie Music		
1495838278547673182	2026-04-20T17:27:16Z	367334632515043329	guahlg		m!skip
1495838270318186536	2026-04-20T17:27:14Z	411916947773587456	Jockie Music		
1495838268242001960	2026-04-20T17:27:14Z	411916947773587456	Jockie Music		
1495838266887245995	2026-04-20T17:27:14Z	411916947773587456	Jockie Music		
1495838266681852156	2026-04-20T17:27:14Z	367334632515043329	guahlg		m!skip
1495838265465372722	2026-04-20T17:27:13Z	411916947773587456	Jockie Music		
1495838263888445630	2026-04-20T17:27:13Z	367334632515043329	guahlg		m!skip
1495838263867609129	2026-04-20T17:27:13Z	411916947773587456	Jockie Music		
1495838261913059411	2026-04-20T17:27:12Z	367334632515043329	guahlg		m!skip
1495838261715800235	2026-04-20T17:27:12Z	411916947773587456	Jockie Music		
1495838255260762152	2026-04-20T17:27:11Z	367334632515043329	guahlg		m!skip
1495838253650149426	2026-04-20T17:27:11Z	367334632515043329	guahlg		m!skip
1495838249896382595	2026-04-20T17:27:10Z	367334632515043329	guahlg		m!skip
1495838246478020762	2026-04-20T17:27:09Z	367334632515043329	guahlg		m!skip
1495838244980527174	2026-04-20T17:27:08Z	367334632515043329	guahlg		m!skip
1495838241474220233	2026-04-20T17:27:08Z	411916947773587456	Jockie Music		
1495838240836685984	2026-04-20T17:27:07Z	367334632515043329	guahlg		m!skip
1495838239653757040	2026-04-20T17:27:07Z	411916947773587456	Jockie Music		
1495838238156259360	2026-04-20T17:27:07Z	411916947773587456	Jockie Music		
1495838238059794482	2026-04-20T17:27:07Z	367334632515043329	guahlg		m!skip
1495838237317660885	2026-04-20T17:27:07Z	411916947773587456	Jockie Music		
1495838236092661871	2026-04-20T17:27:06Z	411916947773587456	Jockie Music		
1495838234788233337	2026-04-20T17:27:06Z	411916947773587456	Jockie Music		
1495838234507219025	2026-04-20T17:27:06Z	367334632515043329	guahlg		m!skip
1495838233085349961	2026-04-20T17:27:06Z	367334632515043329	guahlg		m!skip
1495838229948137604	2026-04-20T17:27:05Z	367334632515043329	guahlg		m!skip
1495838215310020679	2026-04-20T17:27:01Z	367334632515043329	guahlg		m!skip
1495838215171739901	2026-04-20T17:27:01Z	411916947773587456	Jockie Music		
1495838214005592307	2026-04-20T17:27:01Z	411916947773587456	Jockie Music		
1495838212659347529	2026-04-20T17:27:01Z	411916947773587456	Jockie Music		
1495838212516483094	2026-04-20T17:27:01Z	367334632515043329	guahlg		m!skip
1495838211241676900	2026-04-20T17:27:00Z	411916947773587456	Jockie Music		
1495838210826305637	2026-04-20T17:27:00Z	367334632515043329	guahlg		m!skip
1495838209706426509	2026-04-20T17:27:00Z	411916947773587456	Jockie Music		
1495838208729157692	2026-04-20T17:27:00Z	367334632515043329	guahlg		m!skip
1495838208515244082	2026-04-20T17:27:00Z	411916947773587456	Jockie Music		
1495838207043043358	2026-04-20T17:26:59Z	367334632515043329	guahlg		m!skip
1495838188701356155	2026-04-20T17:26:55Z	411916947773587456	Jockie Music		
1495838187430613157	2026-04-20T17:26:55Z	411916947773587456	Jockie Music		
1495838186000355511	2026-04-20T17:26:54Z	367334632515043329	guahlg		m!skip
1495838163309039776	2026-04-20T17:26:49Z	367334632515043329	guahlg		m!skipall
1495838129595220018	2026-04-20T17:26:41Z	411916947773587456	Jockie Music		
1495837424943759370	2026-04-20T17:23:53Z	411916947773587456	Jockie Music		
1495837423362379867	2026-04-20T17:23:53Z	411916947773587456	Jockie Music		
1495837421726728264	2026-04-20T17:23:52Z	367334632515043329	guahlg		m!skip
1495837386620538880	2026-04-20T17:23:44Z	411916947773587456	Jockie Music		
1495837385064185866	2026-04-20T17:23:43Z	367334632515043329	guahlg		m!insert blink 182
1495836391135776768	2026-04-20T17:19:46Z	411916947773587456	Jockie Music		Did you know you now get better audio quality with any premium tier <https://www.patreon.com/Jockie>!
1495834886282412093	2026-04-20T17:13:48Z	411916947773587456	Jockie Music		
1495833962717905069	2026-04-20T17:10:07Z	411916947773587456	Jockie Music		
1495833961811673178	2026-04-20T17:10:07Z	367334632515043329	guahlg		yes
1495833799072813187	2026-04-20T17:09:28Z	411916947773587456	Jockie Music		<@367334632515043329>, <@806180625991335966> hey wake up!
1495833460969832508	2026-04-20T17:08:08Z	411916947773587456	Jockie Music		
1495832450100625550	2026-04-20T17:04:07Z	806180625991335966	walnutty2		bro's music taste took a 180 degree turn
1495831836096467004	2026-04-20T17:01:40Z	411916947773587456	Jockie Music		
1495829245061103749	2026-04-20T16:51:23Z	411916947773587456	Jockie Music		
1495828074669936641	2026-04-20T16:46:44Z	411916947773587456	Jockie Music		
1495826995735429132	2026-04-20T16:42:26Z	411916947773587456	Jockie Music		
1495826588191948862	2026-04-20T16:40:49Z	769924149648424990	m3z0id		Idk why are they so special
1495826471233523822	2026-04-20T16:40:21Z	769924149648424990	m3z0id		Nothern Hungarians are also Hungarians
1495826342107807916	2026-04-20T16:39:51Z	769924149648424990	m3z0id	1495824672451985498	🇸🇰
1495824672451985498	2026-04-20T16:33:12Z	411916947773587456	Jockie Music		
1495821089379713198	2026-04-20T16:18:58Z	411916947773587456	Jockie Music		
1495817736247443527	2026-04-20T16:05:39Z	411916947773587456	Jockie Music		
1495814773277982811	2026-04-20T15:53:52Z	411916947773587456	Jockie Music		
1495813990771593267	2026-04-20T15:50:46Z	411916947773587456	Jockie Music		
1495813141785870436	2026-04-20T15:47:23Z	411916947773587456	Jockie Music		
1495811774841225257	2026-04-20T15:41:57Z	411916947773587456	Jockie Music		
1495810255714779157	2026-04-20T15:35:55Z	411916947773587456	Jockie Music		
1495809416740733059	2026-04-20T15:32:35Z	411916947773587456	Jockie Music		
1495809415461212271	2026-04-20T15:32:35Z	367334632515043329	guahlg		m!queueinfo
1495807278140624906	2026-04-20T15:24:05Z	411916947773587456	Jockie Music		
1495804959919313006	2026-04-20T15:14:53Z	411916947773587456	Jockie Music		
1495802520004464671	2026-04-20T15:05:11Z	411916947773587456	Jockie Music		
1495801098827731115	2026-04-20T14:59:32Z	411916947773587456	Jockie Music		
1495799739999060110	2026-04-20T14:54:08Z	411916947773587456	Jockie Music		
1495797024640077897	2026-04-20T14:43:21Z	411916947773587456	Jockie Music		
1495795513717428284	2026-04-20T14:37:21Z	411916947773587456	Jockie Music		
1495794087876497648	2026-04-20T14:31:41Z	411916947773587456	Jockie Music		
1495792455252181094	2026-04-20T14:25:11Z	411916947773587456	Jockie Music		
1495789853801975868	2026-04-20T14:14:51Z	411916947773587456	Jockie Music		
1495788682022748180	2026-04-20T14:10:12Z	411916947773587456	Jockie Music		
1495787604556255273	2026-04-20T14:05:55Z	411916947773587456	Jockie Music		
1495785275853504613	2026-04-20T13:56:40Z	411916947773587456	Jockie Music		
1495785268764999680	2026-04-20T13:56:38Z	411916947773587456	Jockie Music		
1495785267494256782	2026-04-20T13:56:38Z	592379464294596618	el_ocelote		m!skip
1495785262121357413	2026-04-20T13:56:36Z	411916947773587456	Jockie Music		
1495785259399123004	2026-04-20T13:56:36Z	411916947773587456	Jockie Music		
1495785258426040420	2026-04-20T13:56:35Z	592379464294596618	el_ocelote		m!skip
1495785252591898705	2026-04-20T13:56:34Z	411916947773587456	Jockie Music		
1495785250763182192	2026-04-20T13:56:34Z	411916947773587456	Jockie Music		
1495785249777389778	2026-04-20T13:56:33Z	592379464294596618	el_ocelote		m!skip
1495785239245492255	2026-04-20T13:56:31Z	411916947773587456	Jockie Music		
1495785237651652660	2026-04-20T13:56:31Z	411916947773587456	Jockie Music		
1495785236804669481	2026-04-20T13:56:30Z	592379464294596618	el_ocelote		m!skip
1495785234963365919	2026-04-20T13:56:30Z	411916947773587456	Jockie Music		
1495785230118944829	2026-04-20T13:56:29Z	411916947773587456	Jockie Music		
1495785229015846952	2026-04-20T13:56:28Z	592379464294596618	el_ocelote		m!skip
1495785222547968175	2026-04-20T13:56:27Z	411916947773587456	Jockie Music		
1495785220694081639	2026-04-20T13:56:26Z	411916947773587456	Jockie Music		
1495785219565944872	2026-04-20T13:56:26Z	592379464294596618	el_ocelote		m!skip
1495785214025404487	2026-04-20T13:56:25Z	411916947773587456	Jockie Music		
1495785212313862304	2026-04-20T13:56:24Z	411916947773587456	Jockie Music		
1495785211005243473	2026-04-20T13:56:24Z	592379464294596618	el_ocelote		m!skip
1495785206127530134	2026-04-20T13:56:23Z	411916947773587456	Jockie Music		
1495785204734890035	2026-04-20T13:56:23Z	411916947773587456	Jockie Music		
1495785203598102609	2026-04-20T13:56:22Z	592379464294596618	el_ocelote		m!skip
1495785123642343495	2026-04-20T13:56:03Z	411916947773587456	Jockie Music		
1495784560737259620	2026-04-20T13:53:49Z	411916947773587456	Jockie Music		
1495783800603672738	2026-04-20T13:50:48Z	411916947773587456	Jockie Music		
1495783167011979264	2026-04-20T13:48:17Z	411916947773587456	Jockie Music		
1495782226757943427	2026-04-20T13:44:33Z	411916947773587456	Jockie Music		
1495781250219118784	2026-04-20T13:40:40Z	411916947773587456	Jockie Music		
1495781248373751849	2026-04-20T13:40:39Z	411916947773587456	Jockie Music		
1495781246780047473	2026-04-20T13:40:39Z	592379464294596618	el_ocelote		m!skip
1495781103993098430	2026-04-20T13:40:05Z	411916947773587456	Jockie Music		
1495781102265176276	2026-04-20T13:40:05Z	411916947773587456	Jockie Music		
1495781101183041566	2026-04-20T13:40:04Z	592379464294596618	el_ocelote		m!skip
1495781086695784598	2026-04-20T13:40:01Z	411916947773587456	Jockie Music		
1495781084678590475	2026-04-20T13:40:00Z	411916947773587456	Jockie Music		
1495781083881672845	2026-04-20T13:40:00Z	592379464294596618	el_ocelote		m!skip
1495780975399932056	2026-04-20T13:39:34Z	411916947773587456	Jockie Music		
1495780974225784977	2026-04-20T13:39:34Z	367334632515043329	guahlg		m!queueinfo
1495780903929123020	2026-04-20T13:39:17Z	411916947773587456	Jockie Music		
1495780902440276068	2026-04-20T13:39:17Z	411916947773587456	Jockie Music		
1495780901404016682	2026-04-20T13:39:17Z	592379464294596618	el_ocelote		m!skip
1495780893757931641	2026-04-20T13:39:15Z	411916947773587456	Jockie Music		
1495780892688384072	2026-04-20T13:39:15Z	592379464294596618	el_ocelote		m!skip
1495780890620592238	2026-04-20T13:39:14Z	411916947773587456	Jockie Music		
1495780880155803849	2026-04-20T13:39:12Z	411916947773587456	Jockie Music		
1495780878025228399	2026-04-20T13:39:11Z	592379464294596618	el_ocelote		m!skip
1495780871666663647	2026-04-20T13:39:10Z	411916947773587456	Jockie Music		
1495780870605373514	2026-04-20T13:39:09Z	592379464294596618	el_ocelote		m!skip
1495780865077284934	2026-04-20T13:39:08Z	411916947773587456	Jockie Music		
1495780864003538996	2026-04-20T13:39:08Z	592379464294596618	el_ocelote		m!skip
1495780857695174717	2026-04-20T13:39:06Z	411916947773587456	Jockie Music		
1495780857003118652	2026-04-20T13:39:06Z	592379464294596618	el_ocelote		m!skip
1495780852121080021	2026-04-20T13:39:05Z	411916947773587456	Jockie Music		
1495780850804199657	2026-04-20T13:39:05Z	592379464294596618	el_ocelote		m!skip
1495780845607190642	2026-04-20T13:39:03Z	411916947773587456	Jockie Music		
1495780844638437479	2026-04-20T13:39:03Z	592379464294596618	el_ocelote		m!skip
1495780838078550026	2026-04-20T13:39:02Z	411916947773587456	Jockie Music		
1495780836958535911	2026-04-20T13:39:01Z	592379464294596618	el_ocelote		m!skip
1495780835935260732	2026-04-20T13:39:01Z	411916947773587456	Jockie Music		
1495780822471540939	2026-04-20T13:38:58Z	411916947773587456	Jockie Music		
1495780821469102201	2026-04-20T13:38:58Z	592379464294596618	el_ocelote		m!skip 4
1495780810329034782	2026-04-20T13:38:55Z	411916947773587456	Jockie Music		
1495780800686325901	2026-04-20T13:38:53Z	411916947773587456	Jockie Music		
1495780799423840387	2026-04-20T13:38:52Z	592379464294596618	el_ocelote		m!skip 10
1495780790641103019	2026-04-20T13:38:50Z	411916947773587456	Jockie Music		
1495780789428682844	2026-04-20T13:38:50Z	592379464294596618	el_ocelote		m!skip
1495780785553412188	2026-04-20T13:38:49Z	411916947773587456	Jockie Music		
1495780781790855169	2026-04-20T13:38:48Z	592379464294596618	el_ocelote		m!skip
1495780776610889731	2026-04-20T13:38:47Z	411916947773587456	Jockie Music		
1495780776065896488	2026-04-20T13:38:47Z	592379464294596618	el_ocelote		m!skip
1495780770583679127	2026-04-20T13:38:45Z	411916947773587456	Jockie Music		
1495780769447018697	2026-04-20T13:38:45Z	592379464294596618	el_ocelote		m!skip
1495780764179107840	2026-04-20T13:38:44Z	411916947773587456	Jockie Music		
1495780762941915329	2026-04-20T13:38:44Z	592379464294596618	el_ocelote		m!skip
1495780752636248226	2026-04-20T13:38:41Z	411916947773587456	Jockie Music		
1495780751570894868	2026-04-20T13:38:41Z	592379464294596618	el_ocelote		m!skip
1495780743732007044	2026-04-20T13:38:39Z	411916947773587456	Jockie Music		
1495780742461132921	2026-04-20T13:38:39Z	592379464294596618	el_ocelote		m!skip
1495780735909625896	2026-04-20T13:38:37Z	411916947773587456	Jockie Music		
1495780734709792819	2026-04-20T13:38:37Z	592379464294596618	el_ocelote		m!skip
1495780699871907940	2026-04-20T13:38:29Z	411916947773587456	Jockie Music		
1495780698605490289	2026-04-20T13:38:28Z	367334632515043329	guahlg		m!queueinfo
1495780642363932922	2026-04-20T13:38:15Z	411916947773587456	Jockie Music		
1495780629164462251	2026-04-20T13:38:12Z	411916947773587456	Jockie Music		
1495780628199641218	2026-04-20T13:38:12Z	592379464294596618	el_ocelote		m!skip
1495780623095304212	2026-04-20T13:38:10Z	411916947773587456	Jockie Music		
1495780622109511711	2026-04-20T13:38:10Z	592379464294596618	el_ocelote		m!skip
1495780617684652196	2026-04-20T13:38:09Z	411916947773587456	Jockie Music		
1495780616481013922	2026-04-20T13:38:09Z	411916947773587456	Jockie Music		
1495780615214076104	2026-04-20T13:38:08Z	592379464294596618	el_ocelote		m!skip
1495780609107300382	2026-04-20T13:38:07Z	411916947773587456	Jockie Music		
1495780607354081322	2026-04-20T13:38:07Z	411916947773587456	Jockie Music		
1495780606695706914	2026-04-20T13:38:06Z	592379464294596618	el_ocelote		m!skip
1495780601481920653	2026-04-20T13:38:05Z	411916947773587456	Jockie Music		
1495780593932304445	2026-04-20T13:38:03Z	411916947773587456	Jockie Music		
1495780592191799367	2026-04-20T13:38:03Z	592379464294596618	el_ocelote		m!skip
1495780562776887317	2026-04-20T13:37:56Z	411916947773587456	Jockie Music		
1495779803251605676	2026-04-20T13:34:55Z	411916947773587456	Jockie Music		
1495779801292607649	2026-04-20T13:34:54Z	411916947773587456	Jockie Music		
1495779799782785047	2026-04-20T13:34:54Z	592379464294596618	el_ocelote		m!skip
1495779790060257412	2026-04-20T13:34:52Z	411916947773587456	Jockie Music		
1495779788919406613	2026-04-20T13:34:51Z	592379464294596618	el_ocelote		m!insert basket case
1495779741100281866	2026-04-20T13:34:40Z	411916947773587456	Jockie Music		
1495779739795980308	2026-04-20T13:34:40Z	411916947773587456	Jockie Music		
1495779738893947070	2026-04-20T13:34:39Z	592379464294596618	el_ocelote		m!skip
1495779731117838486	2026-04-20T13:34:38Z	411916947773587456	Jockie Music		
1495779729511415929	2026-04-20T13:34:37Z	592379464294596618	el_ocelote		m!play basket case
1495779712465895478	2026-04-20T13:34:33Z	411916947773587456	Jockie Music		
1495779710893031444	2026-04-20T13:34:33Z	411916947773587456	Jockie Music		
1495779709622030446	2026-04-20T13:34:33Z	592379464294596618	el_ocelote		m!skip
1495779700549877972	2026-04-20T13:34:30Z	411916947773587456	Jockie Music		
1495779698549194896	2026-04-20T13:34:30Z	411916947773587456	Jockie Music		
1495779697781637131	2026-04-20T13:34:30Z	592379464294596618	el_ocelote		m!skip
1495779677854372001	2026-04-20T13:34:25Z	411916947773587456	Jockie Music		
1495779676206010495	2026-04-20T13:34:25Z	411916947773587456	Jockie Music		
1495779675421806773	2026-04-20T13:34:24Z	592379464294596618	el_ocelote		m!skip
1495779669092597860	2026-04-20T13:34:23Z	411916947773587456	Jockie Music		
1495779667590779153	2026-04-20T13:34:22Z	411916947773587456	Jockie Music		
1495779666492129290	2026-04-20T13:34:22Z	592379464294596618	el_ocelote		m!skip
1495779660515246191	2026-04-20T13:34:21Z	411916947773587456	Jockie Music		
1495779658569093153	2026-04-20T13:34:20Z	411916947773587456	Jockie Music		
1495779657566650601	2026-04-20T13:34:20Z	592379464294596618	el_ocelote		m!skip
1495779653716283512	2026-04-20T13:34:19Z	411916947773587456	Jockie Music		
1495779651656876122	2026-04-20T13:34:19Z	411916947773587456	Jockie Music		
1495779648137728040	2026-04-20T13:34:18Z	592379464294596618	el_ocelote		m!skip
1495779641493819402	2026-04-20T13:34:16Z	411916947773587456	Jockie Music		
1495779639614898241	2026-04-20T13:34:16Z	411916947773587456	Jockie Music		
1495779638981558443	2026-04-20T13:34:16Z	592379464294596618	el_ocelote		m!skip
1495779626843377744	2026-04-20T13:34:13Z	411916947773587456	Jockie Music		
1495779624683307211	2026-04-20T13:34:12Z	411916947773587456	Jockie Music		
1495779623898841161	2026-04-20T13:34:12Z	592379464294596618	el_ocelote		m!skip
1495779384743956623	2026-04-20T13:33:15Z	411916947773587456	Jockie Music		
1495779067490992128	2026-04-20T13:31:59Z	592379464294596618	el_ocelote		https://tenor.com/view/i-had-to-fall-to-lose-it-all-but-in-the-end-it-doesnt-even-matter-gif-26569307
1495779006845292736	2026-04-20T13:31:45Z	592379464294596618	el_ocelote		https://tenor.com/view/itve-hl2-half-life-in-the-end-itve21-gif-26249029
1495778949048045739	2026-04-20T13:31:31Z	592379464294596618	el_ocelote		https://tenor.com/view/i-tried-so-hard-and-got-so-far-half-life-in-the-end-linkin-park-gif-13231795174288215065
1495778821084024902	2026-04-20T13:31:01Z	592379464294596618	el_ocelote		https://tenor.com/view/what-it-meant-to-me-will-eventually-be-a-memory-gif-26569296
1495778579978653747	2026-04-20T13:30:03Z	592379464294596618	el_ocelote		https://tenor.com/view/in-the-end-half-life-i-kept-everything-inside-and-even-though-i-tried-it-all-fell-apart-in-the-virtual-end-gif-26577853
1495778486403465227	2026-04-20T13:29:41Z	592379464294596618	el_ocelote		https://tenor.com/view/watch-you-go-gif-26569302
1495778416404988094	2026-04-20T13:29:24Z	592379464294596618	el_ocelote		https://tenor.com/view/tryin-to-hold-on-they-didnt-even-know-gif-27672055
1495778342732042524	2026-04-20T13:29:07Z	592379464294596618	el_ocelote		https://tenor.com/view/didnt-look-out-below-watch-it-go-right-out-the-window-gif-26569213
1495778250163753121	2026-04-20T13:28:45Z	592379464294596618	el_ocelote		https://tenor.com/view/its-so-unreal-half-life-in-the-end-in-the-end-meme-in-the-end-half-life-meme-gif-26548171
1495778119980679269	2026-04-20T13:28:14Z	592379464294596618	el_ocelote		https://tenor.com/view/to-the-end-of-the-day-the-clock-ticks-life-away-half-life-in-the-end-in-the-end-half-life-in-the-end-meme-in-the-end-meme-gif-26548167
1495778090163507243	2026-04-20T13:28:06Z	592379464294596618	el_ocelote		https://tenor.com/view/itve7-itve-hl2-half-life-in-the-end-gif-26248976
1495777987742662666	2026-04-20T13:27:42Z	592379464294596618	el_ocelote		https://tenor.com/view/itve6-itve-hl2-half-life-in-the-end-gif-26248975
1495777938585686107	2026-04-20T13:27:30Z	592379464294596618	el_ocelote		https://tenor.com/view/itve5-itve-hl2-half-life-in-the-end-gif-26248974
1495777832700346479	2026-04-20T13:27:05Z	592379464294596618	el_ocelote		https://tenor.com/view/itve4-itve-hl2-half-life-in-the-end-gif-26248973
1495777433763315893	2026-04-20T13:25:30Z	592379464294596618	el_ocelote		https://tenor.com/view/itve3-itve-hl2-half-life-in-the-end-gif-26248972
1495777376116674741	2026-04-20T13:25:16Z	592379464294596618	el_ocelote		https://tenor.com/view/itve2-itve-hl2-half-life-in-the-end-gif-26248970
1495777348006707311	2026-04-20T13:25:09Z	592379464294596618	el_ocelote		https://tenor.com/view/itve1-itve-hl2-half-life-in-the-end-gif-26248969
1495777208734585005	2026-04-20T13:24:36Z	411916947773587456	Jockie Music		
1495776422831194292	2026-04-20T13:21:29Z	411916947773587456	Jockie Music		
1495775742389387374	2026-04-20T13:18:47Z	411916947773587456	Jockie Music		
1495774844212744265	2026-04-20T13:15:13Z	411916947773587456	Jockie Music		
1495774618500337766	2026-04-20T13:14:19Z	411916947773587456	Jockie Music		
1495774617690963999	2026-04-20T13:14:19Z	592379464294596618	el_ocelote		m!playing
1495774570404122704	2026-04-20T13:14:07Z	411916947773587456	Jockie Music		
1495774569502609509	2026-04-20T13:14:07Z	592379464294596618	el_ocelote		m!queueinfo
1495774267843940423	2026-04-20T13:12:55Z	592379464294596618	el_ocelote		m!queue
1495773968664100975	2026-04-20T13:11:44Z	411916947773587456	Jockie Music		
1495773174334492773	2026-04-20T13:08:34Z	411916947773587456	Jockie Music		
1495772473881530368	2026-04-20T13:05:47Z	411916947773587456	Jockie Music		
1495771602103701668	2026-04-20T13:02:20Z	411916947773587456	Jockie Music		
1495770410476765264	2026-04-20T12:57:35Z	411916947773587456	Jockie Music		
1495769715656753223	2026-04-20T12:54:50Z	411916947773587456	Jockie Music		
1495769076465799338	2026-04-20T12:52:17Z	411916947773587456	Jockie Music		
1495768133451907242	2026-04-20T12:48:33Z	411916947773587456	Jockie Music		
1495767519590350850	2026-04-20T12:46:06Z	411916947773587456	Jockie Music		
1495766663994409011	2026-04-20T12:42:42Z	411916947773587456	Jockie Music		
1495765511773093919	2026-04-20T12:38:07Z	411916947773587456	Jockie Music		
1495764731963904020	2026-04-20T12:35:02Z	411916947773587456	Jockie Music		
1495764308943044618	2026-04-20T12:33:21Z	411916947773587456	Jockie Music		
1495764062892593303	2026-04-20T12:32:22Z	411916947773587456	Jockie Music		
1495763346496946218	2026-04-20T12:29:31Z	411916947773587456	Jockie Music		
1495762949040508948	2026-04-20T12:27:56Z	411916947773587456	Jockie Music		
1495762233752420493	2026-04-20T12:25:06Z	411916947773587456	Jockie Music		
1495762232422957176	2026-04-20T12:25:06Z	411916947773587456	Jockie Music		
1495762231114334339	2026-04-20T12:25:05Z	592379464294596618	el_ocelote		m!skip
1495760483783802960	2026-04-20T12:18:09Z	411916947773587456	Jockie Music		
1495759967146344638	2026-04-20T12:16:06Z	411916947773587456	Jockie Music		
1495759565503860867	2026-04-20T12:14:30Z	411916947773587456	Jockie Music		
1495759564296028281	2026-04-20T12:14:29Z	367334632515043329	guahlg		m!queueinfo
1495759528292126770	2026-04-20T12:14:21Z	411916947773587456	Jockie Music		
1495759217829871838	2026-04-20T12:13:07Z	411916947773587456	Jockie Music		
1495759216856793181	2026-04-20T12:13:07Z	955720868103876649	dragondev22		m!queueinfo
1495758368932102285	2026-04-20T12:09:45Z	411916947773587456	Jockie Music		
1495757621335031838	2026-04-20T12:06:46Z	411916947773587456	Jockie Music		
1495756903991742604	2026-04-20T12:03:55Z	411916947773587456	Jockie Music		
1495756216675078164	2026-04-20T12:01:11Z	411916947773587456	Jockie Music		
1495755525189537962	2026-04-20T11:58:26Z	411916947773587456	Jockie Music		
1495754604217110608	2026-04-20T11:54:47Z	411916947773587456	Jockie Music		
1495753564692418674	2026-04-20T11:50:39Z	411916947773587456	Jockie Music		
1495752645254844537	2026-04-20T11:47:00Z	411916947773587456	Jockie Music		
1495752365024870470	2026-04-20T11:45:53Z	411916947773587456	Jockie Music		
1495751783417647145	2026-04-20T11:43:34Z	411916947773587456	Jockie Music		
1495751475836751922	2026-04-20T11:42:21Z	411916947773587456	Jockie Music		
1495750056362508289	2026-04-20T11:36:43Z	411916947773587456	Jockie Music		
1495750055162806352	2026-04-20T11:36:42Z	367334632515043329	guahlg		m!queueinfo
1495747962519818311	2026-04-20T11:28:23Z	411916947773587456	Jockie Music		
1495747944735965325	2026-04-20T11:28:19Z	592379464294596618	el_ocelote		m!albumsearch 21 hungarian dances brahms
1495747863072997427	2026-04-20T11:28:00Z	411916947773587456	Jockie Music		
1495747861760053278	2026-04-20T11:27:59Z	592379464294596618	el_ocelote		m!play 19 hungarian rhapsodies franz liszt
1495747815257804951	2026-04-20T11:27:48Z	411916947773587456	Jockie Music		
1495747797369094305	2026-04-20T11:27:44Z	592379464294596618	el_ocelote		m!albumplay Liszt: Hungarian Rhapsodies & Concerto pathétique (Recorded 1926-1935)
1495747757086867527	2026-04-20T11:27:34Z	411916947773587456	Jockie Music		
1495747756025970878	2026-04-20T11:27:34Z	592379464294596618	el_ocelote		m!play Liszt: Hungarian Rhapsodies & Concerto pathétique (Recorded 1926-1935)
1495747699331432519	2026-04-20T11:27:21Z	411916947773587456	Jockie Music		
1495747678494261309	2026-04-20T11:27:16Z	411916947773587456	Jockie Music		
1495747675256127568	2026-04-20T11:27:15Z	592379464294596618	el_ocelote		m!albumsearch Liszt: Hungarian Rhapsodies & Concerto pathétique (Recorded 1926-1935)
1495747666800279622	2026-04-20T11:27:13Z	1062750422663712769	hamster332		blargh
1495747663717732426	2026-04-20T11:27:12Z	367334632515043329	guahlg		m!albumsearch 19 hungarian rhapsodies
1495747592145997926	2026-04-20T11:26:55Z	411916947773587456	Jockie Music		
1495747575813247019	2026-04-20T11:26:51Z	411916947773587456	Jockie Music		
1495747568632725568	2026-04-20T11:26:50Z	367334632515043329	guahlg		m!albumsearch green day
1495747532913901690	2026-04-20T11:26:41Z	592379464294596618	el_ocelote		m!albumsearch 19 hungarian rhapsodies
1495747436319084745	2026-04-20T11:26:18Z	411916947773587456	Jockie Music		
1495747414642921562	2026-04-20T11:26:13Z	367334632515043329	guahlg		m!albumsearch green day
1495747030952448135	2026-04-20T11:24:41Z	411916947773587456	Jockie Music		
1495747030256058459	2026-04-20T11:24:41Z	367334632515043329	guahlg		m!queueinfo
1495746942188257361	2026-04-20T11:24:20Z	411916947773587456	Jockie Music		
1495745534034575540	2026-04-20T11:18:44Z	411916947773587456	Jockie Music		
1495745531983564943	2026-04-20T11:18:44Z	592379464294596618	el_ocelote		m!insert empire of the clouds
1495745497757913210	2026-04-20T11:18:36Z	411916947773587456	Jockie Music		
1495745459266781347	2026-04-20T11:18:27Z	411916947773587456	Jockie Music		
1495745458260279386	2026-04-20T11:18:26Z	592379464294596618	el_ocelote	1495745451356586015	1405452827328905268
1495745451356586015	2026-04-20T11:18:25Z	411916947773587456	Jockie Music		
1495745440241549372	2026-04-20T11:18:22Z	411916947773587456	Jockie Music		
1495745439335452772	2026-04-20T11:18:22Z	592379464294596618	el_ocelote		m!setup
1495745386667835515	2026-04-20T11:18:09Z	592379464294596618	el_ocelote	1495745019523366922	1405452827328905268
1495745375904993431	2026-04-20T11:18:07Z	592379464294596618	el_ocelote		1405452827328905268
1495745019523366922	2026-04-20T11:16:42Z	411916947773587456	Jockie Music		
1495745001617883136	2026-04-20T11:16:37Z	411916947773587456	Jockie Music		
1495745000472973344	2026-04-20T11:16:37Z	592379464294596618	el_ocelote		m!setup
1495744775263879299	2026-04-20T11:15:44Z	411916947773587456	Jockie Music		
1495744774387269763	2026-04-20T11:15:43Z	592379464294596618	el_ocelote		m!insert empire of the clouds
1495744641142886490	2026-04-20T11:15:12Z	411916947773587456	Jockie Music		
1495743980695060591	2026-04-20T11:12:34Z	411916947773587456	Jockie Music		
1495743248369455254	2026-04-20T11:09:39Z	411916947773587456	Jockie Music		Did you know you now get better audio quality with any premium tier <https://www.patreon.com/Jockie>!
1495742518724268095	2026-04-20T11:06:46Z	411916947773587456	Jockie Music		
1495741563488309408	2026-04-20T11:02:58Z	411916947773587456	Jockie Music		
1495741258512207932	2026-04-20T11:01:45Z	411916947773587456	Jockie Music		
1495741257622880356	2026-04-20T11:01:45Z	955720868103876649	dragondev22		m!queueinfo
1495740969310752889	2026-04-20T11:00:36Z	411916947773587456	Jockie Music		
1495740086682124450	2026-04-20T10:57:06Z	411916947773587456	Jockie Music		
1495739324497395763	2026-04-20T10:54:04Z	411916947773587456	Jockie Music		
1495739268017160283	2026-04-20T10:53:50Z	592379464294596618	el_ocelote		m!dj
1495739254951903272	2026-04-20T10:53:47Z	411916947773587456	Jockie Music		
1495739253689290772	2026-04-20T10:53:47Z	592379464294596618	el_ocelote		m!skip
1495738904861737050	2026-04-20T10:52:24Z	411916947773587456	Jockie Music		
1495738889120256102	2026-04-20T10:52:20Z	411916947773587456	Jockie Music		
1495738888159891486	2026-04-20T10:52:20Z	955720868103876649	dragondev22		m!queueinfo
1495738726003904593	2026-04-20T10:51:41Z	411916947773587456	Jockie Music		
1495738724955459706	2026-04-20T10:51:41Z	955720868103876649	dragondev22		m!play american idiot
1495736835371176106	2026-04-20T10:44:10Z	411916947773587456	Jockie Music		
1495735952977559602	2026-04-20T10:40:40Z	411916947773587456	Jockie Music		
1495734933220491295	2026-04-20T10:36:37Z	411916947773587456	Jockie Music		
1495734300082180127	2026-04-20T10:34:06Z	411916947773587456	Jockie Music		
1495733765203562498	2026-04-20T10:31:59Z	411916947773587456	Jockie Music		
1495733318866440282	2026-04-20T10:30:12Z	411916947773587456	Jockie Music		
1495731902479335504	2026-04-20T10:24:34Z	411916947773587456	Jockie Music		
1495731872058179695	2026-04-20T10:24:27Z	411916947773587456	Jockie Music		
1495731871253004288	2026-04-20T10:24:27Z	955720868103876649	dragondev22		m!queueinfo
1495730531831255184	2026-04-20T10:19:08Z	411916947773587456	Jockie Music		
1495730232794026074	2026-04-20T10:17:56Z	955720868103876649	dragondev22	1495730109964095518	lol
1495730137013030922	2026-04-20T10:17:33Z	411916947773587456	Jockie Music		
1495730136098672680	2026-04-20T10:17:33Z	367334632515043329	guahlg		m!queueinfo
1495730109964095518	2026-04-20T10:17:27Z	367334632515043329	guahlg		m!whatisdragondoing
1495728324763193405	2026-04-20T10:10:21Z	411916947773587456	Jockie Music		
1495727885208522892	2026-04-20T10:08:37Z	411916947773587456	Jockie Music		
1495727486669951127	2026-04-20T10:07:02Z	411916947773587456	Jockie Music		
1495726618130382908	2026-04-20T10:03:35Z	411916947773587456	Jockie Music		
1495726386873110538	2026-04-20T10:02:39Z	411916947773587456	Jockie Music		
1495726385531195462	2026-04-20T10:02:39Z	955720868103876649	dragondev22		m!play in the end
1495726307122876557	2026-04-20T10:02:20Z	411916947773587456	Jockie Music		
1495726305642156032	2026-04-20T10:02:20Z	955720868103876649	dragondev22		m!play numb - linkin park
1495726280514211940	2026-04-20T10:02:14Z	411916947773587456	Jockie Music		
1495726279230754878	2026-04-20T10:02:14Z	955720868103876649	dragondev22		m!play faint - linkin park
1495726248234713189	2026-04-20T10:02:06Z	411916947773587456	Jockie Music		
1495726246535889037	2026-04-20T10:02:06Z	955720868103876649	dragondev22		m!play somewhere i belong - linkin park
1495726202055426128	2026-04-20T10:01:55Z	411916947773587456	Jockie Music		
1495726200683761836	2026-04-20T10:01:55Z	955720868103876649	dragondev22		m!play crawling - linkin park
1495726171978072176	2026-04-20T10:01:48Z	411916947773587456	Jockie Music		
1495726169973063872	2026-04-20T10:01:48Z	955720868103876649	dragondev22		m!play given up - linkin park
1495726001295065181	2026-04-20T10:01:07Z	411916947773587456	Jockie Music		
1495725999554428999	2026-04-20T10:01:07Z	955720868103876649	dragondev22		m!play heavy is the crown - linkin park
1495725559739580497	2026-04-20T09:59:22Z	411916947773587456	Jockie Music		
1495724580516532305	2026-04-20T09:55:29Z	411916947773587456	Jockie Music		
1495723560419725443	2026-04-20T09:51:26Z	411916947773587456	Jockie Music		
1495722994365108317	2026-04-20T09:49:11Z	411916947773587456	Jockie Music		
1495721647619964969	2026-04-20T09:43:49Z	411916947773587456	Jockie Music		
1495720655549890582	2026-04-20T09:39:53Z	411916947773587456	Jockie Music		
1495719910557614161	2026-04-20T09:36:55Z	411916947773587456	Jockie Music		
1495718819312959570	2026-04-20T09:32:35Z	411916947773587456	Jockie Music		
1495718158101905498	2026-04-20T09:29:57Z	411916947773587456	Jockie Music		
1495717425348481045	2026-04-20T09:27:03Z	411916947773587456	Jockie Music		
1495716658436903032	2026-04-20T09:24:00Z	411916947773587456	Jockie Music		
1495716195557707867	2026-04-20T09:22:10Z	411916947773587456	Jockie Music		
1495716194563395705	2026-04-20T09:22:09Z	592379464294596618	el_ocelote		m!skip
1495716160547717190	2026-04-20T09:22:01Z	411916947773587456	Jockie Music		
1495715740479914087	2026-04-20T09:20:21Z	411916947773587456	Jockie Music		
1495714682504478771	2026-04-20T09:16:09Z	411916947773587456	Jockie Music		
1495713751557603379	2026-04-20T09:12:27Z	411916947773587456	Jockie Music		
1495713750215430244	2026-04-20T09:12:27Z	367334632515043329	guahlg		m!queueinfo
1495713597664526347	2026-04-20T09:11:50Z	411916947773587456	Jockie Music		
1495713148274081833	2026-04-20T09:10:03Z	411916947773587456	Jockie Music		
1495712170464251954	2026-04-20T09:06:10Z	411916947773587456	Jockie Music		
1495711409085091980	2026-04-20T09:03:08Z	411916947773587456	Jockie Music		
1495710605955432562	2026-04-20T08:59:57Z	411916947773587456	Jockie Music		
1495710495284396033	2026-04-20T08:59:31Z	411916947773587456	Jockie Music		
1495710165880537109	2026-04-20T08:58:12Z	592379464294596618	el_ocelote		m!forceskip
1495710153713123418	2026-04-20T08:58:09Z	411916947773587456	Jockie Music		
1495710152635060265	2026-04-20T08:58:09Z	592379464294596618	el_ocelote		m!skip
1495710091146559498	2026-04-20T08:57:54Z	411916947773587456	Jockie Music		
1495707792550662254	2026-04-20T08:48:46Z	411916947773587456	Jockie Music		
1495706799775416413	2026-04-20T08:44:49Z	411916947773587456	Jockie Music		
1495706798995275826	2026-04-20T08:44:49Z	367334632515043329	guahlg		m!insert jesus of suburbia
1495706717747544114	2026-04-20T08:44:30Z	411916947773587456	Jockie Music		
1495705775493091368	2026-04-20T08:40:45Z	411916947773587456	Jockie Music		
1495705011340972043	2026-04-20T08:37:43Z	411916947773587456	Jockie Music		
1495703853398626355	2026-04-20T08:33:07Z	411916947773587456	Jockie Music		
1495702676913258579	2026-04-20T08:28:26Z	592379464294596618	el_ocelote		fire song
1495702652544094239	2026-04-20T08:28:21Z	411916947773587456	Jockie Music		
1495702171629391983	2026-04-20T08:26:26Z	592379464294596618	el_ocelote		fire
1495702150708203611	2026-04-20T08:26:21Z	411916947773587456	Jockie Music		
1495702149714280518	2026-04-20T08:26:21Z	592379464294596618	el_ocelote		m!queueinformation
1495700309924909272	2026-04-20T08:19:02Z	411916947773587456	Jockie Music		
1495699012962222224	2026-04-20T08:13:53Z	411916947773587456	Jockie Music		
1495698093847351427	2026-04-20T08:10:14Z	411916947773587456	Jockie Music		
1495697123985981552	2026-04-20T08:06:23Z	411916947773587456	Jockie Music		
1495696417111412818	2026-04-20T08:03:34Z	411916947773587456	Jockie Music		
1495695629945540709	2026-04-20T08:00:26Z	411916947773587456	Jockie Music		
1495693697247871036	2026-04-20T07:52:46Z	411916947773587456	Jockie Music		
1495693134464553060	2026-04-20T07:50:31Z	411916947773587456	Jockie Music		
1495692272874946600	2026-04-20T07:47:06Z	411916947773587456	Jockie Music		
1495691001199722636	2026-04-20T07:42:03Z	411916947773587456	Jockie Music		
1495690411652681739	2026-04-20T07:39:42Z	411916947773587456	Jockie Music		
1495689214388338708	2026-04-20T07:34:57Z	411916947773587456	Jockie Music		
1495688467248844861	2026-04-20T07:31:59Z	411916947773587456	Jockie Music		
1495687855652081684	2026-04-20T07:29:33Z	411916947773587456	Jockie Music		
1495686737928781844	2026-04-20T07:25:06Z	411916947773587456	Jockie Music		
1495685642280243241	2026-04-20T07:20:45Z	411916947773587456	Jockie Music		
1495685256567722004	2026-04-20T07:19:13Z	411916947773587456	Jockie Music		
1495684565254144000	2026-04-20T07:16:28Z	411916947773587456	Jockie Music		
1495683939053080656	2026-04-20T07:13:59Z	411916947773587456	Jockie Music		
1495683400869351495	2026-04-20T07:11:51Z	411916947773587456	Jockie Music		
1495682976556519444	2026-04-20T07:10:10Z	411916947773587456	Jockie Music		
1495682439224360970	2026-04-20T07:08:01Z	411916947773587456	Jockie Music		
1495681705900642306	2026-04-20T07:05:07Z	411916947773587456	Jockie Music		
1495680565377110078	2026-04-20T07:00:35Z	411916947773587456	Jockie Music		
1495679808015958027	2026-04-20T06:57:34Z	411916947773587456	Jockie Music		
1495679076147531946	2026-04-20T06:54:40Z	411916947773587456	Jockie Music		
1495678182274367580	2026-04-20T06:51:07Z	411916947773587456	Jockie Music		
1495677570442858526	2026-04-20T06:48:41Z	411916947773587456	Jockie Music		
1495676756739227760	2026-04-20T06:45:27Z	411916947773587456	Jockie Music		
1495676376525574294	2026-04-20T06:43:56Z	411916947773587456	Jockie Music		
1495676375548297371	2026-04-20T06:43:56Z	367334632515043329	guahlg		m!shuffle
1495676354925035540	2026-04-20T06:43:51Z	411916947773587456	Jockie Music		
1495676328857305140	2026-04-20T06:43:45Z	367334632515043329	guahlg		m!albumsearch the beatles
1495676123818758304	2026-04-20T06:42:56Z	411916947773587456	Jockie Music		
1495675645877944401	2026-04-20T06:41:02Z	411916947773587456	Jockie Music		
1495675644988751882	2026-04-20T06:41:02Z	367334632515043329	guahlg		m!queueinfo
1495675614504419488	2026-04-20T06:40:54Z	411916947773587456	Jockie Music		
1495675613531602994	2026-04-20T06:40:54Z	367334632515043329	guahlg		m!shuffle
1495675552244301875	2026-04-20T06:40:39Z	367334632515043329	guahlg		m!shuffle
1495675491942662154	2026-04-20T06:40:25Z	411916947773587456	Jockie Music		
1495675490940227704	2026-04-20T06:40:25Z	367334632515043329	guahlg		m!queueinfo
1495673781400633394	2026-04-20T06:33:37Z	411916947773587456	Jockie Music		
1495672583410941982	2026-04-20T06:28:52Z	411916947773587456	Jockie Music		
1495671749306482788	2026-04-20T06:25:33Z	411916947773587456	Jockie Music		
1495671729085743106	2026-04-20T06:25:28Z	367334632515043329	guahlg		m!albumsearch green day
1495671706247761962	2026-04-20T06:25:23Z	411916947773587456	Jockie Music		
1495671692733710427	2026-04-20T06:25:19Z	367334632515043329	guahlg		m!albumsearch green day
1495671661834534943	2026-04-20T06:25:12Z	411916947773587456	Jockie Music		
1495671624681132102	2026-04-20T06:25:03Z	367334632515043329	guahlg		m!albumsearch green day
1495670653414801439	2026-04-20T06:21:11Z	411916947773587456	Jockie Music		
1495669284670804001	2026-04-20T06:15:45Z	411916947773587456	Jockie Music		
1495667954673520682	2026-04-20T06:10:28Z	411916947773587456	Jockie Music		
1495667914634690582	2026-04-20T06:10:19Z	367334632515043329	guahlg		m!albumsearch green day
1495667868216459377	2026-04-20T06:10:07Z	411916947773587456	Jockie Music		
1495665798012731524	2026-04-20T06:01:54Z	411916947773587456	Jockie Music		
1495663498015805530	2026-04-20T05:52:46Z	411916947773587456	Jockie Music		
1495662770639732776	2026-04-20T05:49:52Z	411916947773587456	Jockie Music		
1495662768811147296	2026-04-20T05:49:52Z	411916947773587456	Jockie Music		
1495662751987535924	2026-04-20T05:49:48Z	367334632515043329	guahlg		m!albumsearch american idiot
1495662264332849192	2026-04-20T05:47:51Z	411916947773587456	Jockie Music		
1495661844268978246	2026-04-20T05:46:11Z	411916947773587456	Jockie Music		
1495661127617478679	2026-04-20T05:43:20Z	411916947773587456	Jockie Music		
1495660681981202474	2026-04-20T05:41:34Z	411916947773587456	Jockie Music		
1495660245131989068	2026-04-20T05:39:50Z	411916947773587456	Jockie Music		
1495659849734684692	2026-04-20T05:38:16Z	411916947773587456	Jockie Music		
1495659103203102780	2026-04-20T05:35:18Z	411916947773587456	Jockie Music		
1495658440671101039	2026-04-20T05:32:40Z	411916947773587456	Jockie Music		
1495657877191262209	2026-04-20T05:30:25Z	411916947773587456	Jockie Music		
1495657116961345566	2026-04-20T05:27:24Z	411916947773587456	Jockie Music		
1495656483726037042	2026-04-20T05:24:53Z	411916947773587456	Jockie Music		
1495655542889250900	2026-04-20T05:21:09Z	411916947773587456	Jockie Music		
1495654564894871633	2026-04-20T05:17:16Z	411916947773587456	Jockie Music		
1495653834805088387	2026-04-20T05:14:22Z	411916947773587456	Jockie Music		
1495653144229580913	2026-04-20T05:11:37Z	411916947773587456	Jockie Music		
1495652613956567140	2026-04-20T05:09:31Z	411916947773587456	Jockie Music		Did you know you now get better audio quality with any premium tier <https://www.patreon.com/Jockie>!
1495652612463136899	2026-04-20T05:09:30Z	411916947773587456	Jockie Music		
1495652595056902144	2026-04-20T05:09:26Z	367334632515043329	guahlg		m!albumsearch dookie
1495480102593626263	2026-04-19T17:44:01Z	411916947773587456	Jockie Music		
1495480101121298513	2026-04-19T17:44:00Z	367334632515043329	guahlg		m!stop
1495479995940864071	2026-04-19T17:43:35Z	411916947773587456	Jockie Music		
1495479611339837672	2026-04-19T17:42:04Z	411916947773587456	Jockie Music		
1495479113258107024	2026-04-19T17:40:05Z	411916947773587456	Jockie Music		
1495478811985317989	2026-04-19T17:38:53Z	411916947773587456	Jockie Music		
1495478529746276463	2026-04-19T17:37:46Z	411916947773587456	Jockie Music		
1495477918254629106	2026-04-19T17:35:20Z	411916947773587456	Jockie Music		
1495476895574392872	2026-04-19T17:31:16Z	411916947773587456	Jockie Music		
1495476200796196996	2026-04-19T17:28:30Z	411916947773587456	Jockie Music		
1495475421704097884	2026-04-19T17:25:25Z	411916947773587456	Jockie Music		
1495473460733022380	2026-04-19T17:17:37Z	411916947773587456	Jockie Music		
1495472742768709643	2026-04-19T17:14:46Z	411916947773587456	Jockie Music		
1495471874619211777	2026-04-19T17:11:19Z	411916947773587456	Jockie Music		
1495471380785791089	2026-04-19T17:09:21Z	367334632515043329	guahlg		ok beatles are good, I love green day but this is super good as well
1495471001943670875	2026-04-19T17:07:51Z	411916947773587456	Jockie Music		
1495470237565587636	2026-04-19T17:04:49Z	411916947773587456	Jockie Music		
1495469147180630247	2026-04-19T17:00:29Z	411916947773587456	Jockie Music		
1495468416914559007	2026-04-19T16:57:35Z	411916947773587456	Jockie Music		
1495467695943192761	2026-04-19T16:54:43Z	411916947773587456	Jockie Music		
1495467648664731658	2026-04-19T16:54:31Z	367334632515043329	guahlg		m!albumsearch abbey road
1495467599713140850	2026-04-19T16:54:20Z	411916947773587456	Jockie Music		
1495467598375157881	2026-04-19T16:54:19Z	367334632515043329	guahlg		m!play american idiot
1495467553873461369	2026-04-19T16:54:09Z	367334632515043329	guahlg		The start of this song is beautiful
1495467436638736505	2026-04-19T16:53:41Z	411916947773587456	Jockie Music		
1495467434679734363	2026-04-19T16:53:40Z	367334632515043329	guahlg		m!play longview by green day
1495457011343687832	2026-04-19T16:12:15Z	411916947773587456	Jockie Music		
1495456213398327538	2026-04-19T16:09:05Z	411916947773587456	Jockie Music		
1495455483719319683	2026-04-19T16:06:11Z	411916947773587456	Jockie Music		
1495454792925839514	2026-04-19T16:03:26Z	411916947773587456	Jockie Music		Did you know you now get better audio quality with any premium tier <https://www.patreon.com/Jockie>!
1495454258429038844	2026-04-19T16:01:19Z	411916947773587456	Jockie Music		
1495453338425233408	2026-04-19T15:57:40Z	411916947773587456	Jockie Music		
1495453322734342156	2026-04-19T15:57:36Z	367334632515043329	guahlg		m!albumsearch dookie
1495451957723402322	2026-04-19T15:52:10Z	411916947773587456	Jockie Music		
1495451096863473676	2026-04-19T15:48:45Z	411916947773587456	Jockie Music		
1495451096213225642	2026-04-19T15:48:45Z	367334632515043329	guahlg		m!play jesus of suburbia
1495451017699917825	2026-04-19T15:48:26Z	411916947773587456	Jockie Music		
1495451014843859139	2026-04-19T15:48:26Z	367334632515043329	guahlg		m!play welcome to paradise by green day
1495442171296354435	2026-04-19T15:13:17Z	411916947773587456	Jockie Music		
1495441248050221067	2026-04-19T15:09:37Z	411916947773587456	Jockie Music		
1495440624118272331	2026-04-19T15:07:08Z	367334632515043329	guahlg		How are all these songs perfection
1495440580296310877	2026-04-19T15:06:58Z	367334632515043329	guahlg		the transition between chump and longview is so nice
1495440269540069550	2026-04-19T15:05:44Z	411916947773587456	Jockie Music		
1495439539500486789	2026-04-19T15:02:50Z	411916947773587456	Jockie Music		Did you know you now get better audio quality with any premium tier <https://www.patreon.com/Jockie>!
1495438849688473751	2026-04-19T15:00:05Z	411916947773587456	Jockie Music		
1495438318496649276	2026-04-19T14:57:59Z	411916947773587456	Jockie Music		
1495438316600819898	2026-04-19T14:57:58Z	411916947773587456	Jockie Music		
1495438295595745450	2026-04-19T14:57:53Z	367334632515043329	guahlg		m!albumsearch dookie
1495386142202134618	2026-04-19T11:30:39Z	411916947773587456	Jockie Music		
1495385951042539661	2026-04-19T11:29:53Z	411916947773587456	Jockie Music		
1495385220629794829	2026-04-19T11:26:59Z	411916947773587456	Jockie Music		
1495384530968772740	2026-04-19T11:24:15Z	411916947773587456	Jockie Music		
1495384000171348079	2026-04-19T11:22:08Z	411916947773587456	Jockie Music		
1495383998749216910	2026-04-19T11:22:08Z	411916947773587456	Jockie Music		
1495383981133398138	2026-04-19T11:22:03Z	367334632515043329	guahlg		m!albumsearch dookie
1495383948375888003	2026-04-19T11:21:56Z	411916947773587456	Jockie Music		
1495383947062935572	2026-04-19T11:21:55Z	367334632515043329	guahlg		m!stop
1495383381599584317	2026-04-19T11:19:41Z	411916947773587456	Jockie Music		Did you know you now get better audio quality with any premium tier <https://www.patreon.com/Jockie>!
1495382707868274769	2026-04-19T11:17:00Z	411916947773587456	Jockie Music		
1495381618918035567	2026-04-19T11:12:40Z	411916947773587456	Jockie Music		
1495381191350554744	2026-04-19T11:10:58Z	367334632515043329	guahlg		green day is way better
1495380845232656394	2026-04-19T11:09:36Z	411916947773587456	Jockie Music		
1495380115734134904	2026-04-19T11:06:42Z	367334632515043329	guahlg		ok something new now
1495379992371134649	2026-04-19T11:06:12Z	411916947773587456	Jockie Music		
1495379991175631029	2026-04-19T11:06:12Z	411916947773587456	Jockie Music		
1495379969164050443	2026-04-19T11:06:07Z	367334632515043329	guahlg		m!albumsearch green day
1495379351779282994	2026-04-19T11:03:40Z	411916947773587456	Jockie Music		
1495378439979663361	2026-04-19T11:00:02Z	411916947773587456	Jockie Music		
1495377797613486130	2026-04-19T10:57:29Z	411916947773587456	Jockie Music		
1495376988133654559	2026-04-19T10:54:16Z	411916947773587456	Jockie Music		
1495376695123906691	2026-04-19T10:53:06Z	411916947773587456	Jockie Music		
1495376167623065701	2026-04-19T10:51:01Z	411916947773587456	Jockie Music		
1495375478683340851	2026-04-19T10:48:16Z	411916947773587456	Jockie Music		
1495374616028381216	2026-04-19T10:44:51Z	411916947773587456	Jockie Music		
1495374060165795884	2026-04-19T10:42:38Z	411916947773587456	Jockie Music		
1495373103377944598	2026-04-19T10:38:50Z	411916947773587456	Jockie Music		
1495372331839782992	2026-04-19T10:35:46Z	411916947773587456	Jockie Music		
1495371742707712024	2026-04-19T10:33:26Z	367334632515043329	guahlg		and american idiot is also very good
1495371740241596458	2026-04-19T10:33:25Z	411916947773587456	Jockie Music		
1495371707425493002	2026-04-19T10:33:17Z	367334632515043329	guahlg		just not at the same level as dookie
1495371660071796756	2026-04-19T10:33:06Z	367334632515043329	guahlg		Ya know what this album is quite good as well
1495371124685668384	2026-04-19T10:30:58Z	411916947773587456	Jockie Music		
1495370577928519761	2026-04-19T10:28:48Z	411916947773587456	Jockie Music		
1495369811285512315	2026-04-19T10:25:45Z	411916947773587456	Jockie Music		
1495368982641905795	2026-04-19T10:22:28Z	411916947773587456	Jockie Music		
1495368428356370496	2026-04-19T10:20:15Z	411916947773587456	Jockie Music		
1495368247195734056	2026-04-19T10:19:32Z	367334632515043329	guahlg		this is interesting
1495367705920929957	2026-04-19T10:17:23Z	411916947773587456	Jockie Music		
1495367002754383923	2026-04-19T10:14:36Z	411916947773587456	Jockie Music		
1495367001231720479	2026-04-19T10:14:35Z	411916947773587456	Jockie Music		
1495366950660997190	2026-04-19T10:14:23Z	367334632515043329	guahlg		m!albumsearch green day
1495360409161695304	2026-04-19T09:48:23Z	411916947773587456	Jockie Music		
1495360180215353455	2026-04-19T09:47:29Z	411916947773587456	Jockie Music		
1495359450205388841	2026-04-19T09:44:35Z	411916947773587456	Jockie Music		
1495358759453589534	2026-04-19T09:41:50Z	411916947773587456	Jockie Music		Did you know you now get better audio quality with any premium tier <https://www.patreon.com/Jockie>!
1495358224541421578	2026-04-19T09:39:43Z	411916947773587456	Jockie Music		
1495356016269983875	2026-04-19T09:30:56Z	411916947773587456	Jockie Music		
1495355989883359383	2026-04-19T09:30:50Z	367334632515043329	guahlg		m!albumsearch dookie
1495355924897071236	2026-04-19T09:30:34Z	411916947773587456	Jockie Music		
1495355923563024475	2026-04-19T09:30:34Z	367334632515043329	guahlg		m!play jesus of suburbia
1495321015553757347	2026-04-19T07:11:51Z	411916947773587456	Jockie Music		
1495320260591484939	2026-04-19T07:08:51Z	411916947773587456	Jockie Music		
1495319840364433469	2026-04-19T07:07:11Z	411916947773587456	Jockie Music		
1495319123872190674	2026-04-19T07:04:20Z	411916947773587456	Jockie Music		
1495318677925662780	2026-04-19T07:02:34Z	411916947773587456	Jockie Music		
1495318241487097917	2026-04-19T07:00:50Z	411916947773587456	Jockie Music		
1495317843993034772	2026-04-19T06:59:15Z	411916947773587456	Jockie Music		Did you know you now get better audio quality with any premium tier <https://www.patreon.com/Jockie>!
1495317099160277032	2026-04-19T06:56:18Z	411916947773587456	Jockie Music		
1495316436586070056	2026-04-19T06:53:40Z	411916947773587456	Jockie Music		
1495316078342180928	2026-04-19T06:52:14Z	367334632515043329	guahlg		another 2 bangers in a row
1495315873647427614	2026-04-19T06:51:25Z	411916947773587456	Jockie Music		
1495315112905539716	2026-04-19T06:48:24Z	411916947773587456	Jockie Music		
1495314479863300097	2026-04-19T06:45:53Z	411916947773587456	Jockie Music		
1495313539299020922	2026-04-19T06:42:09Z	411916947773587456	Jockie Music		
1495312844949028904	2026-04-19T06:39:23Z	367334632515043329	guahlg		this song is very good as well
1495312561241981130	2026-04-19T06:38:16Z	411916947773587456	Jockie Music		
1495311830745354332	2026-04-19T06:35:22Z	411916947773587456	Jockie Music		
1495311140354261052	2026-04-19T06:32:37Z	411916947773587456	Jockie Music		
1495310609884123327	2026-04-19T06:30:30Z	411916947773587456	Jockie Music		
1495310608462254080	2026-04-19T06:30:30Z	411916947773587456	Jockie Music		
1495310591190110208	2026-04-19T06:30:26Z	367334632515043329	guahlg		m!albumsearch dookie
1495307253501132831	2026-04-19T06:17:10Z	411916947773587456	Jockie Music		
1495306971165753466	2026-04-19T06:16:03Z	411916947773587456	Jockie Music		
1495306257622499488	2026-04-19T06:13:13Z	411916947773587456	Jockie Music		
1495305808874049608	2026-04-19T06:11:26Z	411916947773587456	Jockie Music		
1495305372733538387	2026-04-19T06:09:42Z	411916947773587456	Jockie Music		
1495304975218118806	2026-04-19T06:08:07Z	411916947773587456	Jockie Music		
1495304231316492409	2026-04-19T06:05:10Z	411916947773587456	Jockie Music		
1495303567358296075	2026-04-19T06:02:31Z	411916947773587456	Jockie Music		
1495303005543731252	2026-04-19T06:00:17Z	411916947773587456	Jockie Music		Did you know you now get better audio quality with any premium tier <https://www.patreon.com/Jockie>!
1495302243916713995	2026-04-19T05:57:16Z	411916947773587456	Jockie Music		
1495301610778132581	2026-04-19T05:54:45Z	411916947773587456	Jockie Music		
1495300669953937409	2026-04-19T05:51:01Z	411916947773587456	Jockie Music		
1495299692295225365	2026-04-19T05:47:07Z	411916947773587456	Jockie Music		
1495298962008178779	2026-04-19T05:44:13Z	411916947773587456	Jockie Music		
1495298271428481064	2026-04-19T05:41:29Z	411916947773587456	Jockie Music		
1495297741662851133	2026-04-19T05:39:22Z	411916947773587456	Jockie Music		
1495297739599249419	2026-04-19T05:39:22Z	411916947773587456	Jockie Music		
1495297719647080509	2026-04-19T05:39:17Z	367334632515043329	guahlg		m!albumsearch dookie
1495297623719022744	2026-04-19T05:38:54Z	439205512425504771	NotSoBot	1495297605356355767	
1495297605356355767	2026-04-19T05:38:50Z	367334632515043329	guahlg		.edit albumsearch dookie
1495297441426051102	2026-04-19T05:38:11Z	411916947773587456	Jockie Music		
1495295141584310374	2026-04-19T05:29:02Z	411916947773587456	Jockie Music		
1495294454649851944	2026-04-19T05:26:19Z	411916947773587456	Jockie Music		
1495294452930052147	2026-04-19T05:26:18Z	367334632515043329	guahlg		m!play jesus of suburbia
1495294411616288808	2026-04-19T05:26:08Z	411916947773587456	Jockie Music		
1495294409346912266	2026-04-19T05:26:08Z	367334632515043329	guahlg		m!play american idiot
1495101292790550621	2026-04-18T16:38:45Z	411916947773587456	Jockie Music		
1495100912182624457	2026-04-18T16:37:15Z	411916947773587456	Jockie Music		
1495100596645003384	2026-04-18T16:35:59Z	411916947773587456	Jockie Music		
1495100595684642989	2026-04-18T16:35:59Z	367334632515043329	guahlg		m!stop
1495100559261171825	2026-04-18T16:35:50Z	411916947773587456	Jockie Music		
1495100558078513234	2026-04-18T16:35:50Z	367334632515043329	guahlg		m!leave
1495100169769980055	2026-04-18T16:34:18Z	411916947773587456	Jockie Music		
1495100044792041483	2026-04-18T16:33:48Z	411916947773587456	Jockie Music		
1495100043513036892	2026-04-18T16:33:47Z	367334632515043329	guahlg		m!queueinfo
1495099504523739269	2026-04-18T16:31:39Z	411916947773587456	Jockie Music		
1495098945527877842	2026-04-18T16:29:26Z	411916947773587456	Jockie Music		
1495098182726582282	2026-04-18T16:26:24Z	411916947773587456	Jockie Music		Did you know you now get better audio quality with any premium tier <https://www.patreon.com/Jockie>!
1495097548157751347	2026-04-18T16:23:53Z	411916947773587456	Jockie Music		
1495096608210030735	2026-04-18T16:20:08Z	411916947773587456	Jockie Music		
1495095604206895114	2026-04-18T16:16:09Z	411916947773587456	Jockie Music		
1495094873974636626	2026-04-18T16:13:15Z	411916947773587456	Jockie Music		
1495094183487078490	2026-04-18T16:10:30Z	411916947773587456	Jockie Music		
1495094131633029241	2026-04-18T16:10:18Z	367334632515043329	guahlg		This music is just so good
1495093773581946970	2026-04-18T16:08:53Z	367334632515043329	guahlg		both are super banger
1495093745799139502	2026-04-18T16:08:46Z	367334632515043329	guahlg		about equally good as american idiot
1495093692321628211	2026-04-18T16:08:33Z	367334632515043329	guahlg		This album is also banger
1495093652878528695	2026-04-18T16:08:24Z	411916947773587456	Jockie Music		
1495093651385094226	2026-04-18T16:08:23Z	411916947773587456	Jockie Music		
1495093629939879998	2026-04-18T16:08:18Z	367334632515043329	guahlg		m!albumsearch green dya
1495093569005027398	2026-04-18T16:08:04Z	411916947773587456	Jockie Music		
1495093567394287808	2026-04-18T16:08:03Z	367334632515043329	guahlg		m!stop
1495092893105524848	2026-04-18T16:05:23Z	411916947773587456	Jockie Music		
1495091779874328838	2026-04-18T16:00:57Z	411916947773587456	Jockie Music		
1495090429622751363	2026-04-18T15:55:35Z	411916947773587456	Jockie Music		
1495089354123772105	2026-04-18T15:51:19Z	411916947773587456	Jockie Music		
1495088539757707285	2026-04-18T15:48:05Z	411916947773587456	Jockie Music		
1495087446033956969	2026-04-18T15:43:44Z	411916947773587456	Jockie Music		
1495086488101322823	2026-04-18T15:39:56Z	411916947773587456	Jockie Music		
1495085757399040081	2026-04-18T15:37:01Z	411916947773587456	Jockie Music		
1495084787466108958	2026-04-18T15:33:10Z	411916947773587456	Jockie Music		
1495083931698069514	2026-04-18T15:29:46Z	411916947773587456	Jockie Music		
1495082779480948897	2026-04-18T15:25:11Z	411916947773587456	Jockie Music		
1495081786466898190	2026-04-18T15:21:15Z	411916947773587456	Jockie Music		
1495081002710863933	2026-04-18T15:18:08Z	411916947773587456	Jockie Music		
1495079840603177060	2026-04-18T15:13:31Z	411916947773587456	Jockie Music		
1495078957161381968	2026-04-18T15:10:00Z	411916947773587456	Jockie Music		
1495078152970567890	2026-04-18T15:06:48Z	411916947773587456	Jockie Music		
1495076856020598876	2026-04-18T15:01:39Z	411916947773587456	Jockie Music		
1495076612905894050	2026-04-18T15:00:41Z	411916947773587456	Jockie Music		
1495075457408827462	2026-04-18T14:56:06Z	411916947773587456	Jockie Music		
1495075433689911337	2026-04-18T14:56:00Z	367334632515043329	guahlg		m!albumsearch green day
1495075325770731663	2026-04-18T14:55:34Z	411916947773587456	Jockie Music		
1495075324986261534	2026-04-18T14:55:34Z	367334632515043329	guahlg		m!queueinfo
1495075217905811486	2026-04-18T14:55:09Z	411916947773587456	Jockie Music		
1495073090781319188	2026-04-18T14:46:41Z	411916947773587456	Jockie Music		
1495071665132933291	2026-04-18T14:41:02Z	411916947773587456	Jockie Music		
1495069583252521030	2026-04-18T14:32:45Z	411916947773587456	Jockie Music		
1495067420086239323	2026-04-18T14:24:09Z	411916947773587456	Jockie Music		
1495067416928063538	2026-04-18T14:24:09Z	411916947773587456	Jockie Music		
1495067415984472165	2026-04-18T14:24:08Z	367334632515043329	guahlg		m!insert master of puppets
1495067374221656225	2026-04-18T14:23:59Z	411916947773587456	Jockie Music		
1495067373248581823	2026-04-18T14:23:58Z	367334632515043329	guahlg		m!queueinfo
1495065796026568859	2026-04-18T14:17:42Z	411916947773587456	Jockie Music		
1495064134566543460	2026-04-18T14:11:06Z	411916947773587456	Jockie Music		
1495061972939702475	2026-04-18T14:02:31Z	411916947773587456	Jockie Music		
1495060663003779252	2026-04-18T13:57:18Z	411916947773587456	Jockie Music		
1495058972166848614	2026-04-18T13:50:35Z	411916947773587456	Jockie Music		
1495057997905526786	2026-04-18T13:46:43Z	411916947773587456	Jockie Music		
1495057182834688000	2026-04-18T13:43:29Z	411916947773587456	Jockie Music		
1495056295764426853	2026-04-18T13:39:57Z	411916947773587456	Jockie Music		
1495055639850778655	2026-04-18T13:37:21Z	411916947773587456	Jockie Music		
1495054700922540202	2026-04-18T13:33:37Z	411916947773587456	Jockie Music		
1495054101459763220	2026-04-18T13:31:14Z	411916947773587456	Jockie Music		
1495053372175159498	2026-04-18T13:28:20Z	411916947773587456	Jockie Music		
1495052293098307665	2026-04-18T13:24:03Z	411916947773587456	Jockie Music		
1495051522294153326	2026-04-18T13:20:59Z	411916947773587456	Jockie Music		
1495050603414421636	2026-04-18T13:17:20Z	411916947773587456	Jockie Music		
1495049533678157864	2026-04-18T13:13:05Z	411916947773587456	Jockie Music		
1495048267044749493	2026-04-18T13:08:03Z	411916947773587456	Jockie Music		
1495046236741308537	2026-04-18T12:59:59Z	411916947773587456	Jockie Music		Did you know you now get better audio quality with any premium tier <https://www.patreon.com/Jockie>!
1495046213047816263	2026-04-18T12:59:53Z	367334632515043329	guahlg		m!albumsearch metallica
1495046114490056817	2026-04-18T12:59:30Z	411916947773587456	Jockie Music		
1495046091731898538	2026-04-18T12:59:24Z	367334632515043329	guahlg		m!albumsearch nirvana
1495045968041611294	2026-04-18T12:58:55Z	411916947773587456	Jockie Music		
1495045966636781568	2026-04-18T12:58:55Z	367334632515043329	guahlg		m!play jesus of suburbia
1495021052764487690	2026-04-18T11:19:55Z	411916947773587456	Jockie Music		
1495020422968639709	2026-04-18T11:17:24Z	411916947773587456	Jockie Music		
1495019520325324933	2026-04-18T11:13:49Z	411916947773587456	Jockie Music		
1495018862725431326	2026-04-18T11:11:12Z	411916947773587456	Jockie Music		
1495018157126193224	2026-04-18T11:08:24Z	411916947773587456	Jockie Music		
1495017282789703691	2026-04-18T11:04:56Z	411916947773587456	Jockie Music		
1495016593711960148	2026-04-18T11:02:12Z	411916947773587456	Jockie Music		
1495016079024459876	2026-04-18T11:00:09Z	411916947773587456	Jockie Music		
1495013931406721044	2026-04-18T10:51:37Z	411916947773587456	Jockie Music		
1495013850699796542	2026-04-18T10:51:18Z	367334632515043329	guahlg		m!albumsearch beatles
1495013779744882778	2026-04-18T10:51:01Z	411916947773587456	Jockie Music		Did you know you now get better audio quality with any premium tier <https://www.patreon.com/Jockie>!
1495013778503503952	2026-04-18T10:51:00Z	367334632515043329	guahlg		m!play jesus of suburbia
1495007337927282718	2026-04-18T10:25:25Z	411916947773587456	Jockie Music		
1495002304858816522	2026-04-18T10:05:25Z	411916947773587456	Jockie Music		
1495002303931879595	2026-04-18T10:05:25Z	367334632515043329	guahlg		m!pause
1495001598760452268	2026-04-18T10:02:36Z	411916947773587456	Jockie Music		
1495001045024112710	2026-04-18T10:00:24Z	411916947773587456	Jockie Music		Did you know you now get better audio quality with any premium tier <https://www.patreon.com/Jockie>!
1495000987520204832	2026-04-18T10:00:11Z	367334632515043329	guahlg		m!albumsearch greenday
1495000922726727751	2026-04-18T09:59:55Z	411916947773587456	Jockie Music		
1495000921569230978	2026-04-18T09:59:55Z	367334632515043329	guahlg		m!play Jesus of Suburbia
1495000868464885843	2026-04-18T09:59:42Z	411916947773587456	Jockie Music		
1495000867223638037	2026-04-18T09:59:42Z	367334632515043329	guahlg		m!play american idiot
1494966478502625361	2026-04-18T07:43:03Z	411916947773587456	Jockie Music		
1494965329250484254	2026-04-18T07:38:29Z	411916947773587456	Jockie Music		Did you know you now get better audio quality with any premium tier <https://www.patreon.com/Jockie>!
1494963910804246630	2026-04-18T07:32:51Z	411916947773587456	Jockie Music		
1494961842009673840	2026-04-18T07:24:38Z	411916947773587456	Jockie Music		
1494959541912338513	2026-04-18T07:15:29Z	411916947773587456	Jockie Music		
1494958814791860345	2026-04-18T07:12:36Z	411916947773587456	Jockie Music		
1494958813546152016	2026-04-18T07:12:36Z	411916947773587456	Jockie Music		
1494958785595183227	2026-04-18T07:12:29Z	367334632515043329	guahlg		m!albumsearch american idiot
1494958753378730087	2026-04-18T07:12:21Z	411916947773587456	Jockie Music		
1494958751982161960	2026-04-18T07:12:21Z	367334632515043329	guahlg		m!albumsearch american idiot
1494947600787443762	2026-04-18T06:28:02Z	411916947773587456	Jockie Music		
1494946871221948437	2026-04-18T06:25:08Z	411916947773587456	Jockie Music		
1494946870374694983	2026-04-18T06:25:08Z	367334632515043329	guahlg		m!leave
1494946139206586379	2026-04-18T06:22:14Z	367334632515043329	guahlg		Second song is like 9 minutes though
1494946113042518056	2026-04-18T06:22:08Z	411916947773587456	Jockie Music		
1494946066817093674	2026-04-18T06:21:57Z	367334632515043329	guahlg		they are so fricking good
1494946040359551167	2026-04-18T06:21:50Z	367334632515043329	guahlg		You should at least listen to these two songs
1494945780136411146	2026-04-18T06:20:48Z	806180625991335966	walnutty2		no.
1494945671596474471	2026-04-18T06:20:22Z	367334632515043329	guahlg		<@806180625991335966> THis is music is better than an average beatles song for sure
1494943813326868560	2026-04-18T06:12:59Z	411916947773587456	Jockie Music		
1494943086084882462	2026-04-18T06:10:06Z	411916947773587456	Jockie Music		
1494943084599971930	2026-04-18T06:10:06Z	411916947773587456	Jockie Music		
1494943059673088170	2026-04-18T06:10:00Z	367334632515043329	guahlg		m!albumsearch american idiot
1494938993102684211	2026-04-18T05:53:50Z	367334632515043329	guahlg		and speedrunning equation systems (seems pretty easy, just not something I have done before)
1494938849674268772	2026-04-18T05:53:16Z	367334632515043329	guahlg		learning linear algebra
1494938804014809130	2026-04-18T05:53:05Z	367334632515043329	guahlg		nevermind I have to concentrate now
1494938769546280980	2026-04-18T05:52:57Z	411916947773587456	Jockie Music		
1494938768531001478	2026-04-18T05:52:57Z	367334632515043329	guahlg		m!leave
1494938669541232660	2026-04-18T05:52:33Z	411916947773587456	Jockie Music		
1494938668039667794	2026-04-18T05:52:33Z	411916947773587456	Jockie Music		
1494938639262548030	2026-04-18T05:52:26Z	367334632515043329	guahlg		m!albumsearch green day
1494934531030122577	2026-04-18T05:36:06Z	411916947773587456	Jockie Music		
1494933775925117100	2026-04-18T05:33:06Z	411916947773587456	Jockie Music		
1494933184062685225	2026-04-18T05:30:45Z	411916947773587456	Jockie Music		
1494932587066429581	2026-04-18T05:28:23Z	411916947773587456	Jockie Music		
1494932295566626847	2026-04-18T05:27:13Z	806180625991335966	walnutty2		legendary album btw
1494932021905199185	2026-04-18T05:26:08Z	411916947773587456	Jockie Music		
1494931408437645402	2026-04-18T05:23:42Z	411916947773587456	Jockie Music		
1494930794463105098	2026-04-18T05:21:15Z	411916947773587456	Jockie Music		
1494930158686310511	2026-04-18T05:18:44Z	411916947773587456	Jockie Music		
1494929452495536188	2026-04-18T05:15:55Z	411916947773587456	Jockie Music		
1494928769528365198	2026-04-18T05:13:13Z	411916947773587456	Jockie Music		
1494928085693366407	2026-04-18T05:10:30Z	411916947773587456	Jockie Music		
1494927506430627840	2026-04-18T05:08:11Z	411916947773587456	Jockie Music		
1494926818388738058	2026-04-18T05:05:27Z	411916947773587456	Jockie Music		
1494925974578528346	2026-04-18T05:02:06Z	411916947773587456	Jockie Music		
1494925451146297524	2026-04-18T05:00:01Z	411916947773587456	Jockie Music		
1494924827872595969	2026-04-18T04:57:33Z	411916947773587456	Jockie Music		
1494924781068488714	2026-04-18T04:57:22Z	592379464294596618	el_ocelote		gotta sleep thru september since your father died
1494924730858340452	2026-04-18T04:57:10Z	592379464294596618	el_ocelote	1494769507590344985	for real
1494924196688564338	2026-04-18T04:55:02Z	411916947773587456	Jockie Music		
1494924142993215631	2026-04-18T04:54:50Z	367334632515043329	guahlg		m!albumsearch the beatles
1494924097011060766	2026-04-18T04:54:39Z	411916947773587456	Jockie Music		Did you know you now get better audio quality with any premium tier <https://www.patreon.com/Jockie>!
1494924095635198073	2026-04-18T04:54:38Z	367334632515043329	guahlg		m!play american idiot
1494924059455258625	2026-04-18T04:54:30Z	367334632515043329	guahlg		September is quite mid ngl
1494769542147211394	2026-04-17T18:40:30Z	1211675521671241798	matitoxx1		Especially september 2025
1494769525176926229	2026-04-17T18:40:26Z	1211675521671241798	matitoxx1		September sucks
1494769507590344985	2026-04-17T18:40:22Z	1211675521671241798	matitoxx1	1494736792862068877	this title is very true
1494738428921778349	2026-04-17T16:36:52Z	411916947773587456	Jockie Music		
1494738427562692649	2026-04-17T16:36:52Z	367334632515043329	guahlg		m!leave
1494737990927384687	2026-04-17T16:35:07Z	411916947773587456	Jockie Music		
1494736792862068877	2026-04-17T16:30:22Z	411916947773587456	Jockie Music		
1494734863213924413	2026-04-17T16:22:42Z	411916947773587456	Jockie Music		
1494733494289694841	2026-04-17T16:17:15Z	411916947773587456	Jockie Music		
1494732076199444610	2026-04-17T16:11:37Z	411916947773587456	Jockie Music		
1494730007254143148	2026-04-17T16:03:24Z	411916947773587456	Jockie Music		
1494730006193246480	2026-04-17T16:03:24Z	411916947773587456	Jockie Music		
1494730005194870814	2026-04-17T16:03:23Z	367334632515043329	guahlg		m!skip
1494729899855057077	2026-04-17T16:02:58Z	411916947773587456	Jockie Music		
1494729519326695616	2026-04-17T16:01:28Z	367334632515043329	guahlg		if not more lol
1494729502612262923	2026-04-17T16:01:24Z	367334632515043329	guahlg		so it seems like 3 songs basically
1494729466558283776	2026-04-17T16:01:15Z	367334632515043329	guahlg		Just extremely long
1494729436392591511	2026-04-17T16:01:08Z	367334632515043329	guahlg	1494727583286165697	This is song is veeeeery banger though.
1494727825784311950	2026-04-17T15:54:44Z	367334632515043329	guahlg		I will return to beatles after this I pwomice
1494727662361509898	2026-04-17T15:54:05Z	411916947773587456	Jockie Music		
1494727660448907365	2026-04-17T15:54:04Z	367334632515043329	guahlg		m!insert smells like teenage spirit
1494727583286165697	2026-04-17T15:53:46Z	411916947773587456	Jockie Music		
1494727454332420106	2026-04-17T15:53:15Z	367334632515043329	guahlg		m!help
1494726855289213090	2026-04-17T15:50:52Z	411916947773587456	Jockie Music		
1494726852885872662	2026-04-17T15:50:52Z	411916947773587456	Jockie Music		
1494726822795935785	2026-04-17T15:50:45Z	367334632515043329	guahlg		m!albumsearch green day
1494719986520952976	2026-04-17T15:23:35Z	1211675521671241798	matitoxx1	1494383588362162307	We luvv american idiot
1494392751024898168	2026-04-16T17:43:16Z	411916947773587456	Jockie Music		
1494391566721355806	2026-04-16T17:38:33Z	592379464294596618	el_ocelote		m!queue
1494391473549086822	2026-04-16T17:38:11Z	411916947773587456	Jockie Music		
1494390105153212467	2026-04-16T17:32:45Z	411916947773587456	Jockie Music		
1494388943486189659	2026-04-16T17:28:08Z	411916947773587456	Jockie Music		
1494388942433292370	2026-04-16T17:28:08Z	592379464294596618	el_ocelote		m!queueinformation
1494388687369408524	2026-04-16T17:27:07Z	411916947773587456	Jockie Music		
1494387835359330396	2026-04-16T17:23:44Z	367334632515043329	guahlg		actually crazy
1494387803897860128	2026-04-16T17:23:36Z	367334632515043329	guahlg		These songs got to be like super long lol
1494386622047715398	2026-04-16T17:18:55Z	411916947773587456	Jockie Music		
1494384318179442739	2026-04-16T17:09:45Z	411916947773587456	Jockie Music		
1494383589956128874	2026-04-16T17:06:52Z	411916947773587456	Jockie Music		Did you know you now get better audio quality with any premium tier <https://www.patreon.com/Jockie>!
1494383588362162307	2026-04-16T17:06:51Z	411916947773587456	Jockie Music		
1494383572298236045	2026-04-16T17:06:47Z	367334632515043329	guahlg		m!albumsearch american idiot
1494367571867340903	2026-04-16T16:03:13Z	411916947773587456	Jockie Music		
1494366816540168232	2026-04-16T16:00:13Z	411916947773587456	Jockie Music		
1494365759063855285	2026-04-16T15:56:00Z	411916947773587456	Jockie Music		
1494365220695707788	2026-04-16T15:53:52Z	367334632515043329	guahlg		Personal favorite Green day songs currently: American idiot, Basket case
1494365080639373402	2026-04-16T15:53:19Z	367334632515043329	guahlg		Beatles is overall a bit better imo but some of these songs are way above an average beatles song imo
1494364957511258383	2026-04-16T15:52:49Z	367334632515043329	guahlg	1494359496208810136	def not
1494364797754544288	2026-04-16T15:52:11Z	367334632515043329	guahlg	1494362535242105072	You kinda do lol
1494363417199382601	2026-04-16T15:46:42Z	411916947773587456	Jockie Music		
1494362535242105072	2026-04-16T15:43:12Z	806180625991335966	walnutty2	1494361390016761898	no i don't lol
1494362218840588311	2026-04-16T15:41:56Z	411916947773587456	Jockie Music		
1494361390016761898	2026-04-16T15:38:39Z	592379464294596618	el_ocelote	1494359518157475962	you hate rock so
1494360288605245491	2026-04-16T15:34:16Z	411916947773587456	Jockie Music		
1494359536331395134	2026-04-16T15:31:17Z	806180625991335966	walnutty2		very mid actually
1494359518157475962	2026-04-16T15:31:12Z	806180625991335966	walnutty2		these are no good bro
1494359496208810136	2026-04-16T15:31:07Z	806180625991335966	walnutty2		holy average songs
1494358920142262396	2026-04-16T15:28:50Z	411916947773587456	Jockie Music		
1494357503427870810	2026-04-16T15:23:12Z	411916947773587456	Jockie Music		
1494355432829878302	2026-04-16T15:14:58Z	411916947773587456	Jockie Music		
1494353133369823254	2026-04-16T15:05:50Z	411916947773587456	Jockie Music		
1494352422792073317	2026-04-16T15:03:01Z	367334632515043329	guahlg		this is better
1494352403594481805	2026-04-16T15:02:56Z	411916947773587456	Jockie Music		
1494352401686335580	2026-04-16T15:02:56Z	411916947773587456	Jockie Music		
1494352399932981480	2026-04-16T15:02:55Z	367334632515043329	guahlg		m!skip
1494352380400107542	2026-04-16T15:02:51Z	411916947773587456	Jockie Music		
1494352378948751492	2026-04-16T15:02:50Z	367334632515043329	guahlg		m!queueinfo
1494352324645224559	2026-04-16T15:02:37Z	367334632515043329	guahlg		I get it and it's okay music with some kind of interesting songs but it is not really my thing
1494352224988434664	2026-04-16T15:02:14Z	367334632515043329	guahlg		okay this music is just making me depressed at this point
1494351822599749662	2026-04-16T15:00:38Z	411916947773587456	Jockie Music		
1494350736056651879	2026-04-16T14:56:19Z	411916947773587456	Jockie Music		
1494349775133474816	2026-04-16T14:52:30Z	411916947773587456	Jockie Music		
1494349590974038036	2026-04-16T14:51:46Z	411916947773587456	Jockie Music		
1494349567674548295	2026-04-16T14:51:40Z	367334632515043329	guahlg		m!albumsearch american idiot
1494349457989570720	2026-04-16T14:51:14Z	411916947773587456	Jockie Music		
1494349456836137065	2026-04-16T14:51:14Z	367334632515043329	guahlg		m!queueinfo
1494348583976046792	2026-04-16T14:47:46Z	411916947773587456	Jockie Music		
1494347720130035913	2026-04-16T14:44:20Z	367334632515043329	guahlg		Definitely not something I'll listen to too regularily
1494347646650028193	2026-04-16T14:44:02Z	367334632515043329	guahlg		but only kinda
1494347623220383826	2026-04-16T14:43:57Z	367334632515043329	guahlg		I kinda like it though
1494347611816198174	2026-04-16T14:43:54Z	411916947773587456	Jockie Music		
1494347570879926395	2026-04-16T14:43:44Z	367334632515043329	guahlg		These songs are weird
1494347123158810884	2026-04-16T14:41:57Z	411916947773587456	Jockie Music		
1494346011513061386	2026-04-16T14:37:32Z	411916947773587456	Jockie Music		
1494344754652250163	2026-04-16T14:32:33Z	411916947773587456	Jockie Music		
1494344705851261110	2026-04-16T14:32:21Z	411916947773587456	Jockie Music		
1494344699371192472	2026-04-16T14:32:19Z	367334632515043329	guahlg		m!queueinfo
1494343634479218798	2026-04-16T14:28:06Z	411916947773587456	Jockie Music		
1494342513501143050	2026-04-16T14:23:38Z	411916947773587456	Jockie Music		
1494340887247851540	2026-04-16T14:17:11Z	411916947773587456	Jockie Music		Did you know you now get better audio quality with any premium tier <https://www.patreon.com/Jockie>!
1494339759634382963	2026-04-16T14:12:42Z	411916947773587456	Jockie Music		
1494339758871023708	2026-04-16T14:12:42Z	367334632515043329	guahlg		m!queueinfo
1494339708703211743	2026-04-16T14:12:30Z	367334632515043329	guahlg	1494030650892881991	sure buddy
1494339684636299345	2026-04-16T14:12:24Z	411916947773587456	Jockie Music		
1494339682799194356	2026-04-16T14:12:23Z	411916947773587456	Jockie Music		
1494339641871044722	2026-04-16T14:12:14Z	367334632515043329	guahlg		m!albumsearch radiohead
1494031341392629962	2026-04-15T17:47:09Z	411916947773587456	Jockie Music		
1494031217513992202	2026-04-15T17:46:40Z	411916947773587456	Jockie Music		
1494030650892881991	2026-04-15T17:44:24Z	592379464294596618	el_ocelote		btw <@367334632515043329> you should also check out radiohead
1494030603647975496	2026-04-15T17:44:13Z	411916947773587456	Jockie Music		
1494030057918693449	2026-04-15T17:42:03Z	411916947773587456	Jockie Music		
1494029291372150984	2026-04-15T17:39:00Z	411916947773587456	Jockie Music		
1494028460228743348	2026-04-15T17:35:42Z	411916947773587456	Jockie Music		
1494027905452212262	2026-04-15T17:33:30Z	411916947773587456	Jockie Music		
1494027186615750878	2026-04-15T17:30:38Z	411916947773587456	Jockie Music		
1494026482610344111	2026-04-15T17:27:51Z	411916947773587456	Jockie Music		
1494026481293066441	2026-04-15T17:27:50Z	411916947773587456	Jockie Music		Did you know you now get better audio quality with any premium tier <https://www.patreon.com/Jockie>!
1494026457926603028	2026-04-15T17:27:45Z	367334632515043329	guahlg		m!album search green day
1494025873484152863	2026-04-15T17:25:25Z	411916947773587456	Jockie Music		
1494024817068998779	2026-04-15T17:21:14Z	411916947773587456	Jockie Music		
1494022472167723232	2026-04-15T17:11:54Z	411916947773587456	Jockie Music		
1494021275365019671	2026-04-15T17:07:09Z	411916947773587456	Jockie Music		
1494019345075015801	2026-04-15T16:59:29Z	411916947773587456	Jockie Music		
1494017976297586758	2026-04-15T16:54:03Z	411916947773587456	Jockie Music		
1494016558148620288	2026-04-15T16:48:24Z	411916947773587456	Jockie Music		
1494014488893198516	2026-04-15T16:40:11Z	411916947773587456	Jockie Music		
1494012190028595366	2026-04-15T16:31:03Z	411916947773587456	Jockie Music		
1494011552611700816	2026-04-15T16:28:31Z	592379464294596618	el_ocelote		xdxd
1494011529509732664	2026-04-15T16:28:26Z	367334632515043329	guahlg		I will make sure to hear nath as well
1494011500426428507	2026-04-15T16:28:19Z	367334632515043329	guahlg		lol
1494011476908970136	2026-04-15T16:28:13Z	592379464294596618	el_ocelote		😭
1494011461666607185	2026-04-15T16:28:09Z	411916947773587456	Jockie Music		
1494011460425220187	2026-04-15T16:28:09Z	411916947773587456	Jockie Music		
1494011442213425222	2026-04-15T16:28:05Z	367334632515043329	guahlg		m!albumsearch green day
1493993206629666919	2026-04-15T15:15:37Z	411916947773587456	Jockie Music		
1493992451747348572	2026-04-15T15:12:37Z	411916947773587456	Jockie Music		
1493991394753249422	2026-04-15T15:08:25Z	411916947773587456	Jockie Music		
1493989051844395120	2026-04-15T14:59:06Z	411916947773587456	Jockie Music		
1493987853846184107	2026-04-15T14:54:21Z	411916947773587456	Jockie Music		
1493985923845587105	2026-04-15T14:46:41Z	411916947773587456	Jockie Music		
1493984555311436047	2026-04-15T14:41:14Z	411916947773587456	Jockie Music		
1493983138844770506	2026-04-15T14:35:37Z	411916947773587456	Jockie Music		
1493981067357589598	2026-04-15T14:27:23Z	411916947773587456	Jockie Music		
1493978768245657772	2026-04-15T14:18:15Z	411916947773587456	Jockie Music		
1493978042270224554	2026-04-15T14:15:22Z	411916947773587456	Jockie Music		
1493978039972008026	2026-04-15T14:15:21Z	411916947773587456	Jockie Music		
1493978018375536711	2026-04-15T14:15:16Z	367334632515043329	guahlg		m!albumsearch green day
1493977960309592224	2026-04-15T14:15:02Z	411916947773587456	Jockie Music		
1493977538148696286	2026-04-15T14:13:21Z	411916947773587456	Jockie Music		Did you know you now get better audio quality with any premium tier <https://www.patreon.com/Jockie>!
1493976836252631212	2026-04-15T14:10:34Z	411916947773587456	Jockie Music		
1493976375047098560	2026-04-15T14:08:44Z	411916947773587456	Jockie Music		
1493975939351056435	2026-04-15T14:07:00Z	411916947773587456	Jockie Music		
1493975539474497538	2026-04-15T14:05:25Z	411916947773587456	Jockie Music		
1493974794159521902	2026-04-15T14:02:27Z	411916947773587456	Jockie Music		
1493974131589513288	2026-04-15T13:59:49Z	411916947773587456	Jockie Music		
1493973568537759917	2026-04-15T13:57:35Z	411916947773587456	Jockie Music		
1493972807934279700	2026-04-15T13:54:34Z	411916947773587456	Jockie Music		
1493972174615220296	2026-04-15T13:52:03Z	411916947773587456	Jockie Music		
1493971234847723520	2026-04-15T13:48:19Z	411916947773587456	Jockie Music		
1493970256278847610	2026-04-15T13:44:25Z	411916947773587456	Jockie Music		
1493969525698461778	2026-04-15T13:41:31Z	411916947773587456	Jockie Music		
1493968835202519091	2026-04-15T13:38:46Z	411916947773587456	Jockie Music		
1493968305218912367	2026-04-15T13:36:40Z	411916947773587456	Jockie Music		
1493968303650242690	2026-04-15T13:36:40Z	411916947773587456	Jockie Music		
1493968279222616135	2026-04-15T13:36:34Z	367334632515043329	guahlg		m!albumsearch green day
1493632957972218027	2026-04-14T15:24:07Z	592379464294596618	el_ocelote		now even worse rabbit hole but jjk
1493632956705669242	2026-04-14T15:24:07Z	592379464294596618	el_ocelote	1493361355540135956	
1493632871477547160	2026-04-14T15:23:46Z	592379464294596618	el_ocelote		mesmerizer but jjk
1493632756599623750	2026-04-14T15:23:19Z	352018607498199051	ag101		the frick did i just watch
1493361016686514206	2026-04-13T21:23:31Z	592379464294596618	el_ocelote		https://youtu.be/mfjgoXz9KKQ
1492944509066018878	2026-04-12T17:48:28Z	592379464294596618	el_ocelote		sad!
1492944023776919715	2026-04-12T17:46:32Z	411916947773587456	Jockie Music		
1492943816397684818	2026-04-12T17:45:43Z	411916947773587456	Jockie Music		
1492942185891365085	2026-04-12T17:39:14Z	411916947773587456	Jockie Music		
1492941463548596254	2026-04-12T17:36:22Z	592379464294596618	el_ocelote		m!queue
1492941178306302054	2026-04-12T17:35:14Z	411916947773587456	Jockie Music		
1492940624813363472	2026-04-12T17:33:02Z	411916947773587456	Jockie Music		
1492940622573863064	2026-04-12T17:33:01Z	592379464294596618	el_ocelote		m!play https://music.apple.com/us/album/bring-your-daughter-to-the-slaughter-2015-remaster/1716081865?i=1716081875
1492940250920780068	2026-04-12T17:31:33Z	411916947773587456	Jockie Music		
1492940249217896598	2026-04-12T17:31:32Z	592379464294596618	el_ocelote		m!play https://music.apple.com/us/album/empire-of-the-clouds/1716356735?i=1716356746
1492940176220094495	2026-04-12T17:31:15Z	411916947773587456	Jockie Music		
1492940174173147216	2026-04-12T17:31:15Z	592379464294596618	el_ocelote		m!play https://music.apple.com/us/album/fear-of-the-dark/1713839098?i=1713839110
1492940076181622854	2026-04-12T17:30:51Z	411916947773587456	Jockie Music		
1492938051079635075	2026-04-12T17:22:48Z	411916947773587456	Jockie Music		
1492938050404094102	2026-04-12T17:22:48Z	433780070327255051	chromosoze		m!play https://youtu.be/rqN_tWr_sPE
1492937791598759977	2026-04-12T17:21:46Z	592379464294596618	el_ocelote		out of mod stuff!
1492937622492938310	2026-04-12T17:21:06Z	411916947773587456	Jockie Music		
1492937046526791982	2026-04-12T17:18:49Z	592379464294596618	el_ocelote		https://tenor.com/view/johnny-test-dukey-dancing-dance-dance-moves-gif-24196403
1492936987995279462	2026-04-12T17:18:35Z	592379464294596618	el_ocelote		but yall arent american so you wont know johnny test probably 😔
1492936942835208352	2026-04-12T17:18:24Z	592379464294596618	el_ocelote	1492936879346024571	sounds like the johnny test intro
1492936879346024571	2026-04-12T17:18:09Z	411916947773587456	Jockie Music		
1492936698311741611	2026-04-12T17:17:26Z	411916947773587456	Jockie Music		
1492936684827050104	2026-04-12T17:17:23Z	592379464294596618	el_ocelote		m!play seventh son of the seventh son
1492936647027855471	2026-04-12T17:17:14Z	411916947773587456	Jockie Music		
1492936644985098241	2026-04-12T17:17:13Z	592379464294596618	el_ocelote		m!play moonchild iron maiden
1492936455138312295	2026-04-12T17:16:28Z	411916947773587456	Jockie Music		
1492936453054009576	2026-04-12T17:16:27Z	592379464294596618	el_ocelote		m!play the number of hte beast
1492936438797308056	2026-04-12T17:16:24Z	411916947773587456	Jockie Music		
1492936437614772346	2026-04-12T17:16:24Z	592379464294596618	el_ocelote		m!play run for the hills iron maiden
1492936173427884093	2026-04-12T17:15:21Z	411916947773587456	Jockie Music		
1492936154654445658	2026-04-12T17:15:16Z	592379464294596618	el_ocelote		m!remove
1492936139244310720	2026-04-12T17:15:13Z	411916947773587456	Jockie Music		
1492936136870334516	2026-04-12T17:15:12Z	592379464294596618	el_ocelote		m!play run for the hills
1492936099264466974	2026-04-12T17:15:03Z	411916947773587456	Jockie Music		
1492936097745993738	2026-04-12T17:15:03Z	592379464294596618	el_ocelote		m!play for whom the bell tolls
1492936071846170795	2026-04-12T17:14:56Z	411916947773587456	Jockie Music		
1492936070063591445	2026-04-12T17:14:56Z	592379464294596618	el_ocelote		m!play ride the lightning
1492936045958791279	2026-04-12T17:14:50Z	411916947773587456	Jockie Music		
1492936045015334932	2026-04-12T17:14:50Z	592379464294596618	el_ocelote		m!play the unforgiven
1492936030020436169	2026-04-12T17:14:46Z	411916947773587456	Jockie Music		
1492936028649033888	2026-04-12T17:14:46Z	592379464294596618	el_ocelote		m!play nothing else matters
1492936000756777143	2026-04-12T17:14:39Z	411916947773587456	Jockie Music		
1492935999494557837	2026-04-12T17:14:39Z	592379464294596618	el_ocelote		m!play dont tread on me
1492935680836239671	2026-04-12T17:13:23Z	411916947773587456	Jockie Music		
1492935468835274934	2026-04-12T17:12:33Z	411916947773587456	Jockie Music		
1492935466603905095	2026-04-12T17:12:32Z	592379464294596618	el_ocelote		m!play https://music.apple.com/us/album/the-wizard/787645011?i=787645013
1492935366922076400	2026-04-12T17:12:08Z	411916947773587456	Jockie Music		
1492935360592744589	2026-04-12T17:12:07Z	592379464294596618	el_ocelote		m!play https://music.apple.com/us/album/wasp-behind-the-wall-of-sleep-bassically-n-i-b/787645011?i=787645015
1492935309871157248	2026-04-12T17:11:55Z	592379464294596618	el_ocelote		what
1492935299645313126	2026-04-12T17:11:52Z	411916947773587456	Jockie Music		
1492935297724584028	2026-04-12T17:11:52Z	592379464294596618	el_ocelote		m!play Wasp / Behind the Wall of Sleep / Bassically / N.I.B.        9:44    Black Sabbath    Black Sabbath    Metal    1    10
1492934999719149682	2026-04-12T17:10:41Z	411916947773587456	Jockie Music		
1492934998385360997	2026-04-12T17:10:41Z	592379464294596618	el_ocelote		m!play american idiot
1492934947978215555	2026-04-12T17:10:28Z	411916947773587456	Jockie Music		
1492934945851838534	2026-04-12T17:10:28Z	592379464294596618	el_ocelote		m!play wake me up when september ends
1492934890553872555	2026-04-12T17:10:15Z	411916947773587456	Jockie Music		
1492934885948522587	2026-04-12T17:10:14Z	367334632515043329	guahlg		m!play basket case
1492934770055712888	2026-04-12T17:09:46Z	411916947773587456	Jockie Music		
1492933692383956994	2026-04-12T17:05:29Z	411916947773587456	Jockie Music		
1492932208615231728	2026-04-12T16:59:35Z	411916947773587456	Jockie Music		
1492931447311433748	2026-04-12T16:56:34Z	411916947773587456	Jockie Music		
1492930561881407519	2026-04-12T16:53:03Z	411916947773587456	Jockie Music		
1492929979867205796	2026-04-12T16:50:44Z	411916947773587456	Jockie Music		
1492929978311118990	2026-04-12T16:50:44Z	592379464294596618	el_ocelote		m!play fat bottom girls
1492929926796677262	2026-04-12T16:50:31Z	411916947773587456	Jockie Music		
1492929924409982976	2026-04-12T16:50:31Z	592379464294596618	el_ocelote		m!play bohemian raspsody
1492929861160009758	2026-04-12T16:50:16Z	411916947773587456	Jockie Music		
1492929859528425603	2026-04-12T16:50:15Z	592379464294596618	el_ocelote		m!play bicycle queen
1492929827961831545	2026-04-12T16:50:08Z	411916947773587456	Jockie Music		
1492929826460274909	2026-04-12T16:50:07Z	592379464294596618	el_ocelote		m!play dont stop me now
1492929809557491822	2026-04-12T16:50:03Z	411916947773587456	Jockie Music		Did you know you now get better audio quality with any premium tier <https://www.patreon.com/Jockie>!
1492929805627166901	2026-04-12T16:50:02Z	592379464294596618	el_ocelote		m!play killer queen
1492853542694817853	2026-04-12T11:47:00Z	411916947773587456	Jockie Music		
1492853541797101679	2026-04-12T11:47:00Z	367334632515043329	guahlg		m!leave
1492853483366252700	2026-04-12T11:46:46Z	367334632515043329	guahlg		m!album search green day
1492848628350324849	2026-04-12T11:27:28Z	411916947773587456	Jockie Music		
1492847872989724912	2026-04-12T11:24:28Z	411916947773587456	Jockie Music		
1492847119915028600	2026-04-12T11:21:29Z	411916947773587456	Jockie Music		
1492846493655367744	2026-04-12T11:18:59Z	411916947773587456	Jockie Music		
1492845864987787284	2026-04-12T11:16:29Z	411916947773587456	Jockie Music		
1492845301361283172	2026-04-12T11:14:15Z	411916947773587456	Jockie Music		
1492844799173197844	2026-04-12T11:12:15Z	411916947773587456	Jockie Music		
1492844293382213653	2026-04-12T11:10:15Z	411916947773587456	Jockie Music		
1492843750660112394	2026-04-12T11:08:05Z	411916947773587456	Jockie Music		
1492843096377921536	2026-04-12T11:05:29Z	411916947773587456	Jockie Music		
1492842433212317717	2026-04-12T11:02:51Z	411916947773587456	Jockie Music		
1492841818562498570	2026-04-12T11:00:25Z	411916947773587456	Jockie Music		
1492841063931711642	2026-04-12T10:57:25Z	411916947773587456	Jockie Music		
1492840307614810273	2026-04-12T10:54:24Z	411916947773587456	Jockie Music		
1492839777031160029	2026-04-12T10:52:18Z	411916947773587456	Jockie Music		
1492839115832561759	2026-04-12T10:49:40Z	411916947773587456	Jockie Music		
1492839114406629469	2026-04-12T10:49:40Z	411916947773587456	Jockie Music		Did you know you now get better audio quality with any premium tier <https://www.patreon.com/Jockie>!
1492839083523706960	2026-04-12T10:49:33Z	367334632515043329	guahlg		m!albumsearch beatles
1492838938648248550	2026-04-12T10:48:58Z	411916947773587456	Jockie Music		
1492838178997141665	2026-04-12T10:45:57Z	411916947773587456	Jockie Music		
1492838177701105855	2026-04-12T10:45:57Z	367334632515043329	guahlg		m!play basket case
1492578448634286181	2026-04-11T17:33:52Z	411916947773587456	Jockie Music		
1492577693311565905	2026-04-11T17:30:52Z	411916947773587456	Jockie Music		
1492577272631398511	2026-04-11T17:29:12Z	411916947773587456	Jockie Music		
1492576559125500095	2026-04-11T17:26:22Z	411916947773587456	Jockie Music		
1492576108019712243	2026-04-11T17:24:34Z	411916947773587456	Jockie Music		
1492575671199858779	2026-04-11T17:22:50Z	411916947773587456	Jockie Music		
1492575273458077816	2026-04-11T17:21:15Z	411916947773587456	Jockie Music		
1492574529233490001	2026-04-11T17:18:18Z	411916947773587456	Jockie Music		
1492573865484882030	2026-04-11T17:15:40Z	411916947773587456	Jockie Music		
1492573302017753249	2026-04-11T17:13:25Z	411916947773587456	Jockie Music		
1492572542819500243	2026-04-11T17:10:24Z	411916947773587456	Jockie Music		
1492571908518969496	2026-04-11T17:07:53Z	411916947773587456	Jockie Music		
1492570968260870275	2026-04-11T17:04:09Z	411916947773587456	Jockie Music		
1492569988840554557	2026-04-11T17:00:15Z	411916947773587456	Jockie Music		
1492569261854556190	2026-04-11T16:57:22Z	411916947773587456	Jockie Music		
1492568793959104732	2026-04-11T16:55:31Z	592379464294596618	el_ocelote		as with many i used to play that one
1492568665672122498	2026-04-11T16:55:00Z	367334632515043329	guahlg	1492568515733885129	🫡
1492568568263610368	2026-04-11T16:54:37Z	411916947773587456	Jockie Music		
1492568515733885129	2026-04-11T16:54:24Z	592379464294596618	el_ocelote		wake me up when september ends
1492568031165943858	2026-04-11T16:52:29Z	411916947773587456	Jockie Music		
1492567367484444874	2026-04-11T16:49:50Z	411916947773587456	Jockie Music		
1492567336836665597	2026-04-11T16:49:43Z	367334632515043329	guahlg		m!albumsearch green day
1492567272433123489	2026-04-11T16:49:28Z	411916947773587456	Jockie Music		
1492567267190509770	2026-04-11T16:49:27Z	367334632515043329	guahlg		m!play basket case
1492566988604838012	2026-04-11T16:48:20Z	411916947773587456	Jockie Music		
1492566408431931443	2026-04-11T16:46:02Z	411916947773587456	Jockie Music		
1492565647752691735	2026-04-11T16:43:00Z	411916947773587456	Jockie Music		
1492565203865571471	2026-04-11T16:41:15Z	411916947773587456	Jockie Music		
1492564796988588132	2026-04-11T16:39:38Z	411916947773587456	Jockie Music		
1492564474056671256	2026-04-11T16:38:21Z	411916947773587456	Jockie Music		
1492564158103687308	2026-04-11T16:37:05Z	411916947773587456	Jockie Music		
1492564156992454756	2026-04-11T16:37:05Z	367334632515043329	guahlg		m!play paperback writer
1492564120715657258	2026-04-11T16:36:56Z	411916947773587456	Jockie Music		
1492564118828355605	2026-04-11T16:36:56Z	367334632515043329	guahlg		m!play basket case
1492564017666064528	2026-04-11T16:36:32Z	411916947773587456	Jockie Music		
1492563542396637305	2026-04-11T16:34:38Z	411916947773587456	Jockie Music		
1492563131443183879	2026-04-11T16:33:01Z	411916947773587456	Jockie Music		
1492562881122668727	2026-04-11T16:32:01Z	411916947773587456	Jockie Music		
1492562467405168812	2026-04-11T16:30:22Z	411916947773587456	Jockie Music		
1492562068899893258	2026-04-11T16:28:47Z	411916947773587456	Jockie Music		
1492561661914120212	2026-04-11T16:27:10Z	411916947773587456	Jockie Music		
1492561311366779090	2026-04-11T16:25:47Z	411916947773587456	Jockie Music		
1492560951143301225	2026-04-11T16:24:21Z	411916947773587456	Jockie Music		
1492560494089867334	2026-04-11T16:22:32Z	411916947773587456	Jockie Music		
1492560096440352829	2026-04-11T16:20:57Z	411916947773587456	Jockie Music		
1492559878072438855	2026-04-11T16:20:05Z	411916947773587456	Jockie Music		
1492559426056359999	2026-04-11T16:18:17Z	367334632515043329	guahlg		beatles music does not feel ideal for coding, too stimulating for my brain to have to listen to lyrics and shit
1492559310721384558	2026-04-11T16:17:50Z	367334632515043329	guahlg		gonna try this
1492559285488713919	2026-04-11T16:17:44Z	411916947773587456	Jockie Music		Did you know you now get better audio quality with any premium tier <https://www.patreon.com/Jockie>!
1492559199203496158	2026-04-11T16:17:23Z	367334632515043329	guahlg		m!albumsearch chill coding music
1492559106161119343	2026-04-11T16:17:01Z	411916947773587456	Jockie Music		
1492559103413977198	2026-04-11T16:17:00Z	367334632515043329	guahlg		m!play basket case
1492456271302099067	2026-04-11T09:28:23Z	411916947773587456	Jockie Music		
1492456058902548493	2026-04-11T09:27:32Z	411916947773587456	Jockie Music		
1492455435750604940	2026-04-11T09:25:04Z	411916947773587456	Jockie Music		
1492454745250730115	2026-04-11T09:22:19Z	411916947773587456	Jockie Music		
1492453550062702756	2026-04-11T09:17:34Z	411916947773587456	Jockie Music		
1492452737693126826	2026-04-11T09:14:21Z	411916947773587456	Jockie Music		
1492452513566162985	2026-04-11T09:13:27Z	411916947773587456	Jockie Music		
1492451720427733063	2026-04-11T09:10:18Z	411916947773587456	Jockie Music		
1492451143169609868	2026-04-11T09:08:00Z	411916947773587456	Jockie Music		Did you know you now get better audio quality with any premium tier <https://www.patreon.com/Jockie>!
1492451141827694745	2026-04-11T09:08:00Z	411916947773587456	Jockie Music		
1492451140997222410	2026-04-11T09:08:00Z	367334632515043329	guahlg		m!skip
1492451124119208038	2026-04-11T09:07:56Z	367334632515043329	guahlg		m!ski
1492451111511003146	2026-04-11T09:07:53Z	411916947773587456	Jockie Music		
1492451110525337610	2026-04-11T09:07:53Z	411916947773587456	Jockie Music		
1492451109699194920	2026-04-11T09:07:52Z	367334632515043329	guahlg		m!skip
1492451087397945405	2026-04-11T09:07:47Z	411916947773587456	Jockie Music		
1492451085917360270	2026-04-11T09:07:47Z	411916947773587456	Jockie Music		
1492451044532162801	2026-04-11T09:07:37Z	367334632515043329	guahlg		m!albumsearch white albu
1492451008817791026	2026-04-11T09:07:28Z	411916947773587456	Jockie Music		
1492451007605510245	2026-04-11T09:07:28Z	367334632515043329	guahlg		m!stop
1492450983320490004	2026-04-11T09:07:22Z	411916947773587456	Jockie Music		
1492450974365913240	2026-04-11T09:07:20Z	367334632515043329	guahlg		m!play white album
1492156506400100463	2026-04-10T13:37:14Z	411916947773587456	Jockie Music		
1492155751463124992	2026-04-10T13:34:14Z	411916947773587456	Jockie Music		
1492154704119992320	2026-04-10T13:30:04Z	411916947773587456	Jockie Music		
1492154267090423889	2026-04-10T13:28:20Z	411916947773587456	Jockie Music		
1492154266226266142	2026-04-10T13:28:19Z	806180625991335966	walnutty2		m!play old siam sir by wings
1492153938831736902	2026-04-10T13:27:01Z	411916947773587456	Jockie Music		
1492153936965271684	2026-04-10T13:27:01Z	367334632515043329	guahlg		m!play basket case
1492119452156690474	2026-04-10T11:09:59Z	411916947773587456	Jockie Music		
1492119324117434559	2026-04-10T11:09:29Z	411916947773587456	Jockie Music		
1492119102251077784	2026-04-10T11:08:36Z	411916947773587456	Jockie Music		
1492118309137809448	2026-04-10T11:05:27Z	411916947773587456	Jockie Music		
1492117731036893357	2026-04-10T11:03:09Z	411916947773587456	Jockie Music		
1492116741986324551	2026-04-10T10:59:13Z	411916947773587456	Jockie Music		
1492116056884514857	2026-04-10T10:56:30Z	411916947773587456	Jockie Music		
1492115283693801594	2026-04-10T10:53:25Z	411916947773587456	Jockie Music		
1492115239229980722	2026-04-10T10:53:15Z	367334632515043329	guahlg		m!albumsearch white album
1492114426470334637	2026-04-10T10:50:01Z	411916947773587456	Jockie Music		
1492113612825821386	2026-04-10T10:46:47Z	411916947773587456	Jockie Music		
1492113033647099964	2026-04-10T10:44:29Z	411916947773587456	Jockie Music		
1492112685209485422	2026-04-10T10:43:06Z	367334632515043329	guahlg		this will do for now
1492112641601175553	2026-04-10T10:42:55Z	367334632515043329	guahlg		interesting that it chose that
1492112572953002075	2026-04-10T10:42:39Z	411916947773587456	Jockie Music		
1492112571803893890	2026-04-10T10:42:39Z	367334632515043329	guahlg		m!play metallica
1492112378345685118	2026-04-10T10:41:53Z	411916947773587456	Jockie Music		
1492112377615749151	2026-04-10T10:41:52Z	367334632515043329	guahlg		m!play specter by alan walker
1492112326801887343	2026-04-10T10:41:40Z	411916947773587456	Jockie Music		
1492112325279486076	2026-04-10T10:41:40Z	367334632515043329	guahlg		m!play paperback writer
1492112273282564189	2026-04-10T10:41:28Z	411916947773587456	Jockie Music		Did you know you now get better audio quality with any premium tier <https://www.patreon.com/Jockie>!
1492112271915089950	2026-04-10T10:41:27Z	367334632515043329	guahlg		m!play basket case
1492052806629064735	2026-04-10T06:45:10Z	411916947773587456	Jockie Music		
1492052742632636556	2026-04-10T06:44:54Z	592379464294596618	el_ocelote		m!forceskip
1492052723577786522	2026-04-10T06:44:50Z	411916947773587456	Jockie Music		
1492052723065950320	2026-04-10T06:44:50Z	592379464294596618	el_ocelote		m!skip
1492052677193105571	2026-04-10T06:44:39Z	411916947773587456	Jockie Music		
1492051864936648895	2026-04-10T06:41:25Z	411916947773587456	Jockie Music		
1492049758855102494	2026-04-10T06:33:03Z	411916947773587456	Jockie Music		
1492048997580542014	2026-04-10T06:30:01Z	411916947773587456	Jockie Music		
1492048263388332103	2026-04-10T06:27:06Z	411916947773587456	Jockie Music		
1492047587455271032	2026-04-10T06:24:25Z	411916947773587456	Jockie Music		
1492046514430939207	2026-04-10T06:20:09Z	411916947773587456	Jockie Music		
1492045733099212872	2026-04-10T06:17:03Z	411916947773587456	Jockie Music		
1492044601215680523	2026-04-10T06:12:33Z	411916947773587456	Jockie Music		
1492043782273765519	2026-04-10T06:09:18Z	411916947773587456	Jockie Music		
1492043174384766976	2026-04-10T06:06:53Z	411916947773587456	Jockie Music		
1492042470341611530	2026-04-10T06:04:05Z	411916947773587456	Jockie Music		
1492041461833666631	2026-04-10T06:00:05Z	411916947773587456	Jockie Music		
1492040779797893131	2026-04-10T05:57:22Z	411916947773587456	Jockie Music		
1492040036164702268	2026-04-10T05:54:25Z	411916947773587456	Jockie Music		
1492039591698501692	2026-04-10T05:52:39Z	411916947773587456	Jockie Music		
1492039170682654851	2026-04-10T05:50:59Z	411916947773587456	Jockie Music		
1492038200703713381	2026-04-10T05:47:07Z	411916947773587456	Jockie Music		
1492037307094532166	2026-04-10T05:43:34Z	411916947773587456	Jockie Music		
1492036786569089104	2026-04-10T05:41:30Z	411916947773587456	Jockie Music		
1492036205259395163	2026-04-10T05:39:12Z	411916947773587456	Jockie Music		
1492035687011324027	2026-04-10T05:37:08Z	411916947773587456	Jockie Music		
1492035063724904479	2026-04-10T05:34:39Z	411916947773587456	Jockie Music		
1492034373606965300	2026-04-10T05:31:55Z	411916947773587456	Jockie Music		
1492033178544771133	2026-04-10T05:27:10Z	411916947773587456	Jockie Music		
1492032363742630020	2026-04-10T05:23:56Z	411916947773587456	Jockie Music		
1492032141813481482	2026-04-10T05:23:03Z	411916947773587456	Jockie Music		
1492031352113987655	2026-04-10T05:19:54Z	411916947773587456	Jockie Music		
1492030770477269164	2026-04-10T05:17:36Z	411916947773587456	Jockie Music		
1492029782106443877	2026-04-10T05:13:40Z	411916947773587456	Jockie Music		
1492029100846747890	2026-04-10T05:10:58Z	411916947773587456	Jockie Music		
1492029099642851369	2026-04-10T05:10:57Z	411916947773587456	Jockie Music		
1492029030982090823	2026-04-10T05:10:41Z	367334632515043329	guahlg		m!album search white album
1492028911146635339	2026-04-10T05:10:12Z	411916947773587456	Jockie Music		
1492028149461160056	2026-04-10T05:07:11Z	411916947773587456	Jockie Music		Did you know you now get better audio quality with any premium tier <https://www.patreon.com/Jockie>!
1492028147619860631	2026-04-10T05:07:10Z	367334632515043329	guahlg		m!play basket case
1491851173135908915	2026-04-09T17:23:56Z	411916947773587456	Jockie Music		
1491850417477521580	2026-04-09T17:20:56Z	411916947773587456	Jockie Music		
1491850309398433904	2026-04-09T17:20:30Z	411916947773587456	Jockie Music		
1491849715795497054	2026-04-09T17:18:09Z	411916947773587456	Jockie Music		
1491849311942873118	2026-04-09T17:16:33Z	411916947773587456	Jockie Music		Did you know you now get better audio quality with any premium tier <https://www.patreon.com/Jockie>!
1491848925798334715	2026-04-09T17:15:01Z	411916947773587456	Jockie Music		
1491848430300037213	2026-04-09T17:13:02Z	411916947773587456	Jockie Music		
1491848123998277825	2026-04-09T17:11:49Z	411916947773587456	Jockie Music		
1491847844691443763	2026-04-09T17:10:43Z	411916947773587456	Jockie Music		
1491847230955458683	2026-04-09T17:08:17Z	411916947773587456	Jockie Music		
1491846213954175036	2026-04-09T17:04:14Z	411916947773587456	Jockie Music		
1491845518169739264	2026-04-09T17:01:28Z	411916947773587456	Jockie Music		
1491844737764954163	2026-04-09T16:58:22Z	411916947773587456	Jockie Music		
1491844132921020456	2026-04-09T16:55:58Z	367334632515043329	guahlg		ye it is nice
1491842854241173575	2026-04-09T16:50:53Z	592379464294596618	el_ocelote		one of the few beates song where the bass is te mleody iirc
1491842778873729084	2026-04-09T16:50:35Z	411916947773587456	Jockie Music		
1491842777632342270	2026-04-09T16:50:35Z	411916947773587456	Jockie Music		
1491842776533569618	2026-04-09T16:50:35Z	367334632515043329	guahlg		m!skip
1491842755238822121	2026-04-09T16:50:29Z	411916947773587456	Jockie Music		
1491842754186055861	2026-04-09T16:50:29Z	411916947773587456	Jockie Music		
1491842752713986058	2026-04-09T16:50:29Z	367334632515043329	guahlg		m!skip
1491842745038405814	2026-04-09T16:50:27Z	411916947773587456	Jockie Music		
1491842743562145802	2026-04-09T16:50:27Z	411916947773587456	Jockie Music		
1491842742249193564	2026-04-09T16:50:26Z	367334632515043329	guahlg		m!skip
1491842707075760321	2026-04-09T16:50:18Z	411916947773587456	Jockie Music		
1491842706102685931	2026-04-09T16:50:18Z	411916947773587456	Jockie Music		
1491842705154642020	2026-04-09T16:50:18Z	367334632515043329	guahlg		m!skip
1491842656689455254	2026-04-09T16:50:06Z	411916947773587456	Jockie Music		
1491842655250808943	2026-04-09T16:50:06Z	411916947773587456	Jockie Music		
1491842653518692497	2026-04-09T16:50:05Z	367334632515043329	guahlg		m!skip 5
1491842501953196228	2026-04-09T16:49:29Z	411916947773587456	Jockie Music		
1491842499713564736	2026-04-09T16:49:29Z	411916947773587456	Jockie Music		
1491842473507553310	2026-04-09T16:49:22Z	367334632515043329	guahlg		m!albumsearch abbey road
1491831078325977261	2026-04-09T16:04:05Z	411916947773587456	Jockie Music		
1491826045899378829	2026-04-09T15:44:06Z	411916947773587456	Jockie Music		
1491826044280242196	2026-04-09T15:44:05Z	367334632515043329	guahlg		m!pause
1491824940020928616	2026-04-09T15:39:42Z	411916947773587456	Jockie Music		
1491824224107630665	2026-04-09T15:36:51Z	411916947773587456	Jockie Music		
1491823354728939652	2026-04-09T15:33:24Z	411916947773587456	Jockie Music		
1491822482645319801	2026-04-09T15:29:56Z	411916947773587456	Jockie Music		
1491821719563014154	2026-04-09T15:26:54Z	411916947773587456	Jockie Music		
1491820632751476837	2026-04-09T15:22:35Z	411916947773587456	Jockie Music		
1491820631283732701	2026-04-09T15:22:35Z	411916947773587456	Jockie Music		
1491820600115724500	2026-04-09T15:22:27Z	367334632515043329	guahlg		m!albumsearch abbey road
1491820534957342811	2026-04-09T15:22:12Z	411916947773587456	Jockie Music		
1491819779538030775	2026-04-09T15:19:12Z	411916947773587456	Jockie Music		
1491818365814182092	2026-04-09T15:13:35Z	411916947773587456	Jockie Music		
1491818045902028890	2026-04-09T15:12:18Z	411916947773587456	Jockie Music		
1491817369151209482	2026-04-09T15:09:37Z	411916947773587456	Jockie Music		
1491816689417851032	2026-04-09T15:06:55Z	411916947773587456	Jockie Music		
1491816029846769894	2026-04-09T15:04:18Z	411916947773587456	Jockie Music		
1491814749049192569	2026-04-09T14:59:12Z	411916947773587456	Jockie Music		
1491814089394225414	2026-04-09T14:56:35Z	411916947773587456	Jockie Music		
1491813186691928124	2026-04-09T14:53:00Z	411916947773587456	Jockie Music		
1491812530568564837	2026-04-09T14:50:23Z	411916947773587456	Jockie Music		Did you know you now get better audio quality with any premium tier <https://www.patreon.com/Jockie>!
1491811822951596093	2026-04-09T14:47:35Z	411916947773587456	Jockie Music		
1491810948745396234	2026-04-09T14:44:06Z	411916947773587456	Jockie Music		
1491810260695121972	2026-04-09T14:41:22Z	411916947773587456	Jockie Music		
1491809748113162454	2026-04-09T14:39:20Z	411916947773587456	Jockie Music		
1491809746637033624	2026-04-09T14:39:20Z	411916947773587456	Jockie Music		
1491809677263245424	2026-04-09T14:39:03Z	367334632515043329	guahlg		m!albumsearch abbey road
1491809547663310858	2026-04-09T14:38:32Z	411916947773587456	Jockie Music		
1491809546656682034	2026-04-09T14:38:32Z	367334632515043329	guahlg		m!albumsearch
1491809497847566486	2026-04-09T14:38:20Z	367334632515043329	guahlg		m!searchalbum
1491796800623870022	2026-04-09T13:47:53Z	411916947773587456	Jockie Music		
1491796509765796074	2026-04-09T13:46:44Z	411916947773587456	Jockie Music		
1491794548999848139	2026-04-09T13:38:56Z	411916947773587456	Jockie Music		
1491793833132953620	2026-04-09T13:36:06Z	411916947773587456	Jockie Music		
1491792964241064169	2026-04-09T13:32:38Z	411916947773587456	Jockie Music		
1491792092056387787	2026-04-09T13:29:10Z	411916947773587456	Jockie Music		
1491791327493361715	2026-04-09T13:26:08Z	411916947773587456	Jockie Music		
1491790240829149234	2026-04-09T13:21:49Z	411916947773587456	Jockie Music		
1491790121568043079	2026-04-09T13:21:21Z	411916947773587456	Jockie Music		
1491789545522597991	2026-04-09T13:19:03Z	411916947773587456	Jockie Music		
1491789543639089183	2026-04-09T13:19:03Z	367334632515043329	guahlg		m!play paperback write by the beatles
1491789312361103430	2026-04-09T13:18:08Z	411916947773587456	Jockie Music		
1491788513337671741	2026-04-09T13:14:57Z	411916947773587456	Jockie Music		
1491788416063635578	2026-04-09T13:14:34Z	411916947773587456	Jockie Music		
1491788401161146509	2026-04-09T13:14:30Z	411916947773587456	Jockie Music		
1491788391115788402	2026-04-09T13:14:28Z	411916947773587456	Jockie Music		
1491788383243206756	2026-04-09T13:14:26Z	411916947773587456	Jockie Music		
1491788381825532166	2026-04-09T13:14:26Z	411916947773587456	Jockie Music		
1491788360979841168	2026-04-09T13:14:21Z	411916947773587456	Jockie Music		
1491788359696253062	2026-04-09T13:14:21Z	411916947773587456	Jockie Music		
1491788357439848559	2026-04-09T13:14:20Z	411916947773587456	Jockie Music		
1491788356244344852	2026-04-09T13:14:20Z	411916947773587456	Jockie Music		
1491788353912176793	2026-04-09T13:14:19Z	411916947773587456	Jockie Music		
1491788352309956700	2026-04-09T13:14:19Z	411916947773587456	Jockie Music		
1491788351286808758	2026-04-09T13:14:19Z	411916947773587456	Jockie Music		
1491788345448333422	2026-04-09T13:14:17Z	411916947773587456	Jockie Music		
1491788334735822960	2026-04-09T13:14:15Z	411916947773587456	Jockie Music		
1491788169778040943	2026-04-09T13:13:35Z	411916947773587456	Jockie Music		
1491788159908843772	2026-04-09T13:13:33Z	411916947773587456	Jockie Music		
1491788141198311534	2026-04-09T13:13:28Z	411916947773587456	Jockie Music		
1491788129860980816	2026-04-09T13:13:26Z	411916947773587456	Jockie Music		
1491788122197852170	2026-04-09T13:13:24Z	411916947773587456	Jockie Music		
1491788107425644614	2026-04-09T13:13:20Z	411916947773587456	Jockie Music		
1491788092099657819	2026-04-09T13:13:17Z	411916947773587456	Jockie Music		Did you know you now get better audio quality with any premium tier <https://www.patreon.com/Jockie>!
1491788084130615421	2026-04-09T13:13:15Z	411916947773587456	Jockie Music		
1491788071082004602	2026-04-09T13:13:12Z	411916947773587456	Jockie Music		
1491788059686211634	2026-04-09T13:13:09Z	411916947773587456	Jockie Music		
1491788044607553537	2026-04-09T13:13:05Z	411916947773587456	Jockie Music		
1491787918186905600	2026-04-09T13:12:35Z	411916947773587456	Jockie Music		
1491787573054406747	2026-04-09T13:11:13Z	411916947773587456	Jockie Music		
1491787572026802202	2026-04-09T13:11:13Z	411916947773587456	Jockie Music		
1491787570332307616	2026-04-09T13:11:12Z	367334632515043329	guahlg		m!play https://music.apple.com/us/album/the-beatles-1962-1966-the-red-album/1441132965
1491685635533307905	2026-04-09T06:26:09Z	411916947773587456	Jockie Music		
1491684880839348241	2026-04-09T06:23:09Z	411916947773587456	Jockie Music		
1491684229614927903	2026-04-09T06:20:34Z	411916947773587456	Jockie Music		Did you know you now get better audio quality with any premium tier <https://www.patreon.com/Jockie>!
1491683756745031743	2026-04-09T06:18:41Z	411916947773587456	Jockie Music		
1491683238190776411	2026-04-09T06:16:38Z	411916947773587456	Jockie Music		
1491682747348156640	2026-04-09T06:14:41Z	411916947773587456	Jockie Music		
1491682074502103101	2026-04-09T06:12:00Z	411916947773587456	Jockie Music		
1491681552575496312	2026-04-09T06:09:56Z	411916947773587456	Jockie Music		
1491680958347214868	2026-04-09T06:07:34Z	411916947773587456	Jockie Music		
1491680453382508574	2026-04-09T06:05:34Z	411916947773587456	Jockie Music		
1491679837147107418	2026-04-09T06:03:07Z	411916947773587456	Jockie Music		
1491679222551412878	2026-04-09T06:00:40Z	411916947773587456	Jockie Music		
1491678607741943869	2026-04-09T05:58:14Z	411916947773587456	Jockie Music		
1491677863898910790	2026-04-09T05:55:16Z	411916947773587456	Jockie Music		
1491677399589457951	2026-04-09T05:53:26Z	411916947773587456	Jockie Music		
1491676670560702655	2026-04-09T05:50:32Z	411916947773587456	Jockie Music		
1491676669478703154	2026-04-09T05:50:32Z	411916947773587456	Jockie Music		
1491676668119486565	2026-04-09T05:50:31Z	367334632515043329	guahlg		m!play https://open.spotify.com/album/3KzAvEXcqJKBF97HrXwlgf?si=AgA27lB7T5i3wl3qHXZEe
1491520074002206962	2026-04-08T19:28:16Z	411916947773587456	Jockie Music		
1491519317802745908	2026-04-08T19:25:16Z	411916947773587456	Jockie Music		
1491518568532148325	2026-04-08T19:22:17Z	411916947773587456	Jockie Music		
1491518563331211448	2026-04-08T19:22:16Z	592379464294596618	el_ocelote		m!play killer queen
1491518269041934386	2026-04-08T19:21:06Z	411916947773587456	Jockie Music		
1491516645326323924	2026-04-08T19:14:39Z	411916947773587456	Jockie Music		
1491516240760410162	2026-04-08T19:13:02Z	411916947773587456	Jockie Music		
1491516239443394772	2026-04-08T19:13:02Z	592379464294596618	el_ocelote		m!play the unforgiven
1491515641138778323	2026-04-08T19:10:39Z	411916947773587456	Jockie Music		
1491515329732542607	2026-04-08T19:09:25Z	411916947773587456	Jockie Music		
1491515327924797621	2026-04-08T19:09:25Z	592379464294596618	el_ocelote		m!play dont tread on me
1491514631997620416	2026-04-08T19:06:39Z	411916947773587456	Jockie Music		
1491514630709837995	2026-04-08T19:06:38Z	592379464294596618	el_ocelote		m!play creep radiohead
1491514394998476870	2026-04-08T19:05:42Z	411916947773587456	Jockie Music		
1491513614107152415	2026-04-08T19:02:36Z	592379464294596618	el_ocelote		wow ok
1491513605752094830	2026-04-08T19:02:34Z	411916947773587456	Jockie Music		
1491513604095213596	2026-04-08T19:02:34Z	411916947773587456	Jockie Music		
1491513602945974465	2026-04-08T19:02:33Z	367334632515043329	guahlg		m!skip
1491513578753232966	2026-04-08T19:02:28Z	411916947773587456	Jockie Music		
1491513577356398713	2026-04-08T19:02:27Z	411916947773587456	Jockie Music		
1491513575775146045	2026-04-08T19:02:27Z	367334632515043329	guahlg		m!skip
1491513550177570846	2026-04-08T19:02:21Z	411916947773587456	Jockie Music		
1491513546918592772	2026-04-08T19:02:20Z	411916947773587456	Jockie Music		
1491513545790329055	2026-04-08T19:02:20Z	367334632515043329	guahlg		m!skip
1491513514349695139	2026-04-08T19:02:12Z	592379464294596618	el_ocelote		m!forceskip
1491513492832780308	2026-04-08T19:02:07Z	592379464294596618	el_ocelote		m!forceskip
1491513475397058680	2026-04-08T19:02:03Z	411916947773587456	Jockie Music		
1491513474260537374	2026-04-08T19:02:03Z	592379464294596618	el_ocelote		m!skip
1491513458322313277	2026-04-08T19:01:59Z	411916947773587456	Jockie Music		
1491513457147646032	2026-04-08T19:01:59Z	592379464294596618	el_ocelote		m!skip
1491513421621891133	2026-04-08T19:01:50Z	411916947773587456	Jockie Music		
1491513404316454983	2026-04-08T19:01:46Z	411916947773587456	Jockie Music		
1491513403595034702	2026-04-08T19:01:46Z	367334632515043329	guahlg		m!skip
1491513290872852693	2026-04-08T19:01:19Z	411916947773587456	Jockie Music		
1491512790995701830	2026-04-08T18:59:20Z	411916947773587456	Jockie Music		
1491512789494140928	2026-04-08T18:59:19Z	367334632515043329	guahlg		m!play she’s my baby by wings
1491512311863705732	2026-04-08T18:57:26Z	411916947773587456	Jockie Music		
1491512310781706341	2026-04-08T18:57:25Z	411916947773587456	Jockie Music		
1491512307405029490	2026-04-08T18:57:25Z	592379464294596618	el_ocelote		m!skip
1491511049264828487	2026-04-08T18:52:25Z	411916947773587456	Jockie Music		
1491510262094758069	2026-04-08T18:49:17Z	411916947773587456	Jockie Music		
1491509043695456278	2026-04-08T18:44:26Z	411916947773587456	Jockie Music		
1491508144575217687	2026-04-08T18:40:52Z	411916947773587456	Jockie Music		
1491505564881125456	2026-04-08T18:30:37Z	411916947773587456	Jockie Music		
1491505080367714517	2026-04-08T18:28:41Z	411916947773587456	Jockie Music		
1491504710476107944	2026-04-08T18:27:13Z	411916947773587456	Jockie Music		
1491504067380252782	2026-04-08T18:24:40Z	411916947773587456	Jockie Music		
1491504056420798649	2026-04-08T18:24:37Z	411916947773587456	Jockie Music		
1491503314381312020	2026-04-08T18:21:40Z	411916947773587456	Jockie Music		
1491502473204994119	2026-04-08T18:18:20Z	411916947773587456	Jockie Music		
1491501060005691616	2026-04-08T18:12:43Z	411916947773587456	Jockie Music		
1491500129646149792	2026-04-08T18:09:01Z	411916947773587456	Jockie Music		
1491499108513484800	2026-04-08T18:04:58Z	411916947773587456	Jockie Music		
1491498228523204642	2026-04-08T18:01:28Z	411916947773587456	Jockie Music		
1491496250653151344	2026-04-08T17:53:36Z	411916947773587456	Jockie Music		
1491495228136231024	2026-04-08T17:49:33Z	411916947773587456	Jockie Music		
1491495224973987940	2026-04-08T17:49:32Z	411916947773587456	Jockie Music		
1491495223543726201	2026-04-08T17:49:31Z	367334632515043329	guahlg		m!skip
1491495127951343799	2026-04-08T17:49:09Z	411916947773587456	Jockie Music		
1491495126814560257	2026-04-08T17:49:08Z	806180625991335966	walnutty2		m!skip
1491494918453989458	2026-04-08T17:48:19Z	806180625991335966	walnutty2		m!queue
1491494899327963196	2026-04-08T17:48:14Z	806180625991335966	walnutty2		m!que
1491494873356963841	2026-04-08T17:48:08Z	411916947773587456	Jockie Music		
1491493672477524174	2026-04-08T17:43:22Z	411916947773587456	Jockie Music		
1491492609623982211	2026-04-08T17:39:08Z	411916947773587456	Jockie Music		
1491492607740743912	2026-04-08T17:39:08Z	592379464294596618	el_ocelote		m!play la ingrata cafe tacvba
1491492579433255013	2026-04-08T17:39:01Z	592379464294596618	el_ocelote		m!paly la ingrata
1491492532599783588	2026-04-08T17:38:50Z	411916947773587456	Jockie Music		
1491492529894457535	2026-04-08T17:38:49Z	411916947773587456	Jockie Music		
1491492528141238362	2026-04-08T17:38:49Z	806180625991335966	walnutty2		m!play why don't we do it on the road by the beatles
1491492495568146522	2026-04-08T17:38:41Z	411916947773587456	Jockie Music		
1491492493664190525	2026-04-08T17:38:41Z	592379464294596618	el_ocelote		m!play rastaman molotov
1491492477746544661	2026-04-08T17:38:37Z	411916947773587456	Jockie Music		
1491492454950633623	2026-04-08T17:38:31Z	592379464294596618	el_ocelote		m!remove
1491492442594345043	2026-04-08T17:38:28Z	411916947773587456	Jockie Music		
1491492440488546446	2026-04-08T17:38:28Z	592379464294596618	el_ocelote		m!play rastaman
1491492399245951038	2026-04-08T17:38:18Z	411916947773587456	Jockie Music		
1491492397614370867	2026-04-08T17:38:18Z	592379464294596618	el_ocelote		m!play dia cero
1491492393164341462	2026-04-08T17:38:17Z	411916947773587456	Jockie Music		
1491492391239024754	2026-04-08T17:38:16Z	806180625991335966	walnutty2		m!play she's my baby by wings
1491492348323172573	2026-04-08T17:38:06Z	411916947773587456	Jockie Music		
1491492346208981012	2026-04-08T17:38:05Z	592379464294596618	el_ocelote		m!play mentira la ley
1491492332279828615	2026-04-08T17:38:02Z	411916947773587456	Jockie Music		
1491492331155624006	2026-04-08T17:38:02Z	592379464294596618	el_ocelote		m!play el duelo
1491492313468371194	2026-04-08T17:37:58Z	411916947773587456	Jockie Music		
1491492312319000779	2026-04-08T17:37:57Z	806180625991335966	walnutty2		m!queue she's my baby by wings
1491492274515738707	2026-04-08T17:37:48Z	411916947773587456	Jockie Music		
1491492273987391669	2026-04-08T17:37:48Z	806180625991335966	walnutty2		m!queue she's my baby by wings
1491492242718720293	2026-04-08T17:37:41Z	592379464294596618	el_ocelote		wowwwww
1491492235437670461	2026-04-08T17:37:39Z	592379464294596618	el_ocelote		oh you left
1491492193796489378	2026-04-08T17:37:29Z	806180625991335966	walnutty2	1491491384266592356	kdding bud, i'm kidding
1491491527631962122	2026-04-08T17:34:50Z	592379464294596618	el_ocelote		m!queue
1491491481750339796	2026-04-08T17:34:39Z	411916947773587456	Jockie Music		
1491491384266592356	2026-04-08T17:34:16Z	592379464294596618	el_ocelote	1491490512668987574	wow ok so you hate molotov too?
1491490946708410379	2026-04-08T17:32:32Z	411916947773587456	Jockie Music		
1491490532256514068	2026-04-08T17:30:53Z	806180625991335966	walnutty2		it is an item in cs2
1491490512668987574	2026-04-08T17:30:48Z	806180625991335966	walnutty2		no
1491490485770916111	2026-04-08T17:30:42Z	592379464294596618	el_ocelote		molotov is fire band
1491490065317363955	2026-04-08T17:29:02Z	411916947773587456	Jockie Music		
1491489786605604884	2026-04-08T17:27:55Z	592379464294596618	el_ocelote		fire song fr
1491489759682629754	2026-04-08T17:27:49Z	439205512425504771	NotSoBot	1491489756557606982	
1491489756557606982	2026-04-08T17:27:48Z	592379464294596618	el_ocelote	1491489519432634420	.tr
1491489519432634420	2026-04-08T17:26:51Z	592379464294596618	el_ocelote		"yo no quiero trabajar, no quiero estudiar, no me quiero casar; quiero tocar la guitarra todo el día y que la gente se enamore de mi voz"
1491489391305297961	2026-04-08T17:26:21Z	592379464294596618	el_ocelote	1491488073240805508	this one specifically is a banger esp its message for real
1491488986214957187	2026-04-08T17:24:44Z	411916947773587456	Jockie Music		
1491488073240805508	2026-04-08T17:21:07Z	411916947773587456	Jockie Music		
1491487180693045391	2026-04-08T17:17:34Z	411916947773587456	Jockie Music		
1491486172831154406	2026-04-08T17:13:34Z	411916947773587456	Jockie Music		
1491485951841796298	2026-04-08T17:12:41Z	411916947773587456	Jockie Music		
1491485950096834662	2026-04-08T17:12:40Z	592379464294596618	el_ocelote		m!play https://music.apple.com/us/album/la-negra-tomasa-versi%C3%B3n-tropical/205701061?i=205701093
1491485781980610653	2026-04-08T17:12:00Z	411916947773587456	Jockie Music		
1491485762028572803	2026-04-08T17:11:56Z	592379464294596618	el_ocelote		m!remove
1491485754856181972	2026-04-08T17:11:54Z	592379464294596618	el_ocelote		???
1491485725798170654	2026-04-08T17:11:47Z	411916947773587456	Jockie Music		
1491485724128710726	2026-04-08T17:11:47Z	592379464294596618	el_ocelote		m!play la negra tomasa version tropical caifanes
1491485675512397934	2026-04-08T17:11:35Z	411916947773587456	Jockie Music		
1491485655384064090	2026-04-08T17:11:30Z	592379464294596618	el_ocelote		m!remove
1491485637046566982	2026-04-08T17:11:26Z	411916947773587456	Jockie Music		
1491485635490615377	2026-04-08T17:11:25Z	592379464294596618	el_ocelote		m!play la negra tomasa
1491485608500134023	2026-04-08T17:11:19Z	411916947773587456	Jockie Music		
1491485607229259807	2026-04-08T17:11:19Z	592379464294596618	el_ocelote		m!play mal bicho
1491485594742952096	2026-04-08T17:11:16Z	411916947773587456	Jockie Music		
1491485593723469825	2026-04-08T17:11:16Z	592379464294596618	el_ocelote		m!play la flaca
1491485459938021538	2026-04-08T17:10:44Z	411916947773587456	Jockie Music		
1491485441520570501	2026-04-08T17:10:39Z	411916947773587456	Jockie Music		
1491485439847043294	2026-04-08T17:10:39Z	592379464294596618	el_ocelote		m!play mas vale cholo molotov
1491485416010944736	2026-04-08T17:10:33Z	411916947773587456	Jockie Music		
1491485415037730877	2026-04-08T17:10:33Z	592379464294596618	el_ocelote		m!play matate tete
1491485380594368643	2026-04-08T17:10:25Z	411916947773587456	Jockie Music		
1491485379910701106	2026-04-08T17:10:25Z	592379464294596618	el_ocelote		m!play gimme tha power molotov
1491485363439534261	2026-04-08T17:10:21Z	411916947773587456	Jockie Music		
1491485362269454559	2026-04-08T17:10:20Z	592379464294596618	el_ocelote		m!play puto molotov
1491485345374801920	2026-04-08T17:10:16Z	411916947773587456	Jockie Music		
1491485344430821567	2026-04-08T17:10:16Z	592379464294596618	el_ocelote		m!play frijolero molotov
1491485281755467816	2026-04-08T17:10:01Z	806180625991335966	walnutty2		says the guy that likes revolution 9
1491484822059745332	2026-04-08T17:08:12Z	592379464294596618	el_ocelote		"early beatles are bad"
1491484754199969812	2026-04-08T17:07:55Z	592379464294596618	el_ocelote	1491484725980954745	you have shit taste
1491484733593485494	2026-04-08T17:07:50Z	411916947773587456	Jockie Music		
1491484731836071946	2026-04-08T17:07:50Z	592379464294596618	el_ocelote		m!play veronica caramelos de cianuro
1491484725980954745	2026-04-08T17:07:49Z	806180625991335966	walnutty2		this music is ass bro
1491484701444276286	2026-04-08T17:07:43Z	411916947773587456	Jockie Music		
1491484700621934612	2026-04-08T17:07:43Z	592379464294596618	el_ocelote		m!play la guitarra autenticos decadentes
1491484630661075139	2026-04-08T17:07:26Z	411916947773587456	Jockie Music		
1491484629746712637	2026-04-08T17:07:26Z	592379464294596618	el_ocelote		m!play de musica ligera soda stereo
1491483711148134544	2026-04-08T17:03:47Z	411916947773587456	Jockie Music		
1491483710300885257	2026-04-08T17:03:46Z	411916947773587456	Jockie Music		
1491483708270841968	2026-04-08T17:03:46Z	592379464294596618	el_ocelote		m!play el funcionario wilfrido
1491483683041968148	2026-04-08T17:03:40Z	411916947773587456	Jockie Music		
1491483661454016623	2026-04-08T17:03:35Z	592379464294596618	el_ocelote		m!remove
1491483634052366397	2026-04-08T17:03:28Z	411916947773587456	Jockie Music		
1491483632294952960	2026-04-08T17:03:28Z	592379464294596618	el_ocelote		m!play el funcionario
1491483149950259231	2026-04-08T17:01:33Z	411916947773587456	Jockie Music		
1491483148247367772	2026-04-08T17:01:32Z	592379464294596618	el_ocelote		m!play valencia señorial caracas boys
1491483112922943689	2026-04-08T17:01:24Z	411916947773587456	Jockie Music		
1491483089682170008	2026-04-08T17:01:18Z	592379464294596618	el_ocelote		m!remove
1491483063509717175	2026-04-08T17:01:12Z	411916947773587456	Jockie Music		
1491483061563686953	2026-04-08T17:01:12Z	592379464294596618	el_ocelote		m!play valencia señorial
1491482899466293531	2026-04-08T17:00:33Z	411916947773587456	Jockie Music		
1491482897935499305	2026-04-08T17:00:33Z	592379464294596618	el_ocelote		m!play el gran varon
1491482781694562324	2026-04-08T17:00:05Z	411916947773587456	Jockie Music		
1491482319914008612	2026-04-08T16:58:15Z	411916947773587456	Jockie Music		
1491482319440052306	2026-04-08T16:58:15Z	592379464294596618	el_ocelote		m!play lloraras
1491481712113488043	2026-04-08T16:55:50Z	411916947773587456	Jockie Music		
1491480650593599699	2026-04-08T16:51:37Z	411916947773587456	Jockie Music		
1491479999465918565	2026-04-08T16:49:02Z	411916947773587456	Jockie Music		
1491479527115854045	2026-04-08T16:47:09Z	411916947773587456	Jockie Music		
1491479253253099550	2026-04-08T16:46:04Z	592379464294596618	el_ocelote	1491478225094967459	goy...
1491479007428874411	2026-04-08T16:45:05Z	411916947773587456	Jockie Music		
1491478516217413683	2026-04-08T16:43:08Z	411916947773587456	Jockie Music		
1491478245399593020	2026-04-08T16:42:04Z	806180625991335966	walnutty2		no worries tho lol
1491478225094967459	2026-04-08T16:41:59Z	806180625991335966	walnutty2	1491477833183133917	the whole pls pls me album
1491477845166264351	2026-04-08T16:40:28Z	411916947773587456	Jockie Music		
1491477833183133917	2026-04-08T16:40:25Z	592379464294596618	el_ocelote	1491477513338228838	??
1491477513338228838	2026-04-08T16:39:09Z	806180625991335966	walnutty2		omfg you retard <@592379464294596618> I wanted guahlg to listen to the entire fckn album
1491477376989794495	2026-04-08T16:38:36Z	411916947773587456	Jockie Music		
1491477375488229466	2026-04-08T16:38:36Z	592379464294596618	el_ocelote		m!play hombre divertido wilfrido vargas
1491477332404207626	2026-04-08T16:38:26Z	411916947773587456	Jockie Music		
1491477321415262470	2026-04-08T16:38:23Z	411916947773587456	Jockie Music		
1491477299969659122	2026-04-08T16:38:18Z	592379464294596618	el_ocelote		m!remove
1491477272375464077	2026-04-08T16:38:12Z	411916947773587456	Jockie Music		
1491477270710190260	2026-04-08T16:38:11Z	592379464294596618	el_ocelote		m!play hombre divertido
1491476726918938714	2026-04-08T16:36:01Z	411916947773587456	Jockie Music		
1491476223262724116	2026-04-08T16:34:01Z	411916947773587456	Jockie Music		
1491475595840852088	2026-04-08T16:31:32Z	411916947773587456	Jockie Music		
1491474982080086016	2026-04-08T16:29:05Z	411916947773587456	Jockie Music		
1491474633621372958	2026-04-08T16:27:42Z	411916947773587456	Jockie Music		
1491474630974898237	2026-04-08T16:27:42Z	592379464294596618	el_ocelote		m!play el africano
1491474368881102898	2026-04-08T16:26:39Z	411916947773587456	Jockie Music		
1491473627932266536	2026-04-08T16:23:43Z	411916947773587456	Jockie Music		
1491473160699117690	2026-04-08T16:21:51Z	411916947773587456	Jockie Music		
1491472432488386743	2026-04-08T16:18:58Z	411916947773587456	Jockie Music		Did you know you now get better audio quality with any premium tier <https://www.patreon.com/Jockie>!
1491472430634373220	2026-04-08T16:18:57Z	411916947773587456	Jockie Music		
1491472428919034100	2026-04-08T16:18:57Z	367334632515043329	guahlg		m!play https://open.spotify.com/album/3KzAvEXcqJKBF97HrXwlgf?si=AgA27lB7T5i3wl3qHXZEeA
1491472387709861949	2026-04-08T16:18:47Z	806180625991335966	walnutty2		https://open.spotify.com/album/3KzAvEXcqJKBF97HrXwlgf?si=AgA27lB7T5i3wl3qHXZEeA
1491472323721822299	2026-04-08T16:18:32Z	411916947773587456	Jockie Music		
1491472322807201974	2026-04-08T16:18:31Z	367334632515043329	guahlg		m!stop
1491472134357127269	2026-04-08T16:17:47Z	411916947773587456	Jockie Music		
1491472129395261590	2026-04-08T16:17:45Z	367334632515043329	guahlg		m!play https://www.youtube.com/watch?v=uWFvE6siOkk
1491472088316510414	2026-04-08T16:17:36Z	411916947773587456	Jockie Music		
1491472087074738331	2026-04-08T16:17:35Z	367334632515043329	guahlg		m!stop
1491472056972349652	2026-04-08T16:17:28Z	411916947773587456	Jockie Music		
1491472055370121357	2026-04-08T16:17:28Z	806180625991335966	walnutty2		m!play https://www.youtube.com/watch?v=uWFvE6siOkk
1491472039356399746	2026-04-08T16:17:24Z	806180625991335966	walnutty2		https://www.youtube.com/watch?v=uWFvE6siOkk
1491471496801943776	2026-04-08T16:15:15Z	411916947773587456	Jockie Music		
1491471495762018374	2026-04-08T16:15:14Z	411916947773587456	Jockie Music		
1491471492913828030	2026-04-08T16:15:14Z	367334632515043329	guahlg		m!play https://music.apple.com/us/album/the-beatles-1962-1966-the-red-album/1441132965
1491460032666271754	2026-04-08T15:29:41Z	411916947773587456	Jockie Music		
1491459277661933668	2026-04-08T15:26:41Z	411916947773587456	Jockie Music		
1491459149719142490	2026-04-08T15:26:11Z	367334632515043329	guahlg		in my room rn
1491459129900925091	2026-04-08T15:26:06Z	367334632515043329	guahlg		Walnutty is here too
1491459104034656427	2026-04-08T15:26:00Z	367334632515043329	guahlg		JOIN VC
1491458857967550576	2026-04-08T15:25:01Z	411916947773587456	Jockie Music		
1491458857023570131	2026-04-08T15:25:01Z	592379464294596618	el_ocelote		m!queue
1491458700681154642	2026-04-08T15:24:24Z	411916947773587456	Jockie Music		
1491458698906697953	2026-04-08T15:24:23Z	367334632515043329	guahlg		m!play the white album by the beatles
1491458317531349053	2026-04-08T15:22:52Z	411916947773587456	Jockie Music		
1491457279868801226	2026-04-08T15:18:45Z	411916947773587456	Jockie Music		
1491457277322989789	2026-04-08T15:18:44Z	367334632515043329	guahlg		m!play the best song in the world
1491457228249632859	2026-04-08T15:18:33Z	411916947773587456	Jockie Music		
1491457227100262532	2026-04-08T15:18:32Z	367334632515043329	guahlg		m!stop
1491457132040818808	2026-04-08T15:18:10Z	411916947773587456	Jockie Music		
1491457129108996168	2026-04-08T15:18:09Z	411916947773587456	Jockie Music		
1491457085622194266	2026-04-08T15:17:59Z	411916947773587456	Jockie Music		
1491456492220448948	2026-04-08T15:15:37Z	411916947773587456	Jockie Music		
1491456491239116841	2026-04-08T15:15:37Z	411916947773587456	Jockie Music		
1491456490073096223	2026-04-08T15:15:37Z	367334632515043329	guahlg		m!play https://music.apple.com/us/album/the-beatles-1962-1966-the-red-album/1441132965
1491456478492495983	2026-04-08T15:15:34Z	411916947773587456	Jockie Music		
1491456476605054976	2026-04-08T15:15:33Z	367334632515043329	guahlg		m!stop
1491456365959581897	2026-04-08T15:15:07Z	411916947773587456	Jockie Music		
1491456364310958293	2026-04-08T15:15:07Z	411916947773587456	Jockie Music		
1491456362578706472	2026-04-08T15:15:06Z	367334632515043329	guahlg		m!play https://music.apple.com/us/album/the-beatles-1962-1966-the-red-album/1441132965
1491456336787935542	2026-04-08T15:15:00Z	411916947773587456	Jockie Music		
1491456335248625725	2026-04-08T15:15:00Z	367334632515043329	guahlg		m!play https://music.apple.com/us/album/the-beatles-1962-1966-the-red-album/1441132965
1491438697839595522	2026-04-08T14:04:55Z	806180625991335966	walnutty2		imo one of their mid albums lol buttt
1491438561159942225	2026-04-08T14:04:22Z	367334632515043329	guahlg		good
1491435963174621345	2026-04-08T13:54:03Z	806180625991335966	walnutty2		beatles for sale, how was it?
1491435912012370132	2026-04-08T13:53:50Z	806180625991335966	walnutty2		that’s an album that you’d like <@367334632515043329>
1491433358541197404	2026-04-08T13:43:42Z	411916947773587456	Jockie Music		
1491432604245692516	2026-04-08T13:40:42Z	411916947773587456	Jockie Music		
1491432603063029772	2026-04-08T13:40:42Z	411916947773587456	Jockie Music		
1491431986756194387	2026-04-08T13:38:15Z	411916947773587456	Jockie Music		
1491431353370284042	2026-04-08T13:35:44Z	411916947773587456	Jockie Music		
1491430702602780952	2026-04-08T13:33:08Z	411916947773587456	Jockie Music		
1491430188062343288	2026-04-08T13:31:06Z	411916947773587456	Jockie Music		
1491429432500555819	2026-04-08T13:28:06Z	411916947773587456	Jockie Music		
1491428904525762763	2026-04-08T13:26:00Z	411916947773587456	Jockie Music		
1491428218044022986	2026-04-08T13:23:16Z	411916947773587456	Jockie Music		
1491427554039693405	2026-04-08T13:20:38Z	411916947773587456	Jockie Music		
1491426885622825142	2026-04-08T13:17:58Z	411916947773587456	Jockie Music		
1491426428502147144	2026-04-08T13:16:09Z	411916947773587456	Jockie Music		
1491425793715470366	2026-04-08T13:13:38Z	411916947773587456	Jockie Music		
1491425259302162572	2026-04-08T13:11:31Z	411916947773587456	Jockie Music		
1491424631129903175	2026-04-08T13:09:01Z	411916947773587456	Jockie Music		
1491424056212193322	2026-04-08T13:06:44Z	411916947773587456	Jockie Music		
1491424055168077895	2026-04-08T13:06:44Z	411916947773587456	Jockie Music		
1491424053163069642	2026-04-08T13:06:43Z	367334632515043329	guahlg		m!play https://music.apple.com/us/album/beatles-for-sale/1441165005
1491423770538278974	2026-04-08T13:05:36Z	411916947773587456	Jockie Music		
1491423101555048539	2026-04-08T13:02:56Z	411916947773587456	Jockie Music		
1491422569822421024	2026-04-08T13:00:49Z	411916947773587456	Jockie Music		
1491421986893729953	2026-04-08T12:58:30Z	411916947773587456	Jockie Music		
1491421349594398862	2026-04-08T12:55:59Z	411916947773587456	Jockie Music		
1491420735648960737	2026-04-08T12:53:32Z	411916947773587456	Jockie Music		
1491420055097835561	2026-04-08T12:50:50Z	411916947773587456	Jockie Music		
1491419368523825183	2026-04-08T12:48:06Z	411916947773587456	Jockie Music		
1491418845099982919	2026-04-08T12:46:01Z	411916947773587456	Jockie Music		
1491418220438225088	2026-04-08T12:43:32Z	411916947773587456	Jockie Music		
1491417511172903165	2026-04-08T12:40:43Z	411916947773587456	Jockie Music		
1491416942160908360	2026-04-08T12:38:28Z	411916947773587456	Jockie Music		
1491416400038723686	2026-04-08T12:36:18Z	411916947773587456	Jockie Music		
1491415814774063184	2026-04-08T12:33:59Z	411916947773587456	Jockie Music		
1491415287655039056	2026-04-08T12:31:53Z	411916947773587456	Jockie Music		
1491414495434641541	2026-04-08T12:28:44Z	411916947773587456	Jockie Music		
1491413898274934876	2026-04-08T12:26:22Z	411916947773587456	Jockie Music		
1491413496905334837	2026-04-08T12:24:46Z	806180625991335966	walnutty2		so ur not listening to abbey road
1491413466865733632	2026-04-08T12:24:39Z	806180625991335966	walnutty2		just so you know
1491413451724165160	2026-04-08T12:24:36Z	806180625991335966	walnutty2		so it’s just gonna take the most famous song and then skip to another famous song, not playing the album
1491413358182666252	2026-04-08T12:24:13Z	806180625991335966	walnutty2		<@367334632515043329> jockey won’t play a whole album
1491413211793330286	2026-04-08T12:23:38Z	411916947773587456	Jockie Music		Did you know you now get better audio quality with any premium tier <https://www.patreon.com/Jockie>!
1491412583390122066	2026-04-08T12:21:08Z	411916947773587456	Jockie Music		
1491411940529143809	2026-04-08T12:18:35Z	411916947773587456	Jockie Music		
1491411381172306081	2026-04-08T12:16:22Z	411916947773587456	Jockie Music		
1491410844595130490	2026-04-08T12:14:14Z	411916947773587456	Jockie Music		
1491410231413047506	2026-04-08T12:11:48Z	411916947773587456	Jockie Music		
1491410230268133540	2026-04-08T12:11:47Z	411916947773587456	Jockie Music		
1491410229290729472	2026-04-08T12:11:47Z	367334632515043329	guahlg		m!skip
1491410211078930522	2026-04-08T12:11:43Z	411916947773587456	Jockie Music		
1491410209732821184	2026-04-08T12:11:43Z	411916947773587456	Jockie Music		
1491410208969195530	2026-04-08T12:11:42Z	367334632515043329	guahlg		m!skip
1491410191412105368	2026-04-08T12:11:38Z	411916947773587456	Jockie Music		
1491410190275448983	2026-04-08T12:11:38Z	411916947773587456	Jockie Music		
1491410189201576007	2026-04-08T12:11:38Z	367334632515043329	guahlg		m!skip
1491410169777750048	2026-04-08T12:11:33Z	411916947773587456	Jockie Music		
1491410168733368355	2026-04-08T12:11:33Z	411916947773587456	Jockie Music		
1491410167768551504	2026-04-08T12:11:33Z	367334632515043329	guahlg		m!skip
1491410156003659836	2026-04-08T12:11:30Z	411916947773587456	Jockie Music		
1491410155101749479	2026-04-08T12:11:30Z	411916947773587456	Jockie Music		
1491410153193472030	2026-04-08T12:11:29Z	367334632515043329	guahlg		m!play https://music.apple.com/us/album/the-beatles-1962-1966-the-red-album/1441132965
1491409416006930582	2026-04-08T12:08:33Z	411916947773587456	Jockie Music		
1491408774450253925	2026-04-08T12:06:00Z	411916947773587456	Jockie Music		
1491408772822990960	2026-04-08T12:06:00Z	367334632515043329	guahlg		m!play A Hard Days Night by The Beatles
1491408729193713665	2026-04-08T12:05:50Z	411916947773587456	Jockie Music		
1491408728212115487	2026-04-08T12:05:49Z	367334632515043329	guahlg		m!stop
1491408709148999742	2026-04-08T12:05:45Z	411916947773587456	Jockie Music		
1491408707547041884	2026-04-08T12:05:44Z	367334632515043329	guahlg		m!play A Hard Days Night
1491408657114464368	2026-04-08T12:05:32Z	411916947773587456	Jockie Music		
1491408656233922570	2026-04-08T12:05:32Z	367334632515043329	guahlg		m!stop
1491408452319187047	2026-04-08T12:04:44Z	411916947773587456	Jockie Music		
1491408447017717770	2026-04-08T12:04:42Z	367334632515043329	guahlg		m!play A Hard Days Night lol
1491408307246858431	2026-04-08T12:04:09Z	411916947773587456	Jockie Music		
1491408305535320174	2026-04-08T12:04:09Z	411916947773587456	Jockie Music		
1491408304327622767	2026-04-08T12:04:08Z	367334632515043329	guahlg		m!skip
1491407956670152777	2026-04-08T12:02:45Z	411916947773587456	Jockie Music		
1491407955088904312	2026-04-08T12:02:45Z	367334632515043329	guahlg		m!play abbey road by the beatles
1491407910889324664	2026-04-08T12:02:34Z	411916947773587456	Jockie Music		
1491407909853200414	2026-04-08T12:02:34Z	367334632515043329	guahlg		m!stop
1491407882124529684	2026-04-08T12:02:28Z	411916947773587456	Jockie Music		
1491407880073773106	2026-04-08T12:02:27Z	367334632515043329	guahlg		m!play abbey road
1491407848037417242	2026-04-08T12:02:19Z	411916947773587456	Jockie Music		
1491407847198556310	2026-04-08T12:02:19Z	367334632515043329	guahlg		m!stop
1491407670564094034	2026-04-08T12:01:37Z	411916947773587456	Jockie Music		
1491407170355331242	2026-04-08T11:59:38Z	411916947773587456	Jockie Music		
1491406668486152252	2026-04-08T11:57:38Z	411916947773587456	Jockie Music		
1491406077911105627	2026-04-08T11:55:17Z	411916947773587456	Jockie Music		
1491406076858597487	2026-04-08T11:55:17Z	411916947773587456	Jockie Music		
1491406073935036467	2026-04-08T11:55:17Z	367334632515043329	guahlg		m!play https://music.apple.com/us/album/the-beatles-1962-1966-the-red-album/1441132965
1491326200537153587	2026-04-08T06:37:53Z	411916947773587456	Jockie Music		
1491325445453381694	2026-04-08T06:34:53Z	411916947773587456	Jockie Music		
1491324777690824734	2026-04-08T06:32:14Z	411916947773587456	Jockie Music		
1491324245060358145	2026-04-08T06:30:07Z	411916947773587456	Jockie Music		
1491323895431561216	2026-04-08T06:28:44Z	592379464294596618	el_ocelote		i would paste my own playlists here if that didnt totally dox me xd
1491323661905559582	2026-04-08T06:27:48Z	411916947773587456	Jockie Music		
1491323045070245959	2026-04-08T06:25:21Z	592379464294596618	el_ocelote	1491309706759639142	guahlg likes quality (early beatles
1491323024664952883	2026-04-08T06:25:16Z	411916947773587456	Jockie Music		
1491322410899603590	2026-04-08T06:22:50Z	411916947773587456	Jockie Music		
1491321730189365260	2026-04-08T06:20:07Z	411916947773587456	Jockie Music		
1491321043531464846	2026-04-08T06:17:24Z	411916947773587456	Jockie Music		
1491320520241713335	2026-04-08T06:15:19Z	411916947773587456	Jockie Music		
1491319895936340008	2026-04-08T06:12:50Z	411916947773587456	Jockie Music		
1491319186796838933	2026-04-08T06:10:01Z	411916947773587456	Jockie Music		
1491318617764266014	2026-04-08T06:07:45Z	411916947773587456	Jockie Music		
1491318075797016637	2026-04-08T06:05:36Z	411916947773587456	Jockie Music		
1491317493380415509	2026-04-08T06:03:17Z	411916947773587456	Jockie Music		
1491316958996729918	2026-04-08T06:01:10Z	411916947773587456	Jockie Music		
1491316160929595482	2026-04-08T05:58:00Z	411916947773587456	Jockie Music		
1491315572518944878	2026-04-08T05:55:39Z	411916947773587456	Jockie Music		
1491314888084291584	2026-04-08T05:52:56Z	411916947773587456	Jockie Music		
1491314257621422180	2026-04-08T05:50:26Z	411916947773587456	Jockie Music		
1491313614404190279	2026-04-08T05:47:52Z	411916947773587456	Jockie Music		
1491313054518874135	2026-04-08T05:45:39Z	411916947773587456	Jockie Music		
1491312518478561341	2026-04-08T05:43:31Z	411916947773587456	Jockie Music		Did you know you now get better audio quality with any premium tier <https://www.patreon.com/Jockie>!
1491311903992189068	2026-04-08T05:41:05Z	411916947773587456	Jockie Music		
1491311305238253568	2026-04-08T05:38:42Z	411916947773587456	Jockie Music		
1491310805046526035	2026-04-08T05:36:43Z	411916947773587456	Jockie Music		
1491310303164629063	2026-04-08T05:34:43Z	411916947773587456	Jockie Music		
1491309709846909009	2026-04-08T05:32:22Z	411916947773587456	Jockie Music		
1491309708693340251	2026-04-08T05:32:21Z	411916947773587456	Jockie Music		
1491309706759639142	2026-04-08T05:32:21Z	367334632515043329	guahlg		m!play https://music.apple.com/us/album/the-beatles-1962-1966-the-red-album/1441132965
1491309618524323871	2026-04-08T05:32:00Z	411916947773587456	Jockie Music		
1491309617492529274	2026-04-08T05:32:00Z	367334632515043329	guahlg		m!stop
1491309589612859513	2026-04-08T05:31:53Z	367334632515043329	guahlg		!mstop
1491309030377783428	2026-04-08T05:29:40Z	411916947773587456	Jockie Music		
1491309028666773514	2026-04-08T05:29:39Z	367334632515043329	guahlg		m!play https://music.apple.com/us/album/revolution-9/1441133180?i=1441134482
1491146571453042719	2026-04-07T18:44:06Z	411916947773587456	Jockie Music		
1491145816080126055	2026-04-07T18:41:06Z	411916947773587456	Jockie Music		
1491144401714675956	2026-04-07T18:35:29Z	411916947773587456	Jockie Music		Did you know you now get better audio quality with any premium tier <https://www.patreon.com/Jockie>!
1491144400162787539	2026-04-07T18:35:29Z	806180625991335966	walnutty2		m!play a day in the life
1491144298157183171	2026-04-07T18:35:04Z	411916947773587456	Jockie Music		
1491144295787266159	2026-04-07T18:35:04Z	806180625991335966	walnutty2		m!stop
1491142288297164820	2026-04-07T18:27:05Z	411916947773587456	Jockie Music		
1491142286279704616	2026-04-07T18:27:05Z	592379464294596618	el_ocelote		m!play https://music.apple.com/us/album/revolution-9/1441133180?i=1441134482
1491142202951467068	2026-04-07T18:26:45Z	411916947773587456	Jockie Music		
1491142201093394434	2026-04-07T18:26:44Z	411916947773587456	Jockie Music		
1491142195661766799	2026-04-07T18:26:43Z	592379464294596618	el_ocelote		m!skip
1491142177953419357	2026-04-07T18:26:39Z	411916947773587456	Jockie Music		
1491142168998576208	2026-04-07T18:26:37Z	592379464294596618	el_ocelote		m!play revolution 9 beatles
1491142151890010307	2026-04-07T18:26:33Z	411916947773587456	Jockie Music		
1491142150342049824	2026-04-07T18:26:32Z	411916947773587456	Jockie Music		
1491142148912058438	2026-04-07T18:26:32Z	592379464294596618	el_ocelote		m!skip
1491142134324269277	2026-04-07T18:26:28Z	411916947773587456	Jockie Music		
1491142124891275325	2026-04-07T18:26:26Z	592379464294596618	el_ocelote		m!play revolution 9
1491142056633176084	2026-04-07T18:26:10Z	411916947773587456	Jockie Music		
1491141299653312704	2026-04-07T18:23:09Z	411916947773587456	Jockie Music		
1491140252197322844	2026-04-07T18:19:00Z	411916947773587456	Jockie Music		
1491140237387370557	2026-04-07T18:18:56Z	806180625991335966	walnutty2		m!play old siam sir by wings
1491140176456585217	2026-04-07T18:18:42Z	411916947773587456	Jockie Music		
1491140175206682836	2026-04-07T18:18:41Z	806180625991335966	walnutty2		m!stop
1491139302879531082	2026-04-07T18:15:13Z	411916947773587456	Jockie Music		
1491139300828647454	2026-04-07T18:15:13Z	806180625991335966	walnutty2		m!play arrow through me by wings
1491138719300976832	2026-04-07T18:12:54Z	411916947773587456	Jockie Music		Did you know you now get better audio quality with any premium tier <https://www.patreon.com/Jockie>!
1491137731944906783	2026-04-07T18:08:59Z	411916947773587456	Jockie Music		
1491137729852084265	2026-04-07T18:08:58Z	806180625991335966	walnutty2		m!play dear prudence by the beatles
1491137674608902365	2026-04-07T18:08:45Z	411916947773587456	Jockie Music		
1491137673572909116	2026-04-07T18:08:45Z	367334632515043329	guahlg		m!stop
1491137637912678421	2026-04-07T18:08:36Z	411916947773587456	Jockie Music		
1491137636767891569	2026-04-07T18:08:36Z	806180625991335966	walnutty2		m!stop
1491137580832653443	2026-04-07T18:08:23Z	411916947773587456	Jockie Music		
1491137579742007458	2026-04-07T18:08:23Z	806180625991335966	walnutty2		m!stop
1491137476272590908	2026-04-07T18:07:58Z	411916947773587456	Jockie Music		
1491137474469171211	2026-04-07T18:07:57Z	806180625991335966	walnutty2		m!play dear prudence
1491137249285242923	2026-04-07T18:07:04Z	411916947773587456	Jockie Music		
1491136580910317749	2026-04-07T18:04:24Z	411916947773587456	Jockie Music		
1491136048602808381	2026-04-07T18:02:17Z	411916947773587456	Jockie Music		
1491135446770516239	2026-04-07T17:59:54Z	411916947773587456	Jockie Music		
1491134806765863034	2026-04-07T17:57:21Z	411916947773587456	Jockie Music		
1491134193332392209	2026-04-07T17:54:55Z	411916947773587456	Jockie Music		
1491133512827535582	2026-04-07T17:52:13Z	411916947773587456	Jockie Music		
1491132825389367318	2026-04-07T17:49:29Z	411916947773587456	Jockie Music		
1491132302728761366	2026-04-07T17:47:24Z	411916947773587456	Jockie Music		
1491131677953757325	2026-04-07T17:44:55Z	411916947773587456	Jockie Music		
1491130968755540110	2026-04-07T17:42:06Z	411916947773587456	Jockie Music		
1491130378419961942	2026-04-07T17:39:46Z	411916947773587456	Jockie Music		
1491129836368957581	2026-04-07T17:37:36Z	411916947773587456	Jockie Music		
1491129251519529071	2026-04-07T17:35:17Z	411916947773587456	Jockie Music		Did you know you now get better audio quality with any premium tier <https://www.patreon.com/Jockie>!
1491128723729027113	2026-04-07T17:33:11Z	411916947773587456	Jockie Music		
1491127930741592085	2026-04-07T17:30:02Z	411916947773587456	Jockie Music		
1491127332629643426	2026-04-07T17:27:39Z	411916947773587456	Jockie Music		
1491126645627814019	2026-04-07T17:24:56Z	411916947773587456	Jockie Music		
1491126018361004248	2026-04-07T17:22:26Z	411916947773587456	Jockie Music		
1491125354503475372	2026-04-07T17:19:48Z	411916947773587456	Jockie Music		
1491124790914977922	2026-04-07T17:17:33Z	411916947773587456	Jockie Music		
1491124255528849498	2026-04-07T17:15:26Z	411916947773587456	Jockie Music		
1491123639922462921	2026-04-07T17:12:59Z	411916947773587456	Jockie Music		
1491123040619204780	2026-04-07T17:10:36Z	411916947773587456	Jockie Music		
1491122540939182201	2026-04-07T17:08:37Z	411916947773587456	Jockie Music		
1491122038612562072	2026-04-07T17:06:37Z	411916947773587456	Jockie Music		
1491121448486572225	2026-04-07T17:04:17Z	411916947773587456	Jockie Music		
1491121445617668096	2026-04-07T17:04:16Z	411916947773587456	Jockie Music		
1491121442421473481	2026-04-07T17:04:15Z	367334632515043329	guahlg		m!play https://music.apple.com/us/album/the-beatles-1962-1966-the-red-album/1441132965
1491072387029012591	2026-04-07T13:49:19Z	411916947773587456	Jockie Music		
1491072043167383753	2026-04-07T13:47:57Z	411916947773587456	Jockie Music		
1491071363149074653	2026-04-07T13:45:15Z	411916947773587456	Jockie Music		
1491070676000440461	2026-04-07T13:42:31Z	411916947773587456	Jockie Music		
1491070152467288165	2026-04-07T13:40:27Z	411916947773587456	Jockie Music		
1491069528673882233	2026-04-07T13:37:58Z	411916947773587456	Jockie Music		
1491068801922367508	2026-04-07T13:35:05Z	411916947773587456	Jockie Music		
1491068232961101974	2026-04-07T13:32:49Z	411916947773587456	Jockie Music		
1491067691119939715	2026-04-07T13:30:40Z	411916947773587456	Jockie Music		
1491067106056470639	2026-04-07T13:28:20Z	411916947773587456	Jockie Music		
1491066578546983074	2026-04-07T13:26:15Z	411916947773587456	Jockie Music		
1491065782703100068	2026-04-07T13:23:05Z	411916947773587456	Jockie Music		
1491065197186777139	2026-04-07T13:20:45Z	411916947773587456	Jockie Music		
1491064489628401834	2026-04-07T13:17:56Z	411916947773587456	Jockie Music		
1491063861619589282	2026-04-07T13:15:27Z	411916947773587456	Jockie Music		
1491063214882947122	2026-04-07T13:12:53Z	411916947773587456	Jockie Music		
1491062661784539317	2026-04-07T13:10:41Z	411916947773587456	Jockie Music		
1491062126184370228	2026-04-07T13:08:33Z	411916947773587456	Jockie Music		
1491061510821380379	2026-04-07T13:06:06Z	411916947773587456	Jockie Music		
1491060913586045001	2026-04-07T13:03:44Z	411916947773587456	Jockie Music		
1491060413645717634	2026-04-07T13:01:45Z	411916947773587456	Jockie Music		
1491059911713357875	2026-04-07T12:59:45Z	411916947773587456	Jockie Music		
1491059318471262243	2026-04-07T12:57:24Z	411916947773587456	Jockie Music		
1491059316554469488	2026-04-07T12:57:23Z	411916947773587456	Jockie Music		
1491059314083893299	2026-04-07T12:57:23Z	367334632515043329	guahlg		m!play https://music.apple.com/us/album/the-beatles-1962-1966-the-red-album/1441132965
1491059118084067458	2026-04-07T12:56:36Z	411916947773587456	Jockie Music		
1491059116565729291	2026-04-07T12:56:35Z	411916947773587456	Jockie Music		
1491058497104777428	2026-04-07T12:54:08Z	411916947773587456	Jockie Music		
1491057861772578827	2026-04-07T12:51:36Z	411916947773587456	Jockie Music		
1491057212171485306	2026-04-07T12:49:01Z	411916947773587456	Jockie Music		
1491056697639440595	2026-04-07T12:46:59Z	411916947773587456	Jockie Music		
1491055941913673819	2026-04-07T12:43:59Z	411916947773587456	Jockie Music		
1491055414207582269	2026-04-07T12:41:53Z	411916947773587456	Jockie Music		
1491054727017009352	2026-04-07T12:39:09Z	411916947773587456	Jockie Music		
1491054052593635359	2026-04-07T12:36:28Z	411916947773587456	Jockie Music		Did you know you now get better audio quality with any premium tier <https://www.patreon.com/Jockie>!
1491053382654365786	2026-04-07T12:33:48Z	411916947773587456	Jockie Music		
1491052926595104819	2026-04-07T12:32:00Z	411916947773587456	Jockie Music		
1491052290524840067	2026-04-07T12:29:28Z	411916947773587456	Jockie Music		
1491051756031967405	2026-04-07T12:27:21Z	411916947773587456	Jockie Music		
1491051120616018061	2026-04-07T12:24:49Z	411916947773587456	Jockie Music		
1491050551532589067	2026-04-07T12:22:33Z	411916947773587456	Jockie Music		
1491050550127493203	2026-04-07T12:22:33Z	411916947773587456	Jockie Music		
1491050548340854784	2026-04-07T12:22:33Z	367334632515043329	guahlg		m!play https://music.apple.com/us/album/beatles-for-sale/1441165005
1490751481610113109	2026-04-06T16:34:10Z	411916947773587456	Jockie Music		
1490750727797211237	2026-04-06T16:31:10Z	411916947773587456	Jockie Music		
1490750726706692198	2026-04-06T16:31:10Z	411916947773587456	Jockie Music		
1490750114493366536	2026-04-06T16:28:44Z	411916947773587456	Jockie Music		
1490749479538921683	2026-04-06T16:26:12Z	411916947773587456	Jockie Music		
1490748830076108820	2026-04-06T16:23:37Z	411916947773587456	Jockie Music		
1490748315896381550	2026-04-06T16:21:35Z	411916947773587456	Jockie Music		
1490747559918960711	2026-04-06T16:18:35Z	411916947773587456	Jockie Music		
1490747031898296500	2026-04-06T16:16:29Z	411916947773587456	Jockie Music		
1490746330966921270	2026-04-06T16:13:42Z	411916947773587456	Jockie Music		
1490745668065689630	2026-04-06T16:11:03Z	411916947773587456	Jockie Music		
1490744999204229192	2026-04-06T16:08:24Z	411916947773587456	Jockie Music		
1490744541970436238	2026-04-06T16:06:35Z	411916947773587456	Jockie Music		
1490743907452190811	2026-04-06T16:04:04Z	411916947773587456	Jockie Music		
1490743373433274530	2026-04-06T16:01:56Z	411916947773587456	Jockie Music		
1490742737543237845	2026-04-06T15:59:25Z	411916947773587456	Jockie Music		
1490742169227755652	2026-04-06T15:57:09Z	411916947773587456	Jockie Music		Did you know you now get better audio quality with any premium tier <https://www.patreon.com/Jockie>!
1490742167604564057	2026-04-06T15:57:09Z	411916947773587456	Jockie Music		
1490742165721317469	2026-04-06T15:57:08Z	367334632515043329	guahlg		m!play https://music.apple.com/us/album/beatles-for-sale/1441165005
1489914942017769563	2026-04-04T09:10:03Z	411916947773587456	Jockie Music		
1489914187756077056	2026-04-04T09:07:03Z	411916947773587456	Jockie Music		
1489914186623484119	2026-04-04T09:07:03Z	411916947773587456	Jockie Music		
1489913565828612268	2026-04-04T09:04:35Z	411916947773587456	Jockie Music		
1489912930831958036	2026-04-04T09:02:03Z	411916947773587456	Jockie Music		
1489912281440583680	2026-04-04T08:59:29Z	411916947773587456	Jockie Music		
1489911766514270269	2026-04-04T08:57:26Z	411916947773587456	Jockie Music		
1489911010805678110	2026-04-04T08:54:26Z	411916947773587456	Jockie Music		
1489910483472482385	2026-04-04T08:52:20Z	411916947773587456	Jockie Music		
1489909796017668207	2026-04-04T08:49:36Z	411916947773587456	Jockie Music		
1489909136320630804	2026-04-04T08:46:59Z	411916947773587456	Jockie Music		
1489908463252541501	2026-04-04T08:44:18Z	411916947773587456	Jockie Music		
1489908006773592145	2026-04-04T08:42:29Z	411916947773587456	Jockie Music		
1489907371340730388	2026-04-04T08:39:58Z	411916947773587456	Jockie Music		
1489906837112487936	2026-04-04T08:37:51Z	411916947773587456	Jockie Music		
1489906201570443284	2026-04-04T08:35:19Z	411916947773587456	Jockie Music		
1489905632969756693	2026-04-04T08:33:04Z	411916947773587456	Jockie Music		Did you know you now get better audio quality with any premium tier <https://www.patreon.com/Jockie>!
1489905631896010792	2026-04-04T08:33:03Z	411916947773587456	Jockie Music		
1489905629748396204	2026-04-04T08:33:03Z	592379464294596618	el_ocelote		m!play https://music.apple.com/us/album/beatles-for-sale/1441165005
1489905619774214174	2026-04-04T08:33:00Z	411916947773587456	Jockie Music		
1489905618591416400	2026-04-04T08:33:00Z	592379464294596618	el_ocelote		m!clear
1489905451272507392	2026-04-04T08:32:20Z	411916947773587456	Jockie Music		
1489904987285880993	2026-04-04T08:30:30Z	411916947773587456	Jockie Music		
1489904257980436653	2026-04-04T08:27:36Z	411916947773587456	Jockie Music		
1489904256482939031	2026-04-04T08:27:35Z	411916947773587456	Jockie Music		
1489904252934557807	2026-04-04T08:27:34Z	592379464294596618	el_ocelote		m!play https://music.apple.com/us/album/please-please-me/1441164816
1489865998688587878	2026-04-04T05:55:34Z	411916947773587456	Jockie Music		
1489865243634176000	2026-04-04T05:52:34Z	411916947773587456	Jockie Music		
1489864349202776157	2026-04-04T05:49:01Z	411916947773587456	Jockie Music		
1489863680437784616	2026-04-04T05:46:21Z	411916947773587456	Jockie Music		
1489863148273008640	2026-04-04T05:44:14Z	411916947773587456	Jockie Music		
1489862566598410260	2026-04-04T05:41:56Z	411916947773587456	Jockie Music		
1489861927990726686	2026-04-04T05:39:23Z	411916947773587456	Jockie Music		
1489861314829484197	2026-04-04T05:36:57Z	411916947773587456	Jockie Music		
1489860633255219251	2026-04-04T05:34:15Z	411916947773587456	Jockie Music		
1489859946890657965	2026-04-04T05:31:31Z	411916947773587456	Jockie Music		
1489859423907090583	2026-04-04T05:29:26Z	411916947773587456	Jockie Music		
1489858798914109480	2026-04-04T05:26:57Z	411916947773587456	Jockie Music		
1489858089778811011	2026-04-04T05:24:08Z	411916947773587456	Jockie Music		
1489857520448311318	2026-04-04T05:21:53Z	411916947773587456	Jockie Music		
1489856978577526861	2026-04-04T05:19:43Z	411916947773587456	Jockie Music		
1489856393631764510	2026-04-04T05:17:24Z	411916947773587456	Jockie Music		
1489855866164215888	2026-04-04T05:15:18Z	411916947773587456	Jockie Music		
1489855070509072515	2026-04-04T05:12:08Z	411916947773587456	Jockie Music		
1489854482111266867	2026-04-04T05:09:48Z	411916947773587456	Jockie Music		
1489853795344056484	2026-04-04T05:07:04Z	411916947773587456	Jockie Music		
1489853166962085960	2026-04-04T05:04:35Z	411916947773587456	Jockie Music		
1489852510242865172	2026-04-04T05:01:58Z	411916947773587456	Jockie Music		
1489851956754120816	2026-04-04T04:59:46Z	411916947773587456	Jockie Music		
1489851420545908856	2026-04-04T04:57:38Z	411916947773587456	Jockie Music		
1489850806235697172	2026-04-04T04:55:12Z	411916947773587456	Jockie Music		Did you know you now get better audio quality with any premium tier <https://www.patreon.com/Jockie>!
1489850207280828540	2026-04-04T04:52:49Z	411916947773587456	Jockie Music		
1489849707038511106	2026-04-04T04:50:50Z	411916947773587456	Jockie Music		
1489849205425176807	2026-04-04T04:48:50Z	411916947773587456	Jockie Music		
1489848613696700529	2026-04-04T04:46:29Z	411916947773587456	Jockie Music		
1489848612383883404	2026-04-04T04:46:29Z	411916947773587456	Jockie Music		
1489848609947259051	2026-04-04T04:46:28Z	367334632515043329	guahlg		m!play https://music.apple.com/us/album/the-beatles-1962-1966-the-red-album/1441132965
1489556952701735074	2026-04-03T09:27:32Z	411916947773587456	Jockie Music		
1489556197177688096	2026-04-03T09:24:32Z	411916947773587456	Jockie Music		
1489555528005849231	2026-04-03T09:21:52Z	411916947773587456	Jockie Music		
1489554996956495933	2026-04-03T09:19:45Z	411916947773587456	Jockie Music		
1489554413155778642	2026-04-03T09:17:26Z	411916947773587456	Jockie Music		
1489553776087007275	2026-04-03T09:14:54Z	411916947773587456	Jockie Music		
1489553162586292287	2026-04-03T09:12:28Z	411916947773587456	Jockie Music		
1489552482106609704	2026-04-03T09:09:46Z	411916947773587456	Jockie Music		
1489551795280678942	2026-04-03T09:07:02Z	411916947773587456	Jockie Music		
1489551272078999693	2026-04-03T09:04:57Z	411916947773587456	Jockie Music		
1489550647086026844	2026-04-03T09:02:28Z	411916947773587456	Jockie Music		
1489549938282074113	2026-04-03T08:59:39Z	411916947773587456	Jockie Music		
1489549369408753864	2026-04-03T08:57:24Z	411916947773587456	Jockie Music		
1489548826996899860	2026-04-03T08:55:14Z	411916947773587456	Jockie Music		
1489548241757278358	2026-04-03T08:52:55Z	411916947773587456	Jockie Music		
1489547714751369326	2026-04-03T08:50:49Z	411916947773587456	Jockie Music		
1489546918857146409	2026-04-03T08:47:39Z	411916947773587456	Jockie Music		
1489546330350293074	2026-04-03T08:45:19Z	411916947773587456	Jockie Music		
1489545643855974432	2026-04-03T08:42:35Z	411916947773587456	Jockie Music		Did you know you now get better audio quality with any premium tier <https://www.patreon.com/Jockie>!
1489545015607824437	2026-04-03T08:40:06Z	411916947773587456	Jockie Music		
1489544369198596156	2026-04-03T08:37:32Z	411916947773587456	Jockie Music		
1489543815743143936	2026-04-03T08:35:20Z	411916947773587456	Jockie Music		
1489543279207776340	2026-04-03T08:33:12Z	411916947773587456	Jockie Music		
1489542664759152663	2026-04-03T08:30:45Z	411916947773587456	Jockie Music		
1489542066211131422	2026-04-03T08:28:22Z	411916947773587456	Jockie Music		
1489541565788459060	2026-04-03T08:26:23Z	411916947773587456	Jockie Music		
1489541064749613066	2026-04-03T08:24:24Z	411916947773587456	Jockie Music		
1489540472899768422	2026-04-03T08:22:03Z	411916947773587456	Jockie Music		
1489540471238688808	2026-04-03T08:22:02Z	411916947773587456	Jockie Music		
1489540468369784874	2026-04-03T08:22:01Z	367334632515043329	guahlg		m!play https://music.apple.com/us/album/the-beatles-1962-1966-the-red-album/1441132965
1489539266949283840	2026-04-03T08:17:15Z	411916947773587456	Jockie Music		
1489538511358132335	2026-04-03T08:14:15Z	411916947773587456	Jockie Music		
1489537841644965899	2026-04-03T08:11:35Z	411916947773587456	Jockie Music		
1489537310243684362	2026-04-03T08:09:29Z	411916947773587456	Jockie Music		
1489536727323381902	2026-04-03T08:07:10Z	411916947773587456	Jockie Music		
1489536089998758020	2026-04-03T08:04:38Z	411916947773587456	Jockie Music		
1489535476477067354	2026-04-03T08:02:11Z	411916947773587456	Jockie Music		
1489534795494195270	2026-04-03T07:59:29Z	411916947773587456	Jockie Music		
1489534108672458753	2026-04-03T07:56:45Z	411916947773587456	Jockie Music		
1489533585923903498	2026-04-03T07:54:41Z	411916947773587456	Jockie Music		
1489532961312346153	2026-04-03T07:52:12Z	411916947773587456	Jockie Music		
1489532251980173322	2026-04-03T07:49:23Z	411916947773587456	Jockie Music		
1489531682636959794	2026-04-03T07:47:07Z	411916947773587456	Jockie Music		
1489531140489609256	2026-04-03T07:44:58Z	411916947773587456	Jockie Music		
1489530555157581914	2026-04-03T07:42:38Z	411916947773587456	Jockie Music		
1489530027950346322	2026-04-03T07:40:32Z	411916947773587456	Jockie Music		
1489529233423204362	2026-04-03T07:37:23Z	411916947773587456	Jockie Music		
1489528643842736228	2026-04-03T07:35:02Z	411916947773587456	Jockie Music		
1489527956928856214	2026-04-03T07:32:19Z	411916947773587456	Jockie Music		
1489527328986894356	2026-04-03T07:29:49Z	411916947773587456	Jockie Music		
1489526682435059792	2026-04-03T07:27:15Z	411916947773587456	Jockie Music		
1489526129214885999	2026-04-03T07:25:03Z	411916947773587456	Jockie Music		
1489525592805343417	2026-04-03T07:22:55Z	411916947773587456	Jockie Music		
1489524978457251960	2026-04-03T07:20:28Z	411916947773587456	Jockie Music		
1489524379531477052	2026-04-03T07:18:06Z	411916947773587456	Jockie Music		Did you know you now get better audio quality with any premium tier <https://www.patreon.com/Jockie>!
1489523879448678564	2026-04-03T07:16:06Z	411916947773587456	Jockie Music		
1489523377667309648	2026-04-03T07:14:07Z	411916947773587456	Jockie Music		
1489522784861425715	2026-04-03T07:11:45Z	411916947773587456	Jockie Music		
1489522783162732588	2026-04-03T07:11:45Z	411916947773587456	Jockie Music		
1489522781270966293	2026-04-03T07:11:45Z	367334632515043329	guahlg		m!play https://music.apple.com/us/album/the-beatles-1962-1966-the-red-album/1441132965
1489522339015032852	2026-04-03T07:09:59Z	411916947773587456	Jockie Music		
1489521584069935135	2026-04-03T07:06:59Z	411916947773587456	Jockie Music		
1489520914579325079	2026-04-03T07:04:19Z	411916947773587456	Jockie Music		
1489520383223791656	2026-04-03T07:02:13Z	411916947773587456	Jockie Music		
1489519799842115790	2026-04-03T06:59:54Z	411916947773587456	Jockie Music		
1489519162614218929	2026-04-03T06:57:22Z	411916947773587456	Jockie Music		
1489518548790280273	2026-04-03T06:54:55Z	411916947773587456	Jockie Music		
1489517868055003257	2026-04-03T06:52:13Z	411916947773587456	Jockie Music		
1489517181640376423	2026-04-03T06:49:29Z	411916947773587456	Jockie Music		
1489516658321260595	2026-04-03T06:47:25Z	411916947773587456	Jockie Music		
1489516034011697194	2026-04-03T06:44:56Z	411916947773587456	Jockie Music		
1489515324339650640	2026-04-03T06:42:07Z	411916947773587456	Jockie Music		
1489514755122266224	2026-04-03T06:39:51Z	411916947773587456	Jockie Music		
1489514213431840889	2026-04-03T06:37:42Z	411916947773587456	Jockie Music		
1489513629836644412	2026-04-03T06:35:23Z	411916947773587456	Jockie Music		
1489513100632916069	2026-04-03T06:33:17Z	411916947773587456	Jockie Music		
1489512305027715125	2026-04-03T06:30:07Z	411916947773587456	Jockie Music		
1489511716730441830	2026-04-03T06:27:47Z	411916947773587456	Jockie Music		
1489511029707771904	2026-04-03T06:25:03Z	411916947773587456	Jockie Music		
1489510401891897344	2026-04-03T06:22:33Z	411916947773587456	Jockie Music		
1489509754928889877	2026-04-03T06:19:59Z	411916947773587456	Jockie Music		
1489509201977016431	2026-04-03T06:17:47Z	411916947773587456	Jockie Music		Did you know you now get better audio quality with any premium tier <https://www.patreon.com/Jockie>!
1489508665739186187	2026-04-03T06:15:39Z	411916947773587456	Jockie Music		
1489508050871128190	2026-04-03T06:13:13Z	411916947773587456	Jockie Music		
1489507453975662702	2026-04-03T06:10:50Z	411916947773587456	Jockie Music		
1489506953414578391	2026-04-03T06:08:51Z	411916947773587456	Jockie Music		
1489506452166017078	2026-04-03T06:06:51Z	411916947773587456	Jockie Music		
1489505858537656350	2026-04-03T06:04:30Z	411916947773587456	Jockie Music		
1489505855945576488	2026-04-03T06:04:29Z	411916947773587456	Jockie Music		
1489505853949345822	2026-04-03T06:04:29Z	367334632515043329	guahlg		m!play https://music.apple.com/us/album/the-beatles-1962-1966-the-red-album/1441132965
1487385735177703454	2026-03-28T09:39:53Z	411916947773587456	Jockie Music		
1487384980161040435	2026-03-28T09:36:53Z	411916947773587456	Jockie Music		
1487384310389538996	2026-03-28T09:34:13Z	411916947773587456	Jockie Music		
1487383779554361514	2026-03-28T09:32:07Z	411916947773587456	Jockie Music		
1487383196265087109	2026-03-28T09:29:48Z	411916947773587456	Jockie Music		
1487382558390882365	2026-03-28T09:27:16Z	411916947773587456	Jockie Music		
1487381944969859205	2026-03-28T09:24:49Z	411916947773587456	Jockie Music		
1487381265941397584	2026-03-28T09:22:08Z	411916947773587456	Jockie Music		
1487380577828077650	2026-03-28T09:19:23Z	411916947773587456	Jockie Music		
1487380054605299722	2026-03-28T09:17:19Z	411916947773587456	Jockie Music		
1487379429494751313	2026-03-28T09:14:50Z	411916947773587456	Jockie Music		
1487378720602849314	2026-03-28T09:12:01Z	411916947773587456	Jockie Music		
1487378151524007957	2026-03-28T09:09:45Z	411916947773587456	Jockie Music		
1487377609615736873	2026-03-28T09:07:36Z	411916947773587456	Jockie Music		
1487377027320516740	2026-03-28T09:05:17Z	411916947773587456	Jockie Music		
1487376497055498360	2026-03-28T09:03:11Z	411916947773587456	Jockie Music		
1487375701425524876	2026-03-28T09:00:01Z	411916947773587456	Jockie Music		
1487375112805027910	2026-03-28T08:57:40Z	411916947773587456	Jockie Music		
1487374427724185631	2026-03-28T08:54:57Z	411916947773587456	Jockie Music		
1487373797953765496	2026-03-28T08:52:27Z	411916947773587456	Jockie Music		
1487373151221317642	2026-03-28T08:49:53Z	411916947773587456	Jockie Music		
1487372597694824510	2026-03-28T08:47:41Z	411916947773587456	Jockie Music		
1487372062145122355	2026-03-28T08:45:33Z	411916947773587456	Jockie Music		Did you know you now get better audio quality with any premium tier <https://www.patreon.com/Jockie>!
1487371448896196729	2026-03-28T08:43:07Z	411916947773587456	Jockie Music		
1487370848003297362	2026-03-28T08:40:44Z	411916947773587456	Jockie Music		
1487370349636223126	2026-03-28T08:38:45Z	411916947773587456	Jockie Music		
1487369848270094456	2026-03-28T08:36:45Z	411916947773587456	Jockie Music		
1487369250825048216	2026-03-28T08:34:23Z	411916947773587456	Jockie Music		
1487369248438222918	2026-03-28T08:34:22Z	411916947773587456	Jockie Music		
1487369245758197842	2026-03-28T08:34:22Z	592379464294596618	el_ocelote		m!play https://music.apple.com/us/album/the-beatles-1962-1966-the-red-album/1441132965
1485670082527891516	2026-03-23T16:02:30Z	411916947773587456	Jockie Music		
1485669327280668756	2026-03-23T15:59:30Z	411916947773587456	Jockie Music		Did you know you now get better audio quality with any premium tier <https://www.patreon.com/Jockie>!
1485668537870586048	2026-03-23T15:56:21Z	411916947773587456	Jockie Music		
1485668536390254614	2026-03-23T15:56:21Z	411916947773587456	Jockie Music		
1485668535329095894	2026-03-23T15:56:21Z	806180625991335966	walnutty2		m!restart
1485668407461548166	2026-03-23T15:55:50Z	411916947773587456	Jockie Music		
1485668401106915530	2026-03-23T15:55:49Z	806180625991335966	walnutty2		m!play she's my baby by wings
1485668358232866957	2026-03-23T15:55:38Z	411916947773587456	Jockie Music		
1485668357075239003	2026-03-23T15:55:38Z	806180625991335966	walnutty2		m!stop
1485668332391763979	2026-03-23T15:55:32Z	806180625991335966	walnutty2		m! stop
1485668190196338828	2026-03-23T15:54:58Z	411916947773587456	Jockie Music		
1485668188569079818	2026-03-23T15:54:58Z	806180625991335966	walnutty2		m!play like gravy by wings
1473573217930051594	2026-02-18T06:53:52Z	411916947773587456	Jockie Music		
1473572463072903231	2026-02-18T06:50:52Z	411916947773587456	Jockie Music		
1473571068781531168	2026-02-18T06:45:20Z	411916947773587456	Jockie Music		Did you know you now get better audio quality with any premium tier <https://www.patreon.com/Jockie>!
1473571066763804743	2026-02-18T06:45:19Z	806180625991335966	walnutty2		m!play rock show by wings
1473571016889471132	2026-02-18T06:45:08Z	411916947773587456	Jockie Music		
1473571015823982625	2026-02-18T06:45:07Z	806180625991335966	walnutty2		m!stop
1473570994135498873	2026-02-18T06:45:02Z	411916947773587456	Jockie Music		
1473570990142394492	2026-02-18T06:45:01Z	806180625991335966	walnutty2		m!play rock star wings
1473568138221322242	2026-02-18T06:33:41Z	411916947773587456	Jockie Music		
1473568136983744663	2026-02-18T06:33:41Z	806180625991335966	walnutty2		m!stop
1473568013189124126	2026-02-18T06:33:11Z	411916947773587456	Jockie Music		
1473568001004540167	2026-02-18T06:33:09Z	411916947773587456	Jockie Music		
1473567660284448821	2026-02-18T06:31:47Z	411916947773587456	Jockie Music		Did you know you now get better audio quality with any premium tier <https://www.patreon.com/Jockie>!
1473567652659069060	2026-02-18T06:31:45Z	806180625991335966	walnutty2		m!play rock show by wings
1464929641834876951	2026-01-25T10:27:23Z	411916947773587456	Jockie Music		
1464928887095038094	2026-01-25T10:24:23Z	411916947773587456	Jockie Music		
1464928047739437279	2026-01-25T10:21:03Z	411916947773587456	Jockie Music		
1464927476131172645	2026-01-25T10:18:47Z	411916947773587456	Jockie Music		
1464926341781520522	2026-01-25T10:14:16Z	411916947773587456	Jockie Music		
1464925577239855243	2026-01-25T10:11:14Z	411916947773587456	Jockie Music		
1464925575671189526	2026-01-25T10:11:14Z	955720868103876649	dragondev22		m!play all star
1464925444997517394	2026-01-25T10:10:43Z	411916947773587456	Jockie Music		
1464925443277983766	2026-01-25T10:10:42Z	955720868103876649	dragondev22		m!play attack of the killer beast (phonk remix)
1464925432645156968	2026-01-25T10:10:40Z	411916947773587456	Jockie Music		
1464925361686188069	2026-01-25T10:10:23Z	411916947773587456	Jockie Music		
1464925360746533010	2026-01-25T10:10:22Z	955720868103876649	dragondev22		m!remove beast
1464925237043925065	2026-01-25T10:09:53Z	955720868103876649	dragondev22		m!help
1464925119821516877	2026-01-25T10:09:25Z	955720868103876649	dragondev22		m!exit
1464925066449129482	2026-01-25T10:09:12Z	411916947773587456	Jockie Music		
1464925065442230570	2026-01-25T10:09:12Z	955720868103876649	dragondev22		m!play mr beast
1464924811112218780	2026-01-25T10:08:11Z	411916947773587456	Jockie Music		
1464924809849864275	2026-01-25T10:08:11Z	955720868103876649	dragondev22		m!play what is love - Haddaway
1464924442982617192	2026-01-25T10:06:44Z	411916947773587456	Jockie Music		
1464923580986036488	2026-01-25T10:03:18Z	411916947773587456	Jockie Music		
1464923580050444288	2026-01-25T10:03:18Z	411916947773587456	Jockie Music		
1464923578943148074	2026-01-25T10:03:18Z	955720868103876649	dragondev22		m!skip
1464923056307703987	2026-01-25T10:01:13Z	411916947773587456	Jockie Music		
1464922900598362185	2026-01-25T10:00:36Z	411916947773587456	Jockie Music		
1464922899872874709	2026-01-25T10:00:36Z	955720868103876649	dragondev22		m!play in the end
1464922627746435279	2026-01-25T09:59:31Z	411916947773587456	Jockie Music		
1464922626907570196	2026-01-25T09:59:31Z	955720868103876649	dragondev22		m!resume
1464922524860157972	2026-01-25T09:59:06Z	411916947773587456	Jockie Music		
1464922523882885130	2026-01-25T09:59:06Z	955720868103876649	dragondev22		m!pause
1464922171670528133	2026-01-25T09:57:42Z	411916947773587456	Jockie Music		
1464922169707331671	2026-01-25T09:57:42Z	411916947773587456	Jockie Music		
1464922168637788324	2026-01-25T09:57:41Z	955720868103876649	dragondev22		m!skip
1464921614696185898	2026-01-25T09:55:29Z	411916947773587456	Jockie Music		
1464921613085573140	2026-01-25T09:55:29Z	411916947773587456	Jockie Music		
1464921611806183426	2026-01-25T09:55:29Z	955720868103876649	dragondev22		m!skip
1464921574825263159	2026-01-25T09:55:20Z	411916947773587456	Jockie Music		
1464921573667373119	2026-01-25T09:55:20Z	955720868103876649	dragondev22		m!skip
1464921298751983693	2026-01-25T09:54:14Z	411916947773587456	Jockie Music		
1464921298005135533	2026-01-25T09:54:14Z	955720868103876649	dragondev22		m!play bring me to life
1464921257848996085	2026-01-25T09:54:04Z	411916947773587456	Jockie Music		
1464921256460685325	2026-01-25T09:54:04Z	955720868103876649	dragondev22		m!play what i've done - linkin park
1464921215155048529	2026-01-25T09:53:54Z	411916947773587456	Jockie Music		
1464921213762539622	2026-01-25T09:53:54Z	955720868103876649	dragondev22		m!play given up - linkin park
1464921122230374581	2026-01-25T09:53:32Z	955720868103876649	dragondev22		lmao
1464921080920805600	2026-01-25T09:53:22Z	411916947773587456	Jockie Music		
1464920581102370923	2026-01-25T09:51:23Z	955720868103876649	dragondev22		a lil bit of russian music now
1464920486751244465	2026-01-25T09:51:00Z	411916947773587456	Jockie Music		
1464920026749604086	2026-01-25T09:49:11Z	411916947773587456	Jockie Music		
1464919232046301396	2026-01-25T09:46:01Z	955720868103876649	dragondev22		peak
1464919214099005704	2026-01-25T09:45:57Z	411916947773587456	Jockie Music		
1464919212387602567	2026-01-25T09:45:57Z	411916947773587456	Jockie Music		
1464919211565387857	2026-01-25T09:45:56Z	955720868103876649	dragondev22		m!skip
1464919176278704131	2026-01-25T09:45:48Z	411916947773587456	Jockie Music		
1464919175448494341	2026-01-25T09:45:48Z	411916947773587456	Jockie Music		
1464919174525620376	2026-01-25T09:45:48Z	955720868103876649	dragondev22		m!skip
1464919068678291548	2026-01-25T09:45:22Z	411916947773587456	Jockie Music		
1464919067512017050	2026-01-25T09:45:22Z	411916947773587456	Jockie Music		
1464919066681671785	2026-01-25T09:45:22Z	955720868103876649	dragondev22		m!skip
1464918488735944858	2026-01-25T09:43:04Z	411916947773587456	Jockie Music		
1464918487209345102	2026-01-25T09:43:04Z	411916947773587456	Jockie Music		
1464918486500507740	2026-01-25T09:43:04Z	955720868103876649	dragondev22		m!skip
1464918216173424681	2026-01-25T09:41:59Z	955720868103876649	dragondev22		sure, close enough
1464918181490593916	2026-01-25T09:41:51Z	411916947773587456	Jockie Music		
1464918180559327295	2026-01-25T09:41:51Z	955720868103876649	dragondev22		m!play what i've done
1464917747191386356	2026-01-25T09:40:07Z	411916947773587456	Jockie Music		
1464917746075832549	2026-01-25T09:40:07Z	411916947773587456	Jockie Music		
1464917745115201601	2026-01-25T09:40:07Z	955720868103876649	dragondev22		m!skip
1464917542727323770	2026-01-25T09:39:19Z	411916947773587456	Jockie Music		
1464917541590667368	2026-01-25T09:39:18Z	955720868103876649	dragondev22		m!play ghostbusters
1464917136832069787	2026-01-25T09:37:42Z	411916947773587456	Jockie Music		
1464917135565393931	2026-01-25T09:37:41Z	411916947773587456	Jockie Music		
1464917134349045760	2026-01-25T09:37:41Z	955720868103876649	dragondev22		m!skip
1464916949950795799	2026-01-25T09:36:57Z	411916947773587456	Jockie Music		
1464916948885176485	2026-01-25T09:36:57Z	955720868103876649	dragondev22		m!next
1464916785919819966	2026-01-25T09:36:18Z	411916947773587456	Jockie Music		
1464916784632303765	2026-01-25T09:36:18Z	955720868103876649	dragondev22		m!play Xenogenesis - thefatrat
1464916151560699927	2026-01-25T09:33:47Z	955720868103876649	dragondev22		m!help
1464916147102027929	2026-01-25T09:33:46Z	411916947773587456	Jockie Music		
1464916092811083949	2026-01-25T09:33:33Z	411916947773587456	Jockie Music		
1464916091838005298	2026-01-25T09:33:33Z	955720868103876649	dragondev22		m!play Судно (Борис Рижий
1464915791408529615	2026-01-25T09:32:21Z	955720868103876649	dragondev22		:)
1464915768083874028	2026-01-25T09:32:15Z	411916947773587456	Jockie Music		
1464915767119314984	2026-01-25T09:32:15Z	955720868103876649	dragondev22		m!play can you hear the music
1464915725654298727	2026-01-25T09:32:05Z	411916947773587456	Jockie Music		
1464915724278563052	2026-01-25T09:32:05Z	955720868103876649	dragondev22		m!play F1 -Hans zimmer
1464915695224487937	2026-01-25T09:31:58Z	411916947773587456	Jockie Music		
1464915693760806976	2026-01-25T09:31:58Z	955720868103876649	dragondev22		m!play photograph - nickelback
1464915625255370753	2026-01-25T09:31:41Z	411916947773587456	Jockie Music		
1464915623980306568	2026-01-25T09:31:41Z	955720868103876649	dragondev22		m!play africa - toto
1464915567197687953	2026-01-25T09:31:28Z	411916947773587456	Jockie Music		
1464915565377486858	2026-01-25T09:31:27Z	955720868103876649	dragondev22		m!play take me on - aha
1464915446921957460	2026-01-25T09:30:59Z	411916947773587456	Jockie Music		
1464915445642559488	2026-01-25T09:30:59Z	955720868103876649	dragondev22		m!play smells like teenage spirit - nirvana
1464915352906367159	2026-01-25T09:30:36Z	806180625991335966	walnutty2		<@592379464294596618> show him some beatles songs
1464915329745424582	2026-01-25T09:30:31Z	955720868103876649	dragondev22		meme songs for everyone
1464915199038324961	2026-01-25T09:30:00Z	411916947773587456	Jockie Music		
1464915197104754869	2026-01-25T09:29:59Z	411916947773587456	Jockie Music		
1464915195595067518	2026-01-25T09:29:59Z	955720868103876649	dragondev22		m!skip
1464915178939486271	2026-01-25T09:29:55Z	411916947773587456	Jockie Music		
1464915178205483008	2026-01-25T09:29:55Z	955720868103876649	dragondev22		m!play crab rave
1464915002086658081	2026-01-25T09:29:13Z	411916947773587456	Jockie Music		
1464915000241164330	2026-01-25T09:29:12Z	955720868103876649	dragondev22		m!play baby im yours - breakbot
1464914889691762809	2026-01-25T09:28:46Z	411916947773587456	Jockie Music		
1464914887850590319	2026-01-25T09:28:46Z	955720868103876649	dragondev22		m!play land of confusion - genesis
1464914830119927934	2026-01-25T09:28:32Z	411916947773587456	Jockie Music		
1464914828614307946	2026-01-25T09:28:31Z	411916947773587456	Jockie Music		
1464914828069175380	2026-01-25T09:28:31Z	955720868103876649	dragondev22		m!skip
1464914806887944233	2026-01-25T09:28:26Z	411916947773587456	Jockie Music		
1464914805147303986	2026-01-25T09:28:26Z	955720868103876649	dragondev22		m!play sandstorm - darude
1464914644836814990	2026-01-25T09:27:48Z	411916947773587456	Jockie Music		
1464914642806636660	2026-01-25T09:27:47Z	411916947773587456	Jockie Music		
1464914642089545810	2026-01-25T09:27:47Z	955720868103876649	dragondev22		m!skip
1464914459725402154	2026-01-25T09:27:03Z	411916947773587456	Jockie Music		
1464914458798461050	2026-01-25T09:27:03Z	411916947773587456	Jockie Music		
1464914457879908426	2026-01-25T09:27:03Z	955720868103876649	dragondev22		m!skip
1464914368637436140	2026-01-25T09:26:42Z	411916947773587456	Jockie Music		
1464914367517818901	2026-01-25T09:26:42Z	955720868103876649	dragondev22		m!play in the end - linkin park
1464914102370439407	2026-01-25T09:25:38Z	411916947773587456	Jockie Music		
1464914101787693150	2026-01-25T09:25:38Z	955720868103876649	dragondev22		m!play fireflies
1464913998783971432	2026-01-25T09:25:14Z	411916947773587456	Jockie Music		
1464913997093539933	2026-01-25T09:25:13Z	955720868103876649	dragondev22		m!play run - awolnation
1464913945679626414	2026-01-25T09:25:01Z	411916947773587456	Jockie Music		
1464913943826010164	2026-01-25T09:25:00Z	955720868103876649	dragondev22		m!play SHooting stars - Bag raiders
1464913896207810798	2026-01-25T09:24:49Z	411916947773587456	Jockie Music		
1464913895134335151	2026-01-25T09:24:49Z	411916947773587456	Jockie Music		
1464913894115115092	2026-01-25T09:24:49Z	955720868103876649	dragondev22		m!skip
1464913878692663408	2026-01-25T09:24:45Z	411916947773587456	Jockie Music		
1464913877123989588	2026-01-25T09:24:45Z	411916947773587456	Jockie Music		
1464913876356304970	2026-01-25T09:24:44Z	955720868103876649	dragondev22		m!skip
1464913833964605500	2026-01-25T09:24:34Z	411916947773587456	Jockie Music		Did you know you now get better audio quality with any premium tier <https://www.patreon.com/Jockie>!
1464913832337080372	2026-01-25T09:24:34Z	411916947773587456	Jockie Music		
1464913831653277801	2026-01-25T09:24:34Z	955720868103876649	dragondev22		m!skip
1464913819913682954	2026-01-25T09:24:31Z	411916947773587456	Jockie Music		
1464913577323532339	2026-01-25T09:23:33Z	955720868103876649	dragondev22		m!help
1464913550429651048	2026-01-25T09:23:27Z	411916947773587456	Jockie Music		
1464913548915376372	2026-01-25T09:23:26Z	955720868103876649	dragondev22		m!play Shooting Stars
1464913475640758293	2026-01-25T09:23:09Z	411916947773587456	Jockie Music		
1464913473984135257	2026-01-25T09:23:08Z	955720868103876649	dragondev22		m!play roundabout - Yes Q
1464913272456216618	2026-01-25T09:22:20Z	411916947773587456	Jockie Music		
1464913270812049569	2026-01-25T09:22:20Z	955720868103876649	dragondev22		m!play all star - smash mouth
1464913098597994609	2026-01-25T09:21:39Z	411916947773587456	Jockie Music		
1464913097499345043	2026-01-25T09:21:39Z	806180625991335966	walnutty2		m!play you never give me your money
1464912716551426164	2026-01-25T09:20:08Z	411916947773587456	Jockie Music		
1464912707340992628	2026-01-25T09:20:06Z	955720868103876649	dragondev22		m!play trance music for racing game
1464912610339061820	2026-01-25T09:19:43Z	411916947773587456	Jockie Music		
1464912577820754152	2026-01-25T09:19:35Z	955720868103876649	dragondev22		i'm just trolling
1464912508887502858	2026-01-25T09:19:18Z	806180625991335966	walnutty2		bro listening to that shit
1464912480336875541	2026-01-25T09:19:12Z	806180625991335966	walnutty2		ah hell nah
1464911714293252116	2026-01-25T09:16:09Z	411916947773587456	Jockie Music		
1464911712926044160	2026-01-25T09:16:09Z	955720868103876649	dragondev22		m!play never gonna give you up
1458873684688371876	2026-01-08T17:23:10Z	411916947773587456	Jockie Music		
1458872930003062938	2026-01-08T17:20:11Z	411916947773587456	Jockie Music		
1458872245739982849	2026-01-08T17:17:27Z	411916947773587456	Jockie Music		
1458872243894616216	2026-01-08T17:17:27Z	806180625991335966	walnutty2		m!play birthday by the beatles
1458867936935809104	2026-01-08T17:00:20Z	411916947773587456	Jockie Music		
1458867181642060006	2026-01-08T16:57:20Z	411916947773587456	Jockie Music		
1458866687653711872	2026-01-08T16:55:22Z	411916947773587456	Jockie Music		
1458866685355233371	2026-01-08T16:55:22Z	806180625991335966	walnutty2		m!play she came in through the bathroom window
1458865977042145382	2026-01-08T16:52:33Z	411916947773587456	Jockie Music		
1458865460069142620	2026-01-08T16:50:30Z	411916947773587456	Jockie Music		
1458865458856988909	2026-01-08T16:50:29Z	411916947773587456	Jockie Music		
1458865457602756731	2026-01-08T16:50:29Z	806180625991335966	walnutty2		m!skip
1458865433938493624	2026-01-08T16:50:23Z	411916947773587456	Jockie Music		
1458865432604839968	2026-01-08T16:50:23Z	806180625991335966	walnutty2		m!next
1458865381639852266	2026-01-08T16:50:11Z	411916947773587456	Jockie Music		
1458865379953606697	2026-01-08T16:50:10Z	806180625991335966	walnutty2		m!play i'm so tired by the beatles
1458860757029621922	2026-01-08T16:31:48Z	411916947773587456	Jockie Music		Did you know you now get better audio quality with any premium tier <https://www.patreon.com/Jockie>!
1458860755012161646	2026-01-08T16:31:48Z	806180625991335966	walnutty2		m!play i will, by the beatles
1458860716533485763	2026-01-08T16:31:39Z	411916947773587456	Jockie Music		
1458860715652681749	2026-01-08T16:31:38Z	806180625991335966	walnutty2		m!pause
1458860688100425829	2026-01-08T16:31:32Z	411916947773587456	Jockie Music		
1458860685428527307	2026-01-08T16:31:31Z	806180625991335966	walnutty2		m!play I will by the beatles
1458860659386224864	2026-01-08T16:31:25Z	411916947773587456	Jockie Music		
1458860658085859358	2026-01-08T16:31:25Z	806180625991335966	walnutty2		m!stop
1458860645872304393	2026-01-08T16:31:22Z	806180625991335966	walnutty2		m1stop
1458860626565922849	2026-01-08T16:31:17Z	411916947773587456	Jockie Music		
1458860624888201306	2026-01-08T16:31:17Z	806180625991335966	walnutty2		m!play i will
1458860547331198986	2026-01-08T16:30:58Z	411916947773587456	Jockie Music		
1458859939010449581	2026-01-08T16:28:33Z	411916947773587456	Jockie Music		
1458859937881919642	2026-01-08T16:28:33Z	806180625991335966	walnutty2		m!play here there and everywhere
1457636104424657050	2026-01-05T07:25:28Z	411916947773587456	Jockie Music		
1457636093213020232	2026-01-05T07:25:26Z	411916947773587456	Jockie Music		
1457634704231628832	2026-01-05T07:19:55Z	411916947773587456	Jockie Music		
1457633593152245784	2026-01-05T07:15:30Z	411916947773587456	Jockie Music		
1457632564855574700	2026-01-05T07:11:24Z	411916947773587456	Jockie Music		
1457632286861299734	2026-01-05T07:10:18Z	411916947773587456	Jockie Music		
1457630047635509268	2026-01-05T07:01:24Z	411916947773587456	Jockie Music		
1457627881680273453	2026-01-05T06:52:48Z	411916947773587456	Jockie Music		
1457627295379361965	2026-01-05T06:50:28Z	411916947773587456	Jockie Music		
1457627201238204589	2026-01-05T06:50:06Z	411916947773587456	Jockie Music		
1457625174181412884	2026-01-05T06:42:02Z	411916947773587456	Jockie Music		
1457624348063043638	2026-01-05T06:38:45Z	411916947773587456	Jockie Music		
1457623243539353601	2026-01-05T06:34:22Z	411916947773587456	Jockie Music		
1457622042546409658	2026-01-05T06:29:36Z	411916947773587456	Jockie Music		
1457620820737130517	2026-01-05T06:24:44Z	411916947773587456	Jockie Music		
1457619059192496158	2026-01-05T06:17:44Z	411916947773587456	Jockie Music		
1457618374644338698	2026-01-05T06:15:01Z	411916947773587456	Jockie Music		
1457611919492911178	2026-01-05T05:49:22Z	411916947773587456	Jockie Music		
1457611918553645160	2026-01-05T05:49:22Z	806180625991335966	walnutty2		m!loop
1457611893114929346	2026-01-05T05:49:16Z	411916947773587456	Jockie Music		
1457611892699824221	2026-01-05T05:49:16Z	806180625991335966	walnutty2		m!loop
1457611850115059742	2026-01-05T05:49:06Z	411916947773587456	Jockie Music		
1457611849188249683	2026-01-05T05:49:05Z	806180625991335966	walnutty2		m!loop
1457611789909889129	2026-01-05T05:48:51Z	411916947773587456	Jockie Music		
1457611789050314803	2026-01-05T05:48:51Z	806180625991335966	walnutty2		m!play list
1457611729805770845	2026-01-05T05:48:37Z	411916947773587456	Jockie Music		
1457611728291500263	2026-01-05T05:48:37Z	806180625991335966	walnutty2		m!play chill lofi music
1455492382073294981	2025-12-30T09:27:05Z	955720868103876649	dragondev22		[DisappointedTurtle](https://cdn.discordapp.com/emojis/1263958928782393435.webp?size=48&name=DisappointedTurtle)
1455492291446702080	2025-12-30T09:26:44Z	955720868103876649	dragondev22		NO!!!!
1455492103797866650	2025-12-30T09:25:59Z	411916947773587456	Jockie Music		
1455491321983668255	2025-12-30T09:22:52Z	955720868103876649	dragondev22		i am pleased with that
1455491289729601643	2025-12-30T09:22:45Z	411916947773587456	Jockie Music		
1455491288752193608	2025-12-30T09:22:44Z	955720868103876649	dragondev22		m!play never gonna give you up
1455491283794657508	2025-12-30T09:22:43Z	411916947773587456	Jockie Music		
1455491282351820886	2025-12-30T09:22:43Z	955720868103876649	dragondev22		m!play never gonna give you up
1455491279713730707	2025-12-30T09:22:42Z	411916947773587456	Jockie Music		
1455491278836994160	2025-12-30T09:22:42Z	955720868103876649	dragondev22		m!play never gonna give you up
1455491275624153119	2025-12-30T09:22:41Z	411916947773587456	Jockie Music		
1455491274709799035	2025-12-30T09:22:41Z	955720868103876649	dragondev22		m!play never gonna give you up
1455491268313616563	2025-12-30T09:22:40Z	411916947773587456	Jockie Music		
1455491267483144375	2025-12-30T09:22:39Z	955720868103876649	dragondev22		m!play never gonna give you up
1455491261598404651	2025-12-30T09:22:38Z	411916947773587456	Jockie Music		
1455491260721922237	2025-12-30T09:22:38Z	955720868103876649	dragondev22		m!play never gonna give you up
1455491210679550003	2025-12-30T09:22:26Z	411916947773587456	Jockie Music		
1455491209685499957	2025-12-30T09:22:26Z	955720868103876649	dragondev22		m!stop
1455491167557783698	2025-12-30T09:22:16Z	411916947773587456	Jockie Music		
1455491166656008357	2025-12-30T09:22:15Z	955720868103876649	dragondev22		m!play never gonna give you up
1455491161400676518	2025-12-30T09:22:14Z	411916947773587456	Jockie Music		
1455491160184193138	2025-12-30T09:22:14Z	955720868103876649	dragondev22		m!play never gonna give you up
1455491080182173867	2025-12-30T09:21:55Z	411916947773587456	Jockie Music		
1455491076574937284	2025-12-30T09:21:54Z	955720868103876649	dragondev22		m!play never gonna give you up
1455490888816922727	2025-12-30T09:21:09Z	411916947773587456	Jockie Music		
1455490887172751553	2025-12-30T09:21:09Z	955720868103876649	dragondev22		m!play roundabout - yes
1455490032721858562	2025-12-30T09:17:45Z	411916947773587456	Jockie Music		
1455490031748776016	2025-12-30T09:17:45Z	955720868103876649	dragondev22		m!stop
1455489990946459743	2025-12-30T09:17:35Z	806180625991335966	walnutty2		hahahahaha
1455489985015844935	2025-12-30T09:17:34Z	806180625991335966	walnutty2		bro stuck in 2020 memes
1455489936370171996	2025-12-30T09:17:22Z	955720868103876649	dragondev22		LMAO
1455489875288657926	2025-12-30T09:17:07Z	411916947773587456	Jockie Music		
1455489844489883763	2025-12-30T09:17:00Z	411916947773587456	Jockie Music		
1455489843395301580	2025-12-30T09:17:00Z	955720868103876649	dragondev22		m!play never gonna give you up
1455489746057822209	2025-12-30T09:16:37Z	411916947773587456	Jockie Music		
1455489745344925737	2025-12-30T09:16:36Z	955720868103876649	dragondev22		m!play never gonna give you up
1455489266929897574	2025-12-30T09:14:42Z	411916947773587456	Jockie Music		
1455489265549971489	2025-12-30T09:14:42Z	806180625991335966	walnutty2		m!play her there and everywhere the beatles
1454478208836698186	2025-12-27T14:17:07Z	411916947773587456	Jockie Music		
1454477453669040330	2025-12-27T14:14:07Z	411916947773587456	Jockie Music		
1454476300340166749	2025-12-27T14:09:32Z	411916947773587456	Jockie Music		
1454476297752547398	2025-12-27T14:09:32Z	367334632515043329	guahlg		m!play i am the walrus
1454476131402252540	2025-12-27T14:08:52Z	411916947773587456	Jockie Music		
1454475221632417915	2025-12-27T14:05:15Z	411916947773587456	Jockie Music		
1454475220541767731	2025-12-27T14:05:15Z	367334632515043329	guahlg		m!play i've got a feeling by the beatles
1454474567761264855	2025-12-27T14:02:39Z	411916947773587456	Jockie Music		
1454473648328147048	2025-12-27T13:59:00Z	411916947773587456	Jockie Music		
1454473647266992275	2025-12-27T13:59:00Z	806180625991335966	walnutty2		m!next
1454473639708725402	2025-12-27T13:58:58Z	411916947773587456	Jockie Music		
1454473365430734980	2025-12-27T13:57:53Z	411916947773587456	Jockie Music		
1454473363807408290	2025-12-27T13:57:52Z	806180625991335966	walnutty2		m!play i've got a feeling by the beatles
1454473288473514087	2025-12-27T13:57:34Z	411916947773587456	Jockie Music		
1454473286489739316	2025-12-27T13:57:34Z	806180625991335966	walnutty2		m!play i've got a feeling
1454472647973933118	2025-12-27T13:55:02Z	411916947773587456	Jockie Music		
1454472026306777224	2025-12-27T13:52:33Z	411916947773587456	Jockie Music		
1454472023932670084	2025-12-27T13:52:33Z	806180625991335966	walnutty2		m!play dear prudence
1454471574991409366	2025-12-27T13:50:46Z	411916947773587456	Jockie Music		
1454470770851057801	2025-12-27T13:47:34Z	411916947773587456	Jockie Music		Did you know you now get better audio quality with any premium tier <https://www.patreon.com/Jockie>!
1454470769760272626	2025-12-27T13:47:34Z	806180625991335966	walnutty2		m!play revolution 1
1454470419854655490	2025-12-27T13:46:10Z	411916947773587456	Jockie Music		
1454470417145401394	2025-12-27T13:46:10Z	806180625991335966	walnutty2		m!play i am the walrus
1454394318709067788	2025-12-27T08:43:46Z	592379464294596618	el_ocelote		https://cdn.discordapp.com/attachments/463784786050416690/1444006473284980786/peak.gif
1454394299960528927	2025-12-27T08:43:42Z	411916947773587456	Jockie Music		
1454394201557962797	2025-12-27T08:43:18Z	806180625991335966	walnutty2		caught in 4k
1454394182285266985	2025-12-27T08:43:14Z	806180625991335966	walnutty2		yep
1454394108578889828	2025-12-27T08:42:56Z	806180625991335966	walnutty2		that's what you just did right? just with the beatles
1454394071450648755	2025-12-27T08:42:47Z	411916947773587456	Jockie Music		
1454394069848428670	2025-12-27T08:42:47Z	806180625991335966	walnutty2		I have a really serious accusation
1454394036314963990	2025-12-27T08:42:39Z	806180625991335966	walnutty2		you just know that I am LYING my ass off to be included in the convo
1454393981860450366	2025-12-27T08:42:26Z	806180625991335966	walnutty2		and me agreeing with you
1454393967729967165	2025-12-27T08:42:23Z	806180625991335966	walnutty2		guahlg, imagine you talking about complicated c++
1454393909680672893	2025-12-27T08:42:09Z	367334632515043329	guahlg		peak
1454393875610206240	2025-12-27T08:42:01Z	806180625991335966	walnutty2		a a mr heaaatthhh
1454393838394413252	2025-12-27T08:41:52Z	592379464294596618	el_ocelote		ty
1454393819255803999	2025-12-27T08:41:47Z	806180625991335966	walnutty2		you are a king
1454393788276543551	2025-12-27T08:41:40Z	592379464294596618	el_ocelote		it'll put the entire playlist
1454393759306481818	2025-12-27T08:41:33Z	592379464294596618	el_ocelote		do m!play https://www.youtube.com/watch?v=l0zaebtU-CA&list=PLycVTiaj8OI9QBZWsldja1JJwsIO-2xtY
1454393728889257985	2025-12-27T08:41:26Z	806180625991335966	walnutty2		m!queue
1454393703543083112	2025-12-27T08:41:20Z	806180625991335966	walnutty2		m! queue
1454393510575734886	2025-12-27T08:40:34Z	411916947773587456	Jockie Music		
1454393509787467887	2025-12-27T08:40:34Z	592379464294596618	el_ocelote		m!queue
1454393469488337042	2025-12-27T08:40:24Z	806180625991335966	walnutty2		peak music
1454393405462282243	2025-12-27T08:40:09Z	411916947773587456	Jockie Music		
1454393403960725619	2025-12-27T08:40:08Z	806180625991335966	walnutty2		m!play taxman
1454393384423784501	2025-12-27T08:40:04Z	411916947773587456	Jockie Music		
1454393383492649042	2025-12-27T08:40:03Z	806180625991335966	walnutty2		m!stop
1454393315356311684	2025-12-27T08:39:47Z	411916947773587456	Jockie Music		Did you know you now get better audio quality with any premium tier <https://www.patreon.com/Jockie>!
1454393310507438183	2025-12-27T08:39:46Z	592379464294596618	el_ocelote		m!play https://www.youtube.com/watch?v=l0zaebtU-CA&list=PLycVTiaj8OI9QBZWsldja1JJwsIO-2xtY
1454393242341736631	2025-12-27T08:39:30Z	411916947773587456	Jockie Music		
1454393240701767690	2025-12-27T08:39:29Z	806180625991335966	walnutty2		m!play tax man
1454393198142165095	2025-12-27T08:39:19Z	806180625991335966	walnutty2		omfg okay
1454393172754043086	2025-12-27T08:39:13Z	592379464294596618	el_ocelote		you cant just write the album
1454393165430788158	2025-12-27T08:39:11Z	411916947773587456	Jockie Music		
1454393163765776586	2025-12-27T08:39:11Z	806180625991335966	walnutty2		m!play beatles revolver
1454393130047639624	2025-12-27T08:39:03Z	806180625991335966	walnutty2		<@592379464294596618> this bot doesn't know the album revolver
1454393071792951337	2025-12-27T08:38:49Z	806180625991335966	walnutty2		omfg bro
1454393050741608468	2025-12-27T08:38:44Z	411916947773587456	Jockie Music		
1454393028956655809	2025-12-27T08:38:39Z	806180625991335966	walnutty2		m!play the album revolver by the beatles
1454392991778078784	2025-12-27T08:38:30Z	411916947773587456	Jockie Music		
1454392990343888917	2025-12-27T08:38:30Z	806180625991335966	walnutty2		m!pause
1454392943539392631	2025-12-27T08:38:19Z	411916947773587456	Jockie Music		
1454392931363459295	2025-12-27T08:38:16Z	806180625991335966	walnutty2		m!play revolver by the beatles
1454392906067476532	2025-12-27T08:38:10Z	411916947773587456	Jockie Music		
1454392905014968331	2025-12-27T08:38:09Z	806180625991335966	walnutty2		m!stop
1454392850132242443	2025-12-27T08:37:56Z	411916947773587456	Jockie Music		
1454392847942815774	2025-12-27T08:37:56Z	806180625991335966	walnutty2		m!play revolver
1454392757937246373	2025-12-27T08:37:34Z	411916947773587456	Jockie Music		
1454391337284534466	2025-12-27T08:31:56Z	411916947773587456	Jockie Music		
1454391336185626699	2025-12-27T08:31:55Z	411916947773587456	Jockie Music		
1454391335028260947	2025-12-27T08:31:55Z	806180625991335966	walnutty2		m!start over
1454391248759554172	2025-12-27T08:31:34Z	411916947773587456	Jockie Music		
1454391247388278996	2025-12-27T08:31:34Z	806180625991335966	walnutty2		m!play piano man
1444282106405716001	2025-11-29T11:01:27Z	411916947773587456	Jockie Music		
1444281351447773365	2025-11-29T10:58:27Z	411916947773587456	Jockie Music		
1444280219635552297	2025-11-29T10:53:57Z	411916947773587456	Jockie Music		
1444280218276859925	2025-11-29T10:53:57Z	806180625991335966	walnutty2		m!play helter skelter beatles
1444276661347553402	2025-11-29T10:39:49Z	411916947773587456	Jockie Music		
1444275906125365342	2025-11-29T10:36:49Z	411916947773587456	Jockie Music		
1444275111304892624	2025-11-29T10:33:39Z	411916947773587456	Jockie Music		
1444275110369562765	2025-11-29T10:33:39Z	806180625991335966	walnutty2		m!play get back beatles
1444259124236783789	2025-11-29T09:30:08Z	411916947773587456	Jockie Music		
1444258369262059601	2025-11-29T09:27:08Z	411916947773587456	Jockie Music		
1444257082202128414	2025-11-29T09:22:01Z	411916947773587456	Jockie Music		
1444257078507081738	2025-11-29T09:22:00Z	806180625991335966	walnutty2		m!play with the beatles
1444256611127529612	2025-11-29T09:20:09Z	411916947773587456	Jockie Music		
1444255937035763732	2025-11-29T09:17:28Z	411916947773587456	Jockie Music		
1444255164289781886	2025-11-29T09:14:24Z	411916947773587456	Jockie Music		
1444255163425493034	2025-11-29T09:14:23Z	806180625991335966	walnutty2		m!play honey pie beatles
1444255091770003456	2025-11-29T09:14:06Z	411916947773587456	Jockie Music		
1444255089530241036	2025-11-29T09:14:06Z	806180625991335966	walnutty2		m!play revolution beatles
1444255046060740730	2025-11-29T09:13:55Z	806180625991335966	walnutty2		m! play revolution
1444255012904636456	2025-11-29T09:13:48Z	411916947773587456	Jockie Music		
1444254442361720944	2025-11-29T09:11:32Z	411916947773587456	Jockie Music		Did you know you now get better audio quality with any premium tier <https://www.patreon.com/Jockie>!
1444254440591986821	2025-11-29T09:11:31Z	806180625991335966	walnutty2		m!play lady madonna beatles
1444254384325263440	2025-11-29T09:11:18Z	806180625991335966	walnutty2		m! lady madonna beatles
1444254239726502029	2025-11-29T09:10:43Z	411916947773587456	Jockie Music		
1444253448689160315	2025-11-29T09:07:35Z	411916947773587456	Jockie Music		
1444253447640715295	2025-11-29T09:07:34Z	806180625991335966	walnutty2		m!play get back beatles
1444253276412448768	2025-11-29T09:06:54Z	411916947773587456	Jockie Music		
1444252398041301114	2025-11-29T09:03:24Z	411916947773587456	Jockie Music		
1444252396091080724	2025-11-29T09:03:24Z	806180625991335966	walnutty2		m!play lucy in the sky with diamonds beatles
1432096318641143859	2025-10-26T19:59:29Z	806180625991335966	walnutty2		RAM - Paul Mcartney
1422809431527264317	2025-10-01T04:56:42Z	806180625991335966	walnutty2	1422692716768395367	Amazing!!
1422796160178978856	2025-10-01T04:03:58Z	367334632515043329	guahlg	1422692716768395367	I like it!
1422692716768395367	2025-09-30T21:12:56Z	1333470900414058599	foernstain_85183		Hey @everyone \nHere’s my first musical mood sketch. Think of it as a kind of “mood board” for the songs we’ll work on. With this, we can talk about sounds, tempo, motifs, and so on. We can pull parts from it and reshape them into new tunes, or arrange this one until it fits.\n\nIt’s not that every track needs to sound the same, but I do like the idea of keeping a connected style across the music. Excited to hear your thoughts and really looking forward to working on this project together!
1413810828788105226	2025-09-06T08:59:28Z	411916947773587456	Jockie Music		
1413810073716789258	2025-09-06T08:56:28Z	411916947773587456	Jockie Music		
1413809422756483152	2025-09-06T08:53:53Z	411916947773587456	Jockie Music		
1413808959713972296	2025-09-06T08:52:03Z	411916947773587456	Jockie Music		
1413808441193136300	2025-09-06T08:49:59Z	411916947773587456	Jockie Music		
1413807767868801185	2025-09-06T08:47:19Z	411916947773587456	Jockie Music		
1413807246290194452	2025-09-06T08:45:14Z	411916947773587456	Jockie Music		
1413806748313059379	2025-09-06T08:43:16Z	411916947773587456	Jockie Music		
1413805159393263637	2025-09-06T08:36:57Z	411916947773587456	Jockie Music		
1413805072953118821	2025-09-06T08:36:36Z	411916947773587456	Jockie Music		
1413804566000173106	2025-09-06T08:34:35Z	411916947773587456	Jockie Music		
1413804010112028763	2025-09-06T08:32:23Z	411916947773587456	Jockie Music		
1413799352341758002	2025-09-06T08:13:52Z	411916947773587456	Jockie Music		
1413799296184352811	2025-09-06T08:13:39Z	411916947773587456	Jockie Music		
1413798681877938186	2025-09-06T08:11:12Z	411916947773587456	Jockie Music		
1413798073192153089	2025-09-06T08:08:47Z	411916947773587456	Jockie Music		
1413797737723596830	2025-09-06T08:07:27Z	411916947773587456	Jockie Music		
1413797736284815471	2025-09-06T08:07:27Z	592379464294596618	el_ocelote		m!play twist and shout beatles
1413797691951157260	2025-09-06T08:07:16Z	411916947773587456	Jockie Music		
1413797690319441960	2025-09-06T08:07:16Z	592379464294596618	el_ocelote		m!play theres a place beatles
1413797664662749195	2025-09-06T08:07:10Z	411916947773587456	Jockie Music		
1413797662943350804	2025-09-06T08:07:09Z	592379464294596618	el_ocelote		m!play a taste of honey beatles
1413797627991953439	2025-09-06T08:07:01Z	411916947773587456	Jockie Music		
1413797612041277471	2025-09-06T08:06:57Z	592379464294596618	el_ocelote		m!remove
1413797590897790986	2025-09-06T08:06:52Z	411916947773587456	Jockie Music		
1413797564033011734	2025-09-06T08:06:46Z	592379464294596618	el_ocelote		m!remove
1413797555334287473	2025-09-06T08:06:44Z	592379464294596618	el_ocelote		guughsdahjikgdfsahkjlfldahjkshjklfsd
1413797531279953960	2025-09-06T08:06:38Z	411916947773587456	Jockie Music		
1413797529170219030	2025-09-06T08:06:38Z	592379464294596618	el_ocelote		m!play theres a place
1413797514158673991	2025-09-06T08:06:34Z	411916947773587456	Jockie Music		
1413797512862629998	2025-09-06T08:06:34Z	592379464294596618	el_ocelote		m!play a taste of honey
1413797481199702106	2025-09-06T08:06:26Z	592379464294596618	el_ocelote		now how hard was that PAL
1413797453584666685	2025-09-06T08:06:20Z	411916947773587456	Jockie Music		
1413797452103815289	2025-09-06T08:06:19Z	592379464294596618	el_ocelote		m!play https://www.youtube.com/watch?v=AWUTlM6hz0g
1413797440238125147	2025-09-06T08:06:16Z	411916947773587456	Jockie Music		
1413797426090872892	2025-09-06T08:06:13Z	592379464294596618	el_ocelote		m!remove
1413797330221666375	2025-09-06T08:05:50Z	411916947773587456	Jockie Music		
1413797193483030528	2025-09-06T08:05:18Z	592379464294596618	el_ocelote		WHAT
1413797171957862400	2025-09-06T08:05:12Z	411916947773587456	Jockie Music		
1413797169655185418	2025-09-06T08:05:12Z	592379464294596618	el_ocelote		m!play baby its you beatles
1413797124449112116	2025-09-06T08:05:01Z	411916947773587456	Jockie Music		
1413797108552695859	2025-09-06T08:04:57Z	592379464294596618	el_ocelote		m!remove
1413797094434672660	2025-09-06T08:04:54Z	592379464294596618	el_ocelote		NO
1413797082166333511	2025-09-06T08:04:51Z	411916947773587456	Jockie Music		
1413797079779639326	2025-09-06T08:04:50Z	592379464294596618	el_ocelote		m!play baby its you
1413797052030128179	2025-09-06T08:04:44Z	411916947773587456	Jockie Music		
1413797050994397271	2025-09-06T08:04:44Z	592379464294596618	el_ocelote		m!play ps i love you
1413797025790562345	2025-09-06T08:04:38Z	411916947773587456	Jockie Music		
1413797024570146876	2025-09-06T08:04:37Z	592379464294596618	el_ocelote		m!play love me do
1413797008577134623	2025-09-06T08:04:33Z	411916947773587456	Jockie Music		
1413797007969222696	2025-09-06T08:04:33Z	592379464294596618	el_ocelote		m!play please please me
1413796984984305784	2025-09-06T08:04:28Z	411916947773587456	Jockie Music		
1413796983050600510	2025-09-06T08:04:27Z	592379464294596618	el_ocelote		m!play ask me why
1413796892176945223	2025-09-06T08:04:06Z	411916947773587456	Jockie Music		
1413796890713129000	2025-09-06T08:04:05Z	592379464294596618	el_ocelote		m!play boys beatles
1413796875290546348	2025-09-06T08:04:02Z	411916947773587456	Jockie Music		
1413796865388052613	2025-09-06T08:03:59Z	411916947773587456	Jockie Music		
1413796863710331000	2025-09-06T08:03:59Z	592379464294596618	el_ocelote		m!play chains beatles
1413796797213577316	2025-09-06T08:03:43Z	411916947773587456	Jockie Music		
1413796795477266453	2025-09-06T08:03:43Z	592379464294596618	el_ocelote		m!play anna go to him beatles
1413796203736465461	2025-09-06T08:01:22Z	411916947773587456	Jockie Music		
1413796203228954644	2025-09-06T08:01:21Z	592379464294596618	el_ocelote		m!play misery beatles
1413796148707196928	2025-09-06T08:01:08Z	411916947773587456	Jockie Music		
1413796147579060334	2025-09-06T08:01:08Z	592379464294596618	el_ocelote		m!play i saw her standing there
1413796059280441355	2025-09-06T08:00:47Z	411916947773587456	Jockie Music		
1413796058181533806	2025-09-06T08:00:47Z	592379464294596618	el_ocelote		m!clear
1413796031358832751	2025-09-06T08:00:40Z	592379464294596618	el_ocelote		m!remove
1413796015110226001	2025-09-06T08:00:37Z	411916947773587456	Jockie Music		
1413796013784830023	2025-09-06T08:00:36Z	592379464294596618	el_ocelote		m!play anna go to him
1413795997506732154	2025-09-06T08:00:32Z	411916947773587456	Jockie Music		
1413795996168622092	2025-09-06T08:00:32Z	592379464294596618	el_ocelote		m!play misery
1413795977395175444	2025-09-06T08:00:28Z	411916947773587456	Jockie Music		
1413795975344160881	2025-09-06T08:00:27Z	592379464294596618	el_ocelote		m!play i saw her standing there
1413795884747194389	2025-09-06T08:00:05Z	411916947773587456	Jockie Music		
1413795144960049153	2025-09-06T07:57:09Z	411916947773587456	Jockie Music		
1413795143420739634	2025-09-06T07:57:09Z	592379464294596618	el_ocelote		m!play ana go to him
1413795084033458209	2025-09-06T07:56:55Z	411916947773587456	Jockie Music		
1413795082590490686	2025-09-06T07:56:54Z	411916947773587456	Jockie Music		
1413795081751892028	2025-09-06T07:56:54Z	592379464294596618	el_ocelote		m!skip
1413795062663348235	2025-09-06T07:56:49Z	411916947773587456	Jockie Music		
1413795059089932409	2025-09-06T07:56:49Z	592379464294596618	el_ocelote		m!play the world beatles
1413794898997542913	2025-09-06T07:56:10Z	411916947773587456	Jockie Music		
1413794310586892348	2025-09-06T07:53:50Z	411916947773587456	Jockie Music		
1413794307756003408	2025-09-06T07:53:49Z	592379464294596618	el_ocelote		m!play run for your life beatles
1413794276265033769	2025-09-06T07:53:42Z	411916947773587456	Jockie Music		
1413794274960605214	2025-09-06T07:53:42Z	411916947773587456	Jockie Music		
1413794255108968448	2025-09-06T07:53:37Z	592379464294596618	el_ocelote		m!remove
1413794229200883712	2025-09-06T07:53:31Z	411916947773587456	Jockie Music		
1413794227392876616	2025-09-06T07:53:30Z	592379464294596618	el_ocelote		m!play run for your life
1413793795736080404	2025-09-06T07:51:47Z	411916947773587456	Jockie Music		
1413792790193770546	2025-09-06T07:47:48Z	411916947773587456	Jockie Music		
1413792788532691098	2025-09-06T07:47:47Z	592379464294596618	el_ocelote		m!play yer blues
1413792722665340989	2025-09-06T07:47:32Z	411916947773587456	Jockie Music		
1413792267810115675	2025-09-06T07:45:43Z	411916947773587456	Jockie Music		
1413791365615321119	2025-09-06T07:42:08Z	411916947773587456	Jockie Music		
1413791364503834685	2025-09-06T07:42:08Z	592379464294596618	el_ocelote		m!play misery beatles
1413791289907875871	2025-09-06T07:41:50Z	592379464294596618	el_ocelote	1413791135943622737	helter skelter walked so that black sabbath could run
1413791135943622737	2025-09-06T07:41:13Z	411916947773587456	Jockie Music		
1413791101034299524	2025-09-06T07:41:05Z	411916947773587456	Jockie Music		
1413791093098811503	2025-09-06T07:41:03Z	411916947773587456	Jockie Music		
1413790537760378940	2025-09-06T07:38:51Z	411916947773587456	Jockie Music		
1413790134536765440	2025-09-06T07:37:15Z	411916947773587456	Jockie Music		
1413789748081983548	2025-09-06T07:35:42Z	411916947773587456	Jockie Music		
1413789250356252724	2025-09-06T07:33:44Z	411916947773587456	Jockie Music		
1413788947267457186	2025-09-06T07:32:31Z	411916947773587456	Jockie Music		
1413788761812111390	2025-09-06T07:31:47Z	411916947773587456	Jockie Music		
1413788759484272640	2025-09-06T07:31:47Z	592379464294596618	el_ocelote		m!play helter skelter
1413788666597343284	2025-09-06T07:31:25Z	411916947773587456	Jockie Music		
1413787647448453220	2025-09-06T07:27:22Z	411916947773587456	Jockie Music		
1413787438035243109	2025-09-06T07:26:32Z	411916947773587456	Jockie Music		
1413787436970020924	2025-09-06T07:26:31Z	592379464294596618	el_ocelote		m!play the end beatles
1413787413032996894	2025-09-06T07:26:26Z	411916947773587456	Jockie Music		
1413787348763807744	2025-09-06T07:26:10Z	592379464294596618	el_ocelote		m!remove
1413787157159743609	2025-09-06T07:25:25Z	411916947773587456	Jockie Music		
1413787155616104478	2025-09-06T07:25:24Z	592379464294596618	el_ocelote		m!play the end
1413787110787383390	2025-09-06T07:25:14Z	411916947773587456	Jockie Music		
1413787109449404497	2025-09-06T07:25:13Z	592379464294596618	el_ocelote		m!play carry that weight
1413787067871395860	2025-09-06T07:25:03Z	411916947773587456	Jockie Music		
1413787066843660360	2025-09-06T07:25:03Z	592379464294596618	el_ocelote		m!play golden slumbers
1413786955514249319	2025-09-06T07:24:37Z	411916947773587456	Jockie Music		
1413786584561487954	2025-09-06T07:23:08Z	411916947773587456	Jockie Music		
1413786582393159740	2025-09-06T07:23:08Z	592379464294596618	el_ocelote		m!play she came in through the bathroom window
1413786534754254848	2025-09-06T07:22:56Z	411916947773587456	Jockie Music		
1413786532958961757	2025-09-06T07:22:56Z	592379464294596618	el_ocelote		m!play polythene pam
1413786476206096475	2025-09-06T07:22:42Z	411916947773587456	Jockie Music		
1413786475102863390	2025-09-06T07:22:42Z	592379464294596618	el_ocelote		m!play mean mr mustard
1413786450121461832	2025-09-06T07:22:36Z	411916947773587456	Jockie Music		
1413786448410316831	2025-09-06T07:22:36Z	592379464294596618	el_ocelote		m!play you never give me your money
1413786173377085491	2025-09-06T07:21:30Z	411916947773587456	Jockie Music		
1413785629283844218	2025-09-06T07:19:20Z	411916947773587456	Jockie Music		
1413785627811385344	2025-09-06T07:19:20Z	592379464294596618	el_ocelote		m!play because beatles
1413785604801560710	2025-09-06T07:19:15Z	411916947773587456	Jockie Music		
1413785590117437530	2025-09-06T07:19:11Z	592379464294596618	el_ocelote		m!remove
1413785566457233509	2025-09-06T07:19:05Z	411916947773587456	Jockie Music		
1413785564636905542	2025-09-06T07:19:05Z	592379464294596618	el_ocelote		m!play because
1413785487583350796	2025-09-06T07:18:47Z	411916947773587456	Jockie Music		
1413785486186512484	2025-09-06T07:18:46Z	592379464294596618	el_ocelote		m!play here comes the sun
1413784216499523714	2025-09-06T07:13:44Z	411916947773587456	Jockie Music		Did you know you now get better audio quality with any premium tier <https://www.patreon.com/Jockie>!
1413784215312404480	2025-09-06T07:13:43Z	592379464294596618	el_ocelote		m!play i want you (shes so heavy)
1413784184001921055	2025-09-06T07:13:36Z	411916947773587456	Jockie Music		
1413783466130280512	2025-09-06T07:10:45Z	411916947773587456	Jockie Music		
1413783465131774059	2025-09-06T07:10:44Z	592379464294596618	el_ocelote		m!play octopus garden
1413783403328966726	2025-09-06T07:10:30Z	411916947773587456	Jockie Music		
1413782648165498970	2025-09-06T07:07:30Z	411916947773587456	Jockie Music		
1413781781894664323	2025-09-06T07:04:03Z	411916947773587456	Jockie Music		
1413781780313673811	2025-09-06T07:04:03Z	592379464294596618	el_ocelote		m!play oh darling beatles
1413781757995782215	2025-09-06T07:03:57Z	411916947773587456	Jockie Music		
1413781757009854475	2025-09-06T07:03:57Z	592379464294596618	el_ocelote		m!clear
1413781737837957181	2025-09-06T07:03:53Z	411916947773587456	Jockie Music		
1413781736592244887	2025-09-06T07:03:52Z	592379464294596618	el_ocelote		m!play oh darling
1413781715264082072	2025-09-06T07:03:47Z	411916947773587456	Jockie Music		
1413780846191841300	2025-09-06T07:00:20Z	411916947773587456	Jockie Music		
1413780844878889021	2025-09-06T07:00:20Z	592379464294596618	el_ocelote		m!play maxwell's silver hammer
1413780807176163390	2025-09-06T07:00:11Z	411916947773587456	Jockie Music		
1413780806186307704	2025-09-06T07:00:10Z	592379464294596618	el_ocelote		m!clear
1413780691002331190	2025-09-06T06:59:43Z	411916947773587456	Jockie Music		
1413780689362616331	2025-09-06T06:59:43Z	592379464294596618	el_ocelote		m!play help beatles
1413780658119245834	2025-09-06T06:59:35Z	411916947773587456	Jockie Music		
1413780657041309737	2025-09-06T06:59:35Z	592379464294596618	el_ocelote		m!clear
1413780634509250632	2025-09-06T06:59:30Z	592379464294596618	el_ocelote		m!help
1413780619984502804	2025-09-06T06:59:26Z	592379464294596618	el_ocelote		m!delete
1413780598782431322	2025-09-06T06:59:21Z	411916947773587456	Jockie Music		
1413780580805382196	2025-09-06T06:59:17Z	592379464294596618	el_ocelote		m!queue
1413780559255048243	2025-09-06T06:59:12Z	411916947773587456	Jockie Music		
1413780558277775402	2025-09-06T06:59:11Z	592379464294596618	el_ocelote		m!play help
1413780157252112384	2025-09-06T06:57:36Z	411916947773587456	Jockie Music		
1413779660810223657	2025-09-06T06:55:37Z	411916947773587456	Jockie Music		
1413779659300147321	2025-09-06T06:55:37Z	592379464294596618	el_ocelote		m!play she loves you
1413779515917729852	2025-09-06T06:55:03Z	411916947773587456	Jockie Music		
1413778925250941003	2025-09-06T06:52:42Z	411916947773587456	Jockie Music		
1413778923661295649	2025-09-06T06:52:42Z	592379464294596618	el_ocelote		m!play hard days night
1413778718308171857	2025-09-06T06:51:53Z	411916947773587456	Jockie Music		
1413778673978445826	2025-09-06T06:51:42Z	411916947773587456	Jockie Music		
1413778673357815929	2025-09-06T06:51:42Z	592379464294596618	el_ocelote		m!play ticket to ride
1413778125652889762	2025-09-06T06:49:31Z	411916947773587456	Jockie Music		
1413778106082394172	2025-09-06T06:49:27Z	411916947773587456	Jockie Music		
1413778019750903909	2025-09-06T06:49:06Z	411916947773587456	Jockie Music		Did you know you now get better audio quality with any premium tier <https://www.patreon.com/Jockie>!
1413778016336875550	2025-09-06T06:49:05Z	592379464294596618	el_ocelote		m!play 8 days a week beatles
1413777994857578546	2025-09-06T06:49:00Z	411916947773587456	Jockie Music		
1413777993842561024	2025-09-06T06:49:00Z	411916947773587456	Jockie Music		
1413777992869609573	2025-09-06T06:49:00Z	592379464294596618	el_ocelote		m!skip
1413777967661977623	2025-09-06T06:48:54Z	411916947773587456	Jockie Music		
1413777962821484598	2025-09-06T06:48:53Z	592379464294596618	el_ocelote		m!play 8 days a week
1404899586463633663	2025-08-12T18:49:23Z	665592315036958721	s_elias		
1376140668820525078	2025-05-25T10:11:42Z	806180625991335966	walnutty2	1375158569946583150	
1505592496166797312	2026-05-17T15:27:03Z	411916947773587456	Jockie Music		
1505593250860367934	2026-05-17T15:30:03Z	411916947773587456	Jockie Music		
1505928740411281508	2026-05-18T13:43:10Z	367334632515043329	guahlg		m!albumsearch dookie
1505928744345538623	2026-05-18T13:43:11Z	411916947773587456	Jockie Music		
1505928754558402621	2026-05-18T13:43:13Z	411916947773587456	Jockie Music		
1505928756144115903	2026-05-18T13:43:14Z	411916947773587456	Jockie Music		
1505929286778093670	2026-05-18T13:45:20Z	411916947773587456	Jockie Music		
1505929976787108051	2026-05-18T13:48:05Z	411916947773587456	Jockie Music		Did you know you now get better audio quality with any premium tier <https://www.patreon.com/Jockie>!
1505930706591682683	2026-05-18T13:50:59Z	411916947773587456	Jockie Music		
1505931685181784095	2026-05-18T13:54:52Z	411916947773587456	Jockie Music		
1505932625699934290	2026-05-18T13:58:36Z	411916947773587456	Jockie Music		
1505933259413000413	2026-05-18T14:01:07Z	411916947773587456	Jockie Music		
1505934019400040615	2026-05-18T14:04:09Z	411916947773587456	Jockie Music		
1505934135540060241	2026-05-18T14:04:36Z	411916947773587456	Jockie Music		
1505960364896944179	2026-05-18T15:48:50Z	367334632515043329	guahlg		m!albumsearch nirvana
1505960370484019343	2026-05-18T15:48:51Z	411916947773587456	Jockie Music		
1505960381611376760	2026-05-18T15:48:54Z	411916947773587456	Jockie Music		
1505960382504898561	2026-05-18T15:48:54Z	411916947773587456	Jockie Music		Did you know you now get better audio quality with any premium tier <https://www.patreon.com/Jockie>!
1505961647209189396	2026-05-18T15:53:56Z	411916947773587456	Jockie Music		
1505962715716386816	2026-05-18T15:58:10Z	411916947773587456	Jockie Music		
1505963634302648410	2026-05-18T16:01:49Z	411916947773587456	Jockie Music		
1505964405920239716	2026-05-18T16:04:53Z	411916947773587456	Jockie Music		
1505965484443570336	2026-05-18T16:09:10Z	411916947773587456	Jockie Music		
1505966214294540471	2026-05-18T16:12:04Z	411916947773587456	Jockie Music		
