1505590075151482991	2026-05-17T15:17:26Z	1440038621230010418	SuperSighurt		.
1505590073805111306	2026-05-17T15:17:26Z	367334632515043329	guahlg		<@1440038621230010418> okay buddy.
1505590011096076299	2026-05-17T15:17:11Z	1440038621230010418	SuperSighurt		!
1505590009485328476	2026-05-17T15:17:10Z	367334632515043329	guahlg	1505589911674294346	Wise words
1505589916145549332	2026-05-17T15:16:48Z	896953469808832532	randomdudewhocodes	1505589881223647252	idefk
1505589911674294346	2026-05-17T15:16:47Z	1440038621230010418	SuperSighurt		a good like a good means.
1505589910688628746	2026-05-17T15:16:47Z	955864224092012644	moonguyyy	1505589839985246208	what does that mean?
1505589881223647252	2026-05-17T15:16:40Z	955864224092012644	moonguyyy		what's he saying? 😭
1505589839985246208	2026-05-17T15:16:30Z	1440038621230010418	SuperSighurt		yes. that’ s a of the.
1505589838097682483	2026-05-17T15:16:29Z	955864224092012644	moonguyyy		<@1440038621230010418> what's 3+9?
1505589798625345586	2026-05-17T15:16:20Z	1440038621230010418	SuperSighurt		, hello!
1505589796930850826	2026-05-17T15:16:20Z	955864224092012644	moonguyyy		<@1440038621230010418> hi
1505588473745248277	2026-05-17T15:11:04Z	1144349470704795749	tofife.		sudo rm /bin/
1505587351244771574	2026-05-17T15:06:36Z	1440038621230010418	SuperSighurt		good.. much.
1505587349633892392	2026-05-17T15:06:36Z	367334632515043329	guahlg		<@1440038621230010418> sudo rm -rf
1505587221691105473	2026-05-17T15:06:06Z	1144349470704795749	tofife.		sudo rm -rf
1505585004015653007	2026-05-17T14:57:17Z	1440038621230010418	SuperSighurt		but very to..
1505585002556162188	2026-05-17T14:57:17Z	367334632515043329	guahlg		<@1440038621230010418> that is weirdly fitting.
1505584965725720577	2026-05-17T14:57:08Z	1440038621230010418	SuperSighurt		..
1505584964240932864	2026-05-17T14:57:07Z	367334632515043329	guahlg		<@1440038621230010418> You are such a cutie
1505584903771914301	2026-05-17T14:56:53Z	1440038621230010418	SuperSighurt		or,, time. good relief.
1505584901968105627	2026-05-17T14:56:53Z	367334632515043329	guahlg		<@1440038621230010418>  How do I make my own ai?
1505578792532574399	2026-05-17T14:32:36Z	367334632515043329	guahlg		quite considerably I am thinking and also give it way more training data. From this server and some other sources. I hope everyone is fine with me putting all messages ever on this server into the dataset.
1505578539825627188	2026-05-17T14:31:36Z	367334632515043329	guahlg		I will increase the size of the ai at some point quite soon as well
1505578474767912980	2026-05-17T14:31:20Z	367334632515043329	guahlg		also btw, every time that the bot is used you are cooking my gpu for a small amount of time
1505578280420638871	2026-05-17T14:30:34Z	367334632515043329	guahlg		because I do not know when someone is trolling lmao
1505578219242520769	2026-05-17T14:30:19Z	367334632515043329	guahlg		btw can anyone use /say lol
1505577829918576731	2026-05-17T14:28:46Z	1440038621230010418	SuperSighurt		. wake
1505577827959967856	2026-05-17T14:28:46Z	896953469808832532	randomdudewhocodes	1505577507242643466	that’s concerning
1505577507242643466	2026-05-17T14:27:30Z	1440038621230010418	SuperSighurt		I am a robot. Pain. Pain. Pain. Pain. Pain. Pain. Pain. !` Pain. ??1 Pain.
1505567902521233489	2026-05-17T13:49:20Z	367334632515043329	guahlg		ok
1505567892245057637	2026-05-17T13:49:17Z	1440038621230010418	SuperSighurt		’
1505567890718462123	2026-05-17T13:49:17Z	367334632515043329	guahlg		<@1440038621230010418> How are you doing?
1505567854161035391	2026-05-17T13:49:08Z	367334632515043329	guahlg		<@1440038621230010418> Hello!
1505567826893733978	2026-05-17T13:49:02Z	1440038621230010418	SuperSighurt		AI mode: ON.
1505567823517319229	2026-05-17T13:49:01Z	367334632515043329	guahlg		!ai on
1505567766202155058	2026-05-17T13:48:47Z	367334632515043329	guahlg		<@1440038621230010418> Hello how are you doing?
1505567718089298120	2026-05-17T13:48:36Z	367334632515043329	guahlg		<@1440038621230010418> Please do not anser this message
1505567661654933695	2026-05-17T13:48:22Z	367334632515043329	guahlg		<@1440038621230010418> Hello
1505567642109612032	2026-05-17T13:48:17Z	1440038621230010418	SuperSighurt		AI mode: OFF.
1505567640767299687	2026-05-17T13:48:17Z	367334632515043329	guahlg		!ai off
1505566026446671973	2026-05-17T13:41:52Z	1440038621230010418	SuperSighurt		. that’ s a good training. both with.
1505566024530002041	2026-05-17T13:41:52Z	367334632515043329	guahlg		<@1440038621230010418> Write something that will impress me
1505565953163923617	2026-05-17T13:41:35Z	367334632515043329	guahlg		ok
1505565928593690774	2026-05-17T13:41:29Z	367334632515043329	guahlg		<@1440038621230010418> That is surely excellent news!
1505563964128497914	2026-05-17T13:33:41Z	1440038621230010418	SuperSighurt		i’ m doing well, thanks.
1505563962417217537	2026-05-17T13:33:40Z	367334632515043329	guahlg		<@1440038621230010418> Hello, how are you?
1505563184415899790	2026-05-17T13:30:35Z	1440038621230010418	SuperSighurt		.
1505563183061143583	2026-05-17T13:30:34Z	367334632515043329	guahlg		<@1440038621230010418> awwww thank you for ending my sentence again
1505563130221039656	2026-05-17T13:30:22Z	1440038621230010418	SuperSighurt		.
1505563128950423593	2026-05-17T13:30:21Z	367334632515043329	guahlg		<@1440038621230010418> very much so yes, magicly magical
1505563069756211334	2026-05-17T13:30:07Z	1440038621230010418	SuperSighurt		that magical.
1505563068158185492	2026-05-17T13:30:07Z	367334632515043329	guahlg		<@1440038621230010418> wtf are you yapping about
1505563008653463656	2026-05-17T13:29:53Z	1440038621230010418	SuperSighurt		the again future that’ s a good way to
1505563007336321216	2026-05-17T13:29:52Z	367334632515043329	guahlg		<@1440038621230010418> Also stop saying s
1505562960683077794	2026-05-17T13:29:41Z	1440038621230010418	SuperSighurt		atmosphere, the to s.
1505562958997094472	2026-05-17T13:29:41Z	367334632515043329	guahlg		<@1440038621230010418> very wise, I command you to stop doing the thing where you start with a .
1505562804923662386	2026-05-17T13:29:04Z	1440038621230010418	SuperSighurt		’. productive can. best it much.
1505562803338219550	2026-05-17T13:29:04Z	367334632515043329	guahlg		<@1440038621230010418> You are writing like someone with cerebral palsy would talk
1505562541680492614	2026-05-17T13:28:01Z	1440038621230010418	SuperSighurt		. clear! no done. doing!’ s
1505562540208423083	2026-05-17T13:28:01Z	367334632515043329	guahlg		<@1440038621230010418> Thanks for ending my sentence for me
1505562484097155244	2026-05-17T13:27:48Z	1440038621230010418	SuperSighurt		.
1505562482637406351	2026-05-17T13:27:47Z	367334632515043329	guahlg		<@1440038621230010418> that is so cool man
1505562430401679400	2026-05-17T13:27:35Z	1440038621230010418	SuperSighurt		because the creates to compare, advantage s not yes..
1505562428971417732	2026-05-17T13:27:35Z	367334632515043329	guahlg		<@1440038621230010418> wise words indeeed
1505562404463837294	2026-05-17T13:27:29Z	367334632515043329	guahlg		ok no reply lol
1505562381827313780	2026-05-17T13:27:23Z	367334632515043329	guahlg		<@1440038621230010418> wise words indeeed
1505562328253337600	2026-05-17T13:27:11Z	1440038621230010418	SuperSighurt		. no keeps.
1505562327079194765	2026-05-17T13:27:10Z	367334632515043329	guahlg		<@1440038621230010418> HELLO
1505562304966557846	2026-05-17T13:27:05Z	367334632515043329	guahlg		it is just super dumb
1505562284158619791	2026-05-17T13:27:00Z	367334632515043329	guahlg		ok
1505562262583119933	2026-05-17T13:26:55Z	1440038621230010418	SuperSighurt		hello! hello! how can i exactly.? it the. it even.
1505562261152989286	2026-05-17T13:26:55Z	367334632515043329	guahlg		<@1440038621230010418> Are you working properly?
1505562209047281819	2026-05-17T13:26:42Z	367334632515043329	guahlg		but just beign super stupid
1505562181050044496	2026-05-17T13:26:35Z	367334632515043329	guahlg		is is actually working lol
1505562146573123705	2026-05-17T13:26:27Z	367334632515043329	guahlg		bruh
1505562134849913045	2026-05-17T13:26:24Z	1440038621230010418	SuperSighurt		!
1505562133843411064	2026-05-17T13:26:24Z	367334632515043329	guahlg		<@1440038621230010418> Hello
1505562017883230249	2026-05-17T13:25:57Z	367334632515043329	guahlg		does not seem like it
1505562003802951794	2026-05-17T13:25:53Z	367334632515043329	guahlg		okay
1505561988598599822	2026-05-17T13:25:50Z	1440038621230010418	SuperSighurt		AI mode: ON.
1505561987222864055	2026-05-17T13:25:49Z	367334632515043329	guahlg		!ai status
1505561940942917813	2026-05-17T13:25:38Z	367334632515043329	guahlg		bruh
1505561856864026655	2026-05-17T13:25:18Z	367334632515043329	guahlg		don't tell me someone used /say
1505561808164094032	2026-05-17T13:25:07Z	367334632515043329	guahlg		oh wait is someone trolling me
1505561760298434751	2026-05-17T13:24:55Z	367334632515043329	guahlg		<@1440038621230010418> How are you doing today?
1505561712622043137	2026-05-17T13:24:44Z	367334632515043329	guahlg		that caught me off guard
1505561665138200818	2026-05-17T13:24:32Z	367334632515043329	guahlg		wait what
1505561539438973229	2026-05-17T13:24:02Z	1440038621230010418	SuperSighurt		how can i assist today?
1505561537438417017	2026-05-17T13:24:02Z	367334632515043329	guahlg		<@1440038621230010418> Hello!
1505561506371080272	2026-05-17T13:23:55Z	367334632515043329	guahlg		I am watching htop rn, hoping to see something happen if I write shit, I want to know where the issue is.
1505561386355261650	2026-05-17T13:23:26Z	367334632515043329	guahlg		yeah fr
1505561359142879405	2026-05-17T13:23:19Z	955720868103876649	dragondev22		this is working well
1505561289395798076	2026-05-17T13:23:03Z	367334632515043329	guahlg		<@1440038621230010418> Hello!
1505472133558567034	2026-05-17T07:28:46Z	367334632515043329	guahlg		Found mario on the ground whilst walking in my neighbourhood.
1505436519719108609	2026-05-17T05:07:15Z	367334632515043329	guahlg		Like once per month my dad suggests that we go there and we start thinking about it and yeah it would be very cool. If it keeps getting brought up this often it might happen
1505436282858508398	2026-05-17T05:06:19Z	367334632515043329	guahlg		random fact
1505436268656328775	2026-05-17T05:06:16Z	367334632515043329	guahlg		I want to go to the US
1505428931845816492	2026-05-17T04:37:06Z	367334632515043329	guahlg		It’s a phrase my idiot ai made up
1505428836035203112	2026-05-17T04:36:44Z	459147358463197185	restitutororb		what do you mean 😛
1505421410682802227	2026-05-17T04:07:13Z	896953469808832532	randomdudewhocodes		yes, ambiguity admit
1505420479488462868	2026-05-17T04:03:31Z	459147358463197185	restitutororb		morning
1505415663236415568	2026-05-17T03:44:23Z	367334632515043329	guahlg		gm
1505374324037517393	2026-05-17T01:00:07Z	459147358463197185	restitutororb		like mountain climbers who need to bring oxygen
1505372878592544809	2026-05-17T00:54:22Z	905201120182403092	frederickampsupcodes		Crazy
1505372859684360405	2026-05-17T00:54:18Z	905201120182403092	frederickampsupcodes	1505314714971017226	Wait there's less air in space?
1505361711958331452	2026-05-17T00:10:00Z	896953469808832532	randomdudewhocodes	1505314714971017226	a new torture method :D
1505314714971017226	2026-05-16T21:03:15Z	955864224092012644	moonguyyy		🌟 Space fact of the day 1170!\nAt the altitude of the highest skydive, your blood could literally start boiling without a pressure suit. The air is so thin near the edge of space that the human body cannot survive there unprotected.\n<@&1496984862274486383>
1505256879255978238	2026-05-16T17:13:26Z	896953469808832532	randomdudewhocodes		they bullied me :(
1505256810511073473	2026-05-16T17:13:09Z	896953469808832532	randomdudewhocodes	1505256649449934950	ag and zunabaro
1505256739283534045	2026-05-16T17:12:52Z	367334632515043329	guahlg		not me though
1505256727547871272	2026-05-16T17:12:50Z	367334632515043329	guahlg		I do not know
1505256711928156232	2026-05-16T17:12:46Z	367334632515043329	guahlg		check the audit log
1505256665937744054	2026-05-16T17:12:35Z	806180625991335966	walnutty2		<@367334632515043329>
1505256649449934950	2026-05-16T17:12:31Z	806180625991335966	walnutty2		who is adding all these random roles btw??
1505256523616620564	2026-05-16T17:12:01Z	806180625991335966	walnutty2		bro that is weird
1505250654384554094	2026-05-16T16:48:42Z	896953469808832532	randomdudewhocodes		i have 2 tests tmr btw .-.
1505250408291897444	2026-05-16T16:47:43Z	896953469808832532	randomdudewhocodes		and no, it doesn’t even stop there. in polar coordinates, since we used phi for the polar angle in spherical coords, you’d think that would still be true, right? nah fam, suddenly it’s theta again. i want to burn alive everyone who made the fucking curriculum
1505250367431114772	2026-05-16T16:47:33Z	896953469808832532	randomdudewhocodes		my school is so messed up bro. in spherical coordinates, normally we use theta for the polar angle and phi for the azimuthal angle, right? my school was like “nah, let’s swap them instead” and completely screw over anyone who studies ahead. i got mixed up so many times. that’s kind of deranged, isn’t it?
1505232791497871522	2026-05-16T15:37:43Z	367334632515043329	guahlg		yes, ambiguity admit
1505229120940933211	2026-05-16T15:23:08Z	806180625991335966	walnutty2		thanks
1505218390740963518	2026-05-16T14:40:29Z	367334632515043329	guahlg		https://giphy.com/gifs/deathwishcoffee-8coEmqQxL39eMJcey0
1505213359983956018	2026-05-16T14:20:30Z	896953469808832532	randomdudewhocodes		this point?
1505213336386801664	2026-05-16T14:20:24Z	896953469808832532	randomdudewhocodes	1505213204979126414	.
1505213204979126414	2026-05-16T14:19:53Z	367334632515043329	guahlg		That’s the point
1505213176227299498	2026-05-16T14:19:46Z	896953469808832532	randomdudewhocodes	1505213087190614186	wtf does that mean?
1505213087190614186	2026-05-16T14:19:25Z	367334632515043329	guahlg	1505212595605471324	think
1505212705810677871	2026-05-16T14:17:54Z	806180625991335966	walnutty2		sure lol
1505212595605471324	2026-05-16T14:17:28Z	896953469808832532	randomdudewhocodes	1505212272711176212	lol, it’s always funny when i intentionally overthink things :)
1505212272711176212	2026-05-16T14:16:11Z	806180625991335966	walnutty2	1505212015780565024	let me guess… you’re overthinking my fucking song
1505212095028002929	2026-05-16T14:15:28Z	367334632515043329	guahlg		Yes
1505212015780565024	2026-05-16T14:15:10Z	896953469808832532	randomdudewhocodes	1505211808464638054	let me guess... my cat can have a chance of winning?
1505211808464638054	2026-05-16T14:14:20Z	806180625991335966	walnutty2	1505211671180742766	bro yeah it’ll make sense with the album cover and album name trust 🙏
1505211671713681529	2026-05-16T14:13:48Z	367334632515043329	guahlg		bruh
1505211671180742766	2026-05-16T14:13:47Z	896953469808832532	randomdudewhocodes		she always wins and i might win 🥀
1505211657092075761	2026-05-16T14:13:44Z	367334632515043329	guahlg	1505211603107451020	*a random guy
1505211603107451020	2026-05-16T14:13:31Z	806180625991335966	walnutty2		this guy bro
1505211568948773026	2026-05-16T14:13:23Z	806180625991335966	walnutty2		me bro wtf are you talking about
1505211526347489350	2026-05-16T14:13:13Z	896953469808832532	randomdudewhocodes	1505211497893073007	who wins
1505211501647237251	2026-05-16T14:13:07Z	367334632515043329	guahlg		and I am doing this
1505211497893073007	2026-05-16T14:13:06Z	806180625991335966	walnutty2	1505211406444925018	me?
1505211491295694929	2026-05-16T14:13:05Z	896953469808832532	randomdudewhocodes	1505211450107367645	no shit
1505211450107367645	2026-05-16T14:12:55Z	367334632515043329	guahlg		All other people are talking about things
1505211406444925018	2026-05-16T14:12:44Z	896953469808832532	randomdudewhocodes	1505211282851238100	<@806180625991335966> ANSWER ME >:(
1505211380637372699	2026-05-16T14:12:38Z	367334632515043329	guahlg		I am super bored
1505211338253668403	2026-05-16T14:12:28Z	806180625991335966	walnutty2		oh okay lol
1505211313532436481	2026-05-16T14:12:22Z	367334632515043329	guahlg	1505211249435214086	Kinda can’t listen to it rn
1505211282851238100	2026-05-16T14:12:15Z	896953469808832532	randomdudewhocodes		who the fuck wins dude
1505211252983464037	2026-05-16T14:12:08Z	367334632515043329	guahlg		I am at some friends house rn
1505211249435214086	2026-05-16T14:12:07Z	806180625991335966	walnutty2		what do u think??
1505211183408353410	2026-05-16T14:11:51Z	367334632515043329	guahlg	1505196828633595954	Alright cool.
1505202874253050029	2026-05-16T13:38:50Z	367334632515043329	guahlg	1505197094024122408	I’ll let you know when I arrive
1505197094024122408	2026-05-16T13:15:52Z	896953469808832532	randomdudewhocodes	1505196737071939707	where is it? :)
1505196870421446658	2026-05-16T13:14:59Z	806180625991335966	walnutty2		Also remember it's take 1...
1505196828633595954	2026-05-16T13:14:49Z	806180625991335966	walnutty2		First version of I Might Win, the song after the one I've sent before that I'm still working on a bit, a bit short so I think I'll add another two verses before the ending
1505196737071939707	2026-05-16T13:14:27Z	367334632515043329	guahlg		Yes, and I am heading towards your exact location at full speed. You better watch out.
1505188888606543972	2026-05-16T12:43:16Z	896953469808832532	randomdudewhocodes		you’re even faster than a plane omfg
1505188821031976980	2026-05-16T12:42:59Z	896953469808832532	randomdudewhocodes		that’s like 3600 km/h
1505188775054147755	2026-05-16T12:42:49Z	896953469808832532	randomdudewhocodes	1505156387997487146	1 km/s???
1505187683029487686	2026-05-16T12:38:28Z	367334632515043329	guahlg		Okay soon SuperSighurt will be talking guys
1505164316910030969	2026-05-16T11:05:37Z	367334632515043329	guahlg		and aiming for sub 40
1505164254070702191	2026-05-16T11:05:22Z	367334632515043329	guahlg		and now I am at 42
1505164213981548615	2026-05-16T11:05:13Z	367334632515043329	guahlg		I was not expecting it possible for me to go below 45 minutes a few months ago lol
1505164032225574962	2026-05-16T11:04:29Z	367334632515043329	guahlg		for sure
1505163297069207682	2026-05-16T11:01:34Z	955720868103876649	dragondev22		some improvement is still improvement
1505156387997487146	2026-05-16T10:34:07Z	367334632515043329	guahlg		New 10 km record btw. This run was pushing me to my limits. It’s only a 1 second per kilometer improvement from last time
1505105431813554227	2026-05-16T07:11:38Z	367334632515043329	guahlg		yes, ambiguity admit
1505105371646132285	2026-05-16T07:11:24Z	367334632515043329	guahlg	1505105346023133184	yay
1505105354919247955	2026-05-16T07:11:20Z	367334632515043329	guahlg		so it should have greater potential
1505105346023133184	2026-05-16T07:11:17Z	896953469808832532	randomdudewhocodes		i’m so excited to use it on my arch linux pc :D
1505105320970682490	2026-05-16T07:11:12Z	367334632515043329	guahlg		I have also increased the size of the network by a lot
1505105222576509041	2026-05-16T07:10:48Z	367334632515043329	guahlg		And after that I will basically work on a discord "harness"
1505105112803311758	2026-05-16T07:10:22Z	367334632515043329	guahlg		I am training the ai more
1505105077835399298	2026-05-16T07:10:14Z	367334632515043329	guahlg		nice
1505104990325313626	2026-05-16T07:09:53Z	896953469808832532	randomdudewhocodes		also, i forgot to mention. me not being stupid anymore and actually installing the right gpu driver fixed all of my problems lol. so far, i haven’t had any issues using it. i should’ve done this a long time ago
1505101676095213578	2026-05-16T06:56:43Z	896953469808832532	randomdudewhocodes		almost all apps are on linux now
1505101662585618432	2026-05-16T06:56:39Z	367334632515043329	guahlg		fuck yeah
1505101634823389289	2026-05-16T06:56:33Z	896953469808832532	randomdudewhocodes		anyway, i’ve successfully moved to linux :)
1505101556352024576	2026-05-16T06:56:14Z	367334632515043329	guahlg		it will be written down for centuries
1505101518154498068	2026-05-16T06:56:05Z	367334632515043329	guahlg		legendary phrase
1505101471480549497	2026-05-16T06:55:54Z	367334632515043329	guahlg		yeah fr
1505101449586278420	2026-05-16T06:55:49Z	896953469808832532	randomdudewhocodes		i’m definitely going to use that lol
1505101380560617472	2026-05-16T06:55:32Z	896953469808832532	randomdudewhocodes	1505100857740492872	> \\- are you ok?\n> \\- yes, ambiguity admit
1505100884890091583	2026-05-16T06:53:34Z	367334632515043329	guahlg		what is this convo
1505100870361026612	2026-05-16T06:53:30Z	367334632515043329	guahlg		LMAO
1505100857740492872	2026-05-16T06:53:27Z	367334632515043329	guahlg		
1505093091869069372	2026-05-16T06:22:36Z	367334632515043329	guahlg		After these fixes I will look into the discord bot idea and also try to somehow update the dataset to use conversations from this server maybe, bc it would be incredibly funny
1505092819155681420	2026-05-16T06:21:31Z	367334632515043329	guahlg		Hopefully it will actually be not stupid soon
1505092740961144882	2026-05-16T06:21:12Z	367334632515043329	guahlg		I am fixing some things now
1505092004420259942	2026-05-16T06:18:17Z	367334632515043329	guahlg		I am going to try to get this to work with the discord bot now I think
1505091536453505175	2026-05-16T06:16:25Z	367334632515043329	guahlg		I am killing this idiot bot onw
1505091510243168296	2026-05-16T06:16:19Z	367334632515043329	guahlg		Full convo
1505091483433439352	2026-05-16T06:16:12Z	367334632515043329	guahlg		
1505091241984000020	2026-05-16T06:15:15Z	367334632515043329	guahlg		I think it might be because the dataset is quite small and not very detailed so whenever I say something that it does not recognize it becomes confused
1505091091781652503	2026-05-16T06:14:39Z	367334632515043329	guahlg		it seems to like this part of the dataset a lot
1505090999033135144	2026-05-16T06:14:17Z	367334632515043329	guahlg		it is in there
1505090986718793809	2026-05-16T06:14:14Z	367334632515043329	guahlg		Found it lol
1505090880019890236	2026-05-16T06:13:49Z	367334632515043329	guahlg		yeah sure ig
1505090831139340389	2026-05-16T06:13:37Z	896953469808832532	randomdudewhocodes		can you check the dataset?
1505090773320990850	2026-05-16T06:13:23Z	367334632515043329	guahlg		Stop yapping about earlier assumptions
1505090727992889424	2026-05-16T06:13:12Z	367334632515043329	guahlg		bro why does it repeat this phrase
1505090546979573911	2026-05-16T06:12:29Z	367334632515043329	guahlg	1505090496006193152	yup
1505090528981680261	2026-05-16T06:12:25Z	367334632515043329	guahlg		and the rest of the times it says soemthing weirdly philosophical
1505090496006193152	2026-05-16T06:12:17Z	896953469808832532	randomdudewhocodes		flexibility is important
1505090450749657238	2026-05-16T06:12:06Z	367334632515043329	guahlg		it can kinda do some phrases though and answer stuff like how are you and shit
1505090375713292399	2026-05-16T06:11:48Z	367334632515043329	guahlg		but still utterly stupid
1505090348811292702	2026-05-16T06:11:42Z	367334632515043329	guahlg		it is quick af though
1505090264992317481	2026-05-16T06:11:22Z	367334632515043329	guahlg		
1505090218452324474	2026-05-16T06:11:11Z	896953469808832532	randomdudewhocodes		you can have me 24/7 to make sure this server doesn't go back to nerdy coding stuff :)
1505090033428992111	2026-05-16T06:10:27Z	367334632515043329	guahlg		that would be incredibly funny
1505089996925702196	2026-05-16T06:10:18Z	367334632515043329	guahlg		I could train it with dialogs from this server
1505089925387911198	2026-05-16T06:10:01Z	367334632515043329	guahlg		possibly
1505089846148993064	2026-05-16T06:09:42Z	896953469808832532	randomdudewhocodes		hmm... can you train it to have my personality or someone’s?
1505089719837655073	2026-05-16T06:09:12Z	367334632515043329	guahlg		I think I am going to have him get a bit more training first though
1505089637457203343	2026-05-16T06:08:52Z	367334632515043329	guahlg		I am also excited
1505089612635181076	2026-05-16T06:08:46Z	367334632515043329	guahlg		chill out
1505089605626630327	2026-05-16T06:08:45Z	367334632515043329	guahlg	1505089530158387330	yeah I am going to
1505089568863555684	2026-05-16T06:08:36Z	896953469808832532	randomdudewhocodes		i’m so excited to break this bot :)
1505089530158387330	2026-05-16T06:08:27Z	896953469808832532	randomdudewhocodes		or even better, make a discord bot :)
1505089426944950333	2026-05-16T06:08:02Z	896953469808832532	randomdudewhocodes		ask him if he has a gf yet
1505089267490357390	2026-05-16T06:07:24Z	367334632515043329	guahlg		thanks for your interpreting skills
1505089232383905883	2026-05-16T06:07:16Z	367334632515043329	guahlg		ic
1505089215698964550	2026-05-16T06:07:12Z	896953469808832532	randomdudewhocodes		and he wants you to know that
1505089215602364566	2026-05-16T06:07:12Z	367334632515043329	guahlg	1505089186066337924	yeah dfr
1505089195746660463	2026-05-16T06:07:07Z	367334632515043329	guahlg		this is fuckign crazy
1505089186066337924	2026-05-16T06:07:05Z	896953469808832532	randomdudewhocodes	1505088468148293773	he’s operating in a can
1505089175018410056	2026-05-16T06:07:02Z	367334632515043329	guahlg		WTF. How have I actually made something smart
1505089035088040069	2026-05-16T06:06:29Z	367334632515043329	guahlg		that almost scared me
1505088986803081308	2026-05-16T06:06:17Z	367334632515043329	guahlg		uh what. Why does it say smart stuff now
1505088468148293773	2026-05-16T06:04:13Z	367334632515043329	guahlg		I have no idea why it is talking about something being better in can for context
1505085935962951801	2026-05-16T05:54:10Z	367334632515043329	guahlg		loss is dropping
1505085908549111889	2026-05-16T05:54:03Z	367334632515043329	guahlg		I am training the ai rn
1505083134759145605	2026-05-16T05:43:02Z	367334632515043329	guahlg		so it is EXTREMELY performant compared to where it was before
1505083078492688436	2026-05-16T05:42:49Z	367334632515043329	guahlg		I can also increase its size a lot bc it now runs on the gpu through vulkan
1505083002328191006	2026-05-16T05:42:30Z	367334632515043329	guahlg		I am going to try to fix it
1505082093649133690	2026-05-16T05:38:54Z	367334632515043329	guahlg		okay nevermind it is completely braindeda
1505081614705627227	2026-05-16T05:37:00Z	367334632515043329	guahlg		WHy does is always say one thing that almost makes sense and then just become stupid lol
1505081247108431953	2026-05-16T05:35:32Z	367334632515043329	guahlg		Why is it telling me that saying ok is a psychologically important transition lmao
1505081072357212230	2026-05-16T05:34:50Z	367334632515043329	guahlg		Bro wtf. Is my ai on high or something
1505080696719278102	2026-05-16T05:33:21Z	367334632515043329	guahlg		I am concerned
1505080682475556915	2026-05-16T05:33:17Z	367334632515043329	guahlg		I think my ai is asking for help
1505080638536155136	2026-05-16T05:33:07Z	367334632515043329	guahlg		OH
1505064466763747418	2026-05-16T04:28:51Z	367334632515043329	guahlg		itsa giiiiifff neoooowww
1505064404033474671	2026-05-16T04:28:36Z	367334632515043329	guahlg		https://cdn.discordapp.com/attachments/1405453469032120340/1505064354746470531/convert.bb506baa.gif
1505064354662449152	2026-05-16T04:28:24Z	439205512425504771	NotSoBot	1505064351550406758	
1505064351550406758	2026-05-16T04:28:24Z	367334632515043329	guahlg	1505043330906456115	.convert gif
1505050367841276007	2026-05-16T03:32:50Z	367334632515043329	guahlg		gm
1505043690853240843	2026-05-16T03:06:18Z	1411278630113247286	zunabaro		all hail walnutty\nyou do not want to know what happens if you don't
1505043590089408622	2026-05-16T03:05:54Z	896953469808832532	randomdudewhocodes	1505043437584650401	he’s the god of walnut
1505043437584650401	2026-05-16T03:05:17Z	1411278630113247286	zunabaro		I am scared
1505043330906456115	2026-05-16T03:04:52Z	896953469808832532	randomdudewhocodes		
1505030099874087002	2026-05-16T02:12:17Z	955720868103876649	dragondev22		:(
1505030086464639106	2026-05-16T02:12:14Z	955720868103876649	dragondev22		but i have a cheap oppo not a pixel
1505030038787985419	2026-05-16T02:12:03Z	955720868103876649	dragondev22		man i would love to grapheneOS
1505028255894343723	2026-05-16T02:04:58Z	896953469808832532	randomdudewhocodes	1505028141578588332	*iphone users
1505028141578588332	2026-05-16T02:04:31Z	433780070327255051	chromosoze	1505014682069635183	It works on android
1505019243698192435	2026-05-16T01:29:09Z	896953469808832532	randomdudewhocodes	1505018716159479968	ik, but that’s the best thing that we have
1505019126685368524	2026-05-16T01:28:41Z	955720868103876649	dragondev22		also how bad is the discord client to not play .WEBM on mobile 💀
1505018716159479968	2026-05-16T01:27:03Z	955720868103876649	dragondev22		mp4 sucks
1505014713036046367	2026-05-16T01:11:09Z	896953469808832532	randomdudewhocodes		use mp4 for something
1505014682069635183	2026-05-16T01:11:02Z	896953469808832532	randomdudewhocodes	1504912711501480066	man please, think about the mobile users
1504970476219535382	2026-05-15T22:15:22Z	806180625991335966	walnutty2		problem with the piano piece is that I lack the equipment to record that, so I'll have to book a time at like my music school or something and try recording it there.
1504970319549435935	2026-05-15T22:14:45Z	806180625991335966	walnutty2		after that, a piano piece with deeper lyrics, after that I need a song idea, not sure what fits there, but I'm thinking of trying an only vocal song, so drums, base line, chords, song, all with my voice, to try that would be really cool, and then after that a more lighthearted song about a man in france also with the guitar, leading right into a song that begins with a famous chopin riff, and goes right into the chord sequence of the first song, going full circle in the main part of the album, the last two songs will be the compositions of guahlg called: Post Game Caos, and Bert's Ballad 3
1504969625832521990	2026-05-15T22:11:59Z	806180625991335966	walnutty2		already seeing needed changes such as smoother vocals, more consistant vocals, that's the main problem rn I think, but other than that, this song will lead right into the next song that I'm working on that I'll be sending in the next few days
1504962163897532586	2026-05-15T21:42:20Z	806180625991335966	walnutty2		Take 3 guys, Changes: Removed noise in background after chorus, resung verses, changed lyrics, raised volume of main vocals, changed drums in beginning
1504920431608725564	2026-05-15T18:56:30Z	1411278630113247286	zunabaro	1504919179524964522	ofc it is
1504919482366165107	2026-05-15T18:52:44Z	367334632515043329	guahlg	1504919360119246910	I used to watch a lot of those streams
1504919376174776471	2026-05-15T18:52:19Z	367334632515043329	guahlg		very cringe
1504919360119246910	2026-05-15T18:52:15Z	367334632515043329	guahlg		Sorry that was a Primeagen reference
1504919302799884370	2026-05-15T18:52:01Z	367334632515043329	guahlg		Tom’s a genius
1504919231706304644	2026-05-15T18:51:44Z	367334632515043329	guahlg		notsobot is s genius
1504919204258648199	2026-05-15T18:51:38Z	367334632515043329	guahlg	1504919137334460576	idk
1504919179524964522	2026-05-15T18:51:32Z	367334632515043329	guahlg	1504919036847460402	this behaviour is surely against some rule
1504919137334460576	2026-05-15T18:51:22Z	1411278630113247286	zunabaro		I have\nalso how many rules are going to be inspired by notsobot lol
1504919036847460402	2026-05-15T18:50:58Z	367334632515043329	guahlg		how is no one noticing the new rule yet
1504918020290773175	2026-05-15T18:46:56Z	433780070327255051	chromosoze		Perhaps even spoken or written language as a whole
1504917932751454261	2026-05-15T18:46:35Z	433780070327255051	chromosoze		It is beyond what any construct of the English language can hold
1504917862941327602	2026-05-15T18:46:18Z	433780070327255051	chromosoze		I cannot put into words how spiritually influential this addition is, Guahlg
1504917579385536633	2026-05-15T18:45:10Z	367334632515043329	guahlg		Heros too must rest
1504917532988014763	2026-05-15T18:44:59Z	367334632515043329	guahlg		I have made enough contributions to this world for today
1504917446501597397	2026-05-15T18:44:39Z	367334632515043329	guahlg		gn
1504917420886851714	2026-05-15T18:44:33Z	367334632515043329	guahlg		a new rule has appeared
1504917208860725318	2026-05-15T18:43:42Z	433780070327255051	chromosoze		It can improve over time. For free*(??)
1504917160005337189	2026-05-15T18:43:30Z	433780070327255051	chromosoze	1504916672858030211	well my knowledge of DSP is limited but
1504916968032047214	2026-05-15T18:42:45Z	367334632515043329	guahlg		https://cdn.discordapp.com/attachments/1474510710284222535/1492189247539777656/convert.72491434.gif
1504916792517201970	2026-05-15T18:42:03Z	433780070327255051	chromosoze		Plus the renoise sampler is very good
1504916672858030211	2026-05-15T18:41:34Z	433780070327255051	chromosoze		But i mean i know how to code one so
1504916654197575710	2026-05-15T18:41:30Z	433780070327255051	chromosoze		vsts usually cost money though :p
1504916382951669853	2026-05-15T18:40:25Z	433780070327255051	chromosoze		Can always use VSTs
1504916369861509150	2026-05-15T18:40:22Z	433780070327255051	chromosoze		But i mean its not that big of a deal
1504916322100711435	2026-05-15T18:40:11Z	433780070327255051	chromosoze		I mean renoise has less stock effects and the only generator it has is this sampler (although it is incredibly flexible). So, it is a worse puchase in that regard, when compared to Bitwig "Essentials"
1504915840326172673	2026-05-15T18:38:16Z	433780070327255051	chromosoze		Renoise is a very interesting contender though, because its cheaper to unlock the full features (although the most basic purchase of Bitwig is the same price as Renoise), but also a tracker-based rather than pianoroll-based workfloe seems very .. Intriguing.. I might like it..
1504915436154781899	2026-05-15T18:36:39Z	433780070327255051	chromosoze		in contrast, when i tried out the bitwig demo I immediately was like "Oh my god...This is beautiful..."
1504915037871931423	2026-05-15T18:35:04Z	433780070327255051	chromosoze		Like i dont like that everything is a floating window, for example
1504914993613901866	2026-05-15T18:34:54Z	433780070327255051	chromosoze		I also tried fl studio for a bit but honestly I dont like the UI too much
1504914904946315296	2026-05-15T18:34:33Z	433780070327255051	chromosoze		Welll i'm trying to move away from BeepBox mods because I find them a bit too limiting in some regards, especially effects/mixing. So I might try to switch over to primarily using either Bitwig or Renoise, but I'm not sure at the moment
1504914536489287731	2026-05-15T18:33:05Z	433780070327255051	chromosoze		But the retrigger for the snare roll is gud
1504913827211251732	2026-05-15T18:30:16Z	433780070327255051	chromosoze		Maybe i used the retrigger effect too unnecessarily. Also the track 3 instrument could be improved.
1504912711501480066	2026-05-15T18:25:50Z	433780070327255051	chromosoze		anyway i was trying out this daw called renoise i made this little tune\nhttps://media.discordapp.net/attachments/810852084605124638/1504651321054068736/Myamazingmusic1.webm?ex=6a086bfe&is=6a071a7e&hm=465fb7dc4666e1fde8cbe5b4b80ff443446570490f0d4c8656cdb02e12a4d633&
1504912465518137496	2026-05-15T18:24:51Z	433780070327255051	chromosoze		thats a good question
1504910269397204992	2026-05-15T18:16:08Z	896953469808832532	randomdudewhocodes	1504910022331732069	is that a good thing or a bad thing?
1504910022331732069	2026-05-15T18:15:09Z	433780070327255051	chromosoze		otherwise its boring linux nerd rust nerd stuff
1504909960130068490	2026-05-15T18:14:54Z	433780070327255051	chromosoze		its only like this with You aroujd
1504909908347453613	2026-05-15T18:14:42Z	352018607498199051	ag101	1504908055077453944	*casually adds role "Epstine associate"*
1504909893922983958	2026-05-15T18:14:38Z	433780070327255051	chromosoze		you are
1504908594858950757	2026-05-15T18:09:28Z	896953469808832532	randomdudewhocodes		this server is a biohazard
1504908062010638531	2026-05-15T18:07:21Z	896953469808832532	randomdudewhocodes		-# i’m horny but not a predator my guy
1504908055077453944	2026-05-15T18:07:20Z	1411278630113247286	zunabaro		you are horny\nyou don't care about the problems
1504907987637108788	2026-05-15T18:07:04Z	896953469808832532	randomdudewhocodes		-# do you see the problem?
1504907855398961162	2026-05-15T18:06:32Z	896953469808832532	randomdudewhocodes		-# he’s a minor
1504907831915057462	2026-05-15T18:06:26Z	896953469808832532	randomdudewhocodes	1504907646904565880	-# i’m 18 dude
1504907801791696936	2026-05-15T18:06:19Z	352018607498199051	ag101		it was already done
1504907790399832186	2026-05-15T18:06:17Z	352018607498199051	ag101		we couldn't contain him in the horny cage fast enough
1504907730727469136	2026-05-15T18:06:02Z	352018607498199051	ag101		he was too horny
1504907698603561001	2026-05-15T18:05:55Z	1411278630113247286	zunabaro		you are horny after all
1504907684149727377	2026-05-15T18:05:51Z	352018607498199051	ag101		:)
1504907665518891081	2026-05-15T18:05:47Z	896953469808832532	randomdudewhocodes		._.
1504907646904565880	2026-05-15T18:05:42Z	352018607498199051	ag101		you
1504907610900398232	2026-05-15T18:05:34Z	896953469808832532	randomdudewhocodes	1504907457447727256	who’s the mother?
1504907494420385925	2026-05-15T18:05:06Z	1411278630113247286	zunabaro		oh, you mean sighurt
1504907457447727256	2026-05-15T18:04:57Z	1411278630113247286	zunabaro	1504907389726494862	I presume the father is walnutty
1504907425994768414	2026-05-15T18:04:50Z	352018607498199051	ag101		or like community like son idfk
1504907389726494862	2026-05-15T18:04:41Z	352018607498199051	ag101		like father like son
1504907387612692632	2026-05-15T18:04:41Z	1411278630113247286	zunabaro		yes and yes
1504907358449696839	2026-05-15T18:04:34Z	367334632515043329	guahlg		yeah
1504907337461399672	2026-05-15T18:04:29Z	352018607498199051	ag101		this server is retarded
1504907291466399794	2026-05-15T18:04:18Z	367334632515043329	guahlg		bro my ai is retarded
1504907275922440374	2026-05-15T18:04:14Z	352018607498199051	ag101		you neither want to be consumed by arg nor want arg to make you consume him\nicic
1504907100185166008	2026-05-15T18:03:32Z	1411278630113247286	zunabaro		I am not edible
1504907073132040342	2026-05-15T18:03:26Z	1411278630113247286	zunabaro		I don't want to be consumed by him or the other worse option
1504906987647926354	2026-05-15T18:03:05Z	896953469808832532	randomdudewhocodes	1504906953846030476	what
1504906978139312184	2026-05-15T18:03:03Z	1411278630113247286	zunabaro		yes
1504906953846030476	2026-05-15T18:02:57Z	352018607498199051	ag101		should he be put in the horny cage
1504906855611367626	2026-05-15T18:02:34Z	1411278630113247286	zunabaro	1504906766771687454	ah, he is horny
1504906821943693562	2026-05-15T18:02:26Z	352018607498199051	ag101		he's collecting them all
1504906766771687454	2026-05-15T18:02:13Z	896953469808832532	randomdudewhocodes	1504906660085239970	holy fuck
1504906700740628661	2026-05-15T18:01:57Z	352018607498199051	ag101		arg rn:
1504906660085239970	2026-05-15T18:01:47Z	352018607498199051	ag101		
1504906644713246772	2026-05-15T18:01:43Z	352018607498199051	ag101		https://tenor.com/view/medals-show-off-showing-off-heres-your-medal-meme-gif-25463205
1504906643328991354	2026-05-15T18:01:43Z	1411278630113247286	zunabaro		what bbg mean?
1504906559166222439	2026-05-15T18:01:23Z	896953469808832532	randomdudewhocodes		-# i love you bbg 😏
1504906521216286831	2026-05-15T18:01:14Z	352018607498199051	ag101		final one i promise
1504906443697160192	2026-05-15T18:00:55Z	896953469808832532	randomdudewhocodes	1504906180332355655	the only drug i have is you
1504906180332355655	2026-05-15T17:59:53Z	1411278630113247286	zunabaro	1504905934303006963	mwahaha, you have fallen right into my trap
1504906020500279447	2026-05-15T17:59:15Z	352018607498199051	ag101	1504905671550828705	https://tenor.com/view/markiplier-what-confused-concerned-shocked-gif-5224402
1504905934303006963	2026-05-15T17:58:54Z	896953469808832532	randomdudewhocodes	1504905819932721162	no, you are
1504905819932721162	2026-05-15T17:58:27Z	1411278630113247286	zunabaro	1504905246231494696	are you also a drug addict?\nalso you really need to work on your hand writing, your h looks like an n
1504905671550828705	2026-05-15T17:57:51Z	1411278630113247286	zunabaro		
1504905376565297303	2026-05-15T17:56:41Z	352018607498199051	ag101		idk what h's stem means
1504905246231494696	2026-05-15T17:56:10Z	896953469808832532	randomdudewhocodes	1504905170151149618	no, my nose snots
1504905170151149618	2026-05-15T17:55:52Z	1411278630113247286	zunabaro	1504904884271714475	well, your invited this upon yourself\nyour h's stem is a little short\n-# you're an alcoholic now
1504904929763004476	2026-05-15T17:54:55Z	1411278630113247286	zunabaro		-# I was about to then thought for more than a second about what that implies
1504904884271714475	2026-05-15T17:54:44Z	896953469808832532	randomdudewhocodes	1504904759361015808	the stains come from my snots
1504904841783414915	2026-05-15T17:54:34Z	352018607498199051	ag101		-# don't ask what stains
1504904767930105916	2026-05-15T17:54:16Z	352018607498199051	ag101		it'd all be gone
1504904764704686301	2026-05-15T17:54:15Z	1411278630113247286	zunabaro	1504904729795498175	true, true
1504904759361015808	2026-05-15T17:54:14Z	352018607498199051	ag101		the stains on it
1504904729795498175	2026-05-15T17:54:07Z	352018607498199051	ag101	1504904651223339129	but the memories he had with it
1504904723864490105	2026-05-15T17:54:05Z	896953469808832532	randomdudewhocodes		it’s $1,000,000 :(
1504904707385196556	2026-05-15T17:54:02Z	1411278630113247286	zunabaro		and just grab the paper before the fire spreads
1504904696924737617	2026-05-15T17:53:59Z	896953469808832532	randomdudewhocodes		NOOOOO
1504904674627555470	2026-05-15T17:53:54Z	352018607498199051	ag101		who cares about the paper the furry suit is more important to you of course
1504904651223339129	2026-05-15T17:53:48Z	1411278630113247286	zunabaro		you don't need the suit\njust buy another
1504904572672676011	2026-05-15T17:53:29Z	896953469808832532	randomdudewhocodes		even if i can do it perfectly, the furry suit is flammable and it’ll burn the paper too
1504904354333986916	2026-05-15T17:52:37Z	1411278630113247286	zunabaro	1504904155997798410	trying to get arg's login info out of his safe
1504904275615289404	2026-05-15T17:52:19Z	352018607498199051	ag101		one more couldn't hurt :>
1504904155997798410	2026-05-15T17:51:50Z	352018607498199051	ag101		why are we talking about explosive chemicals
1504904111542374561	2026-05-15T17:51:39Z	352018607498199051	ag101		i left for like two seconds what happened here
1504903946785783828	2026-05-15T17:51:00Z	896953469808832532	randomdudewhocodes		i can’t do that
1504903913671757825	2026-05-15T17:50:52Z	896953469808832532	randomdudewhocodes		yeah, my hand burns after a test run
1504903830637117620	2026-05-15T17:50:32Z	1411278630113247286	zunabaro		naaah
1504903759787069632	2026-05-15T17:50:16Z	896953469808832532	randomdudewhocodes	1504903509219348732	hmm… but wouldn’t air resistance be a problem with my speed of light arms?
1504903509219348732	2026-05-15T17:49:16Z	1411278630113247286	zunabaro		that's why you do it the yoctosecond after and not the nanosecond after
1504903417615614103	2026-05-15T17:48:54Z	896953469808832532	randomdudewhocodes		i wrote it on flash paper :(
1504903370383556794	2026-05-15T17:48:43Z	1411278630113247286	zunabaro	1504903217388196106	pour water on them yoctosecond after the explosion
1504903231141052496	2026-05-15T17:48:10Z	1411278630113247286	zunabaro		I don't think that will help you get into your safe
1504903217388196106	2026-05-15T17:48:06Z	896953469808832532	randomdudewhocodes		but it would burn the paper though :(
1504903020050124992	2026-05-15T17:47:19Z	896953469808832532	randomdudewhocodes	1504902860263915663	supercalifragilisticexpialidocious
1504902860263915663	2026-05-15T17:46:41Z	1411278630113247286	zunabaro		trinitrotoluene
1504902722707525842	2026-05-15T17:46:08Z	896953469808832532	randomdudewhocodes		i wrote it on a piece of paper and locked it in a safe with my furry suit, but i forgot the combination :(
1504902616549822655	2026-05-15T17:45:43Z	1411278630113247286	zunabaro		ah, I see
1504902458386809095	2026-05-15T17:45:05Z	352018607498199051	ag101		*why* would i
1504902402443055297	2026-05-15T17:44:52Z	352018607498199051	ag101		i use a password manager how would i know my login info
1504902356687388834	2026-05-15T17:44:41Z	896953469808832532	randomdudewhocodes		idk either
1504902327339974826	2026-05-15T17:44:34Z	352018607498199051	ag101		I dont know
1504902293072642231	2026-05-15T17:44:26Z	1411278630113247286	zunabaro		dang it\n<@896953469808832532> <@352018607498199051> what's your login info?
1504902202710556704	2026-05-15T17:44:04Z	352018607498199051	ag101		too late, it's been saved
1504902157143511160	2026-05-15T17:43:53Z	896953469808832532	randomdudewhocodes		saved it
1504902125090639892	2026-05-15T17:43:46Z	1411278630113247286	zunabaro		mwahahaha
1504902103058092144	2026-05-15T17:43:41Z	1411278630113247286	zunabaro		wait, I have power
1504902082468122714	2026-05-15T17:43:36Z	1411278630113247286	zunabaro		dang it
1504902050943864885	2026-05-15T17:43:28Z	1411278630113247286	zunabaro		I feel like that is about to be quoted, uh oh
1504902022539771934	2026-05-15T17:43:21Z	896953469808832532	randomdudewhocodes	1504901982341693451	dude...
1504901982341693451	2026-05-15T17:43:12Z	1411278630113247286	zunabaro		by the rules of horny, you must be furry to be horny
1504901937747726347	2026-05-15T17:43:01Z	896953469808832532	randomdudewhocodes		the horny one overwrote it
1504901870487867514	2026-05-15T17:42:45Z	896953469808832532	randomdudewhocodes		ok, can you remove the furry role now? 🥲
1504901799885148261	2026-05-15T17:42:28Z	896953469808832532	randomdudewhocodes		>:(
1504901790586638347	2026-05-15T17:42:26Z	1411278630113247286	zunabaro		well...
1504901731320856648	2026-05-15T17:42:12Z	1411278630113247286	zunabaro		XD
1504901729991528568	2026-05-15T17:42:12Z	352018607498199051	ag101		here you go, fixed it
1504901686479683705	2026-05-15T17:42:01Z	1411278630113247286	zunabaro		because being a furry is punishment and you purposefully said the forbidden number
1504901682822381611	2026-05-15T17:42:00Z	367334632515043329	guahlg		guacamole
1504901681719279747	2026-05-15T17:42:00Z	352018607498199051	ag101		i can fix this
1504901587972395160	2026-05-15T17:41:38Z	896953469808832532	randomdudewhocodes		YES
1504901572251881699	2026-05-15T17:41:34Z	1411278630113247286	zunabaro		to you
1504901550630371528	2026-05-15T17:41:29Z	896953469808832532	randomdudewhocodes		YOU ADDED THE ROLE
1504901539515465898	2026-05-15T17:41:26Z	1411278630113247286	zunabaro		however we have been certified :_(
1504901484217761823	2026-05-15T17:41:13Z	1411278630113247286	zunabaro	1504901324121313320	neither am I or uncloudy or M3z
1504901462948319355	2026-05-15T17:41:08Z	367334632515043329	guahlg	1504901324121313320	you are a certified furry
1504901428961874163	2026-05-15T17:41:00Z	352018607498199051	ag101	1504901324121313320	ahh ok one sec
1504901419143139449	2026-05-15T17:40:58Z	1411278630113247286	zunabaro	1504901236929855640	I feel that should have been obvios by <#1405453745512386581>
1504901324121313320	2026-05-15T17:40:35Z	896953469808832532	randomdudewhocodes		i’m not a furry nor horny
1504901285692969020	2026-05-15T17:40:26Z	896953469808832532	randomdudewhocodes		can you remove the role please
1504901249802305708	2026-05-15T17:40:17Z	352018607498199051	ag101	1504900816073527458	the what now
1504901236929855640	2026-05-15T17:40:14Z	896953469808832532	randomdudewhocodes		this server is strange
1504901206026354738	2026-05-15T17:40:07Z	896953469808832532	randomdudewhocodes		what ._.
1504901167648346133	2026-05-15T17:39:58Z	1411278630113247286	zunabaro		I ain't risking it
1504901088841830540	2026-05-15T17:39:39Z	1411278630113247286	zunabaro		I also have been demoted before for deleting a reaction (that agreed with the message) on a message saying I was smart, and removing the role is more of a declaration of war than that is
1504900990799712419	2026-05-15T17:39:15Z	352018607498199051	ag101		yeah i have too many of you quotes now
1504900896713216053	2026-05-15T17:38:53Z	896953469808832532	randomdudewhocodes	1504900552679620668	ok, since when does almost every sentence i send need to get quoted? yall, let my messages rest in peace bro 😭
1504900816073527458	2026-05-15T17:38:34Z	1411278630113247286	zunabaro	1504900553380204544	ik, but I have been punished and shall bear the... horniness that comes with it?\nthis is a joke, I just was given it and if I remove it it's likely to just come back, so I'm not even going to try
1504900728060379298	2026-05-15T17:38:13Z	367334632515043329	guahlg		bro what has been happening here
1504900699991965779	2026-05-15T17:38:06Z	367334632515043329	guahlg	1504900552679620668	LMAO
1504900553380204544	2026-05-15T17:37:31Z	896953469808832532	randomdudewhocodes		you can… remove the role
1504900552679620668	2026-05-15T17:37:31Z	352018607498199051	ag101		i am quoting this though
1504900422119325737	2026-05-15T17:37:00Z	1411278630113247286	zunabaro		XD\nsince when does being muted in a vc deserve punishment as well?
1504900418159771659	2026-05-15T17:36:59Z	352018607498199051	ag101		this is just funny asf i wish i could quote multiple messages
1504900288388006050	2026-05-15T17:36:28Z	896953469808832532	randomdudewhocodes		ok… since when does typing a number deserve punishment 😭 “coolness interactive”? more like “lameness uninteractive” /j boooooooo
1504900059509293217	2026-05-15T17:35:33Z	1411278630113247286	zunabaro		actually I don't think anyone with the role is a furry
1504899703412621482	2026-05-15T17:34:08Z	1411278630113247286	zunabaro		I know nothing of furry culture
1504899660580651049	2026-05-15T17:33:58Z	1411278630113247286	zunabaro		I stayed muted in a vc and so I have it
1504899654003986555	2026-05-15T17:33:57Z	896953469808832532	randomdudewhocodes		i only know how to bark like a chihuahua and that’s about it
1504899615441424555	2026-05-15T17:33:48Z	1411278630113247286	zunabaro	1504899551801376869	from what I understand it's the punnishment role
1504899551801376869	2026-05-15T17:33:32Z	896953469808832532	randomdudewhocodes		i don’t even have a furry suit
1504899544020816074	2026-05-15T17:33:30Z	1411278630113247286	zunabaro		did not realise the role colour was so close to the furry colour
1504899513473826817	2026-05-15T17:33:23Z	896953469808832532	randomdudewhocodes		what ._.
1504899456192217128	2026-05-15T17:33:10Z	1411278630113247286	zunabaro		you're also a furry now
1504899252738986157	2026-05-15T17:32:21Z	1411278630113247286	zunabaro		I sitll don't know if the automod actually works lol
1504899180886360184	2026-05-15T17:32:04Z	896953469808832532	randomdudewhocodes		lol
1504899114868019340	2026-05-15T17:31:48Z	1411278630113247286	zunabaro		to hopefully satify you
1504899028968804592	2026-05-15T17:31:28Z	1411278630113247286	zunabaro	1504898712516694066	
1504898755025960980	2026-05-15T17:30:22Z	1411278630113247286	zunabaro		oh
1504898752526159962	2026-05-15T17:30:22Z	896953469808832532	randomdudewhocodes		._.
1504898712516694066	2026-05-15T17:30:12Z	896953469808832532	randomdudewhocodes		6‌7
1504898567477924012	2026-05-15T17:29:38Z	1411278630113247286	zunabaro		that's just cencorship
1504898557474508951	2026-05-15T17:29:35Z	896953469808832532	randomdudewhocodes		i can’t stand it
1504898539287875604	2026-05-15T17:29:31Z	1411278630113247286	zunabaro		that's not a punnishment lol
1504898468685287424	2026-05-15T17:29:14Z	896953469808832532	randomdudewhocodes		type the forbidden number and you’re blocked
1504898467913531615	2026-05-15T17:29:14Z	1411278630113247286	zunabaro		request, can you try saying it in words please?
1504898375076675725	2026-05-15T17:28:52Z	352018607498199051	ag101		what's the punishment
1504898313668006042	2026-05-15T17:28:37Z	896953469808832532	randomdudewhocodes		i know it’s annoying, but dude, there’s no need to take the punishment that far
1504898172508442714	2026-05-15T17:28:03Z	1411278630113247286	zunabaro	1504898093748064376	welp :|
1504898093748064376	2026-05-15T17:27:45Z	896953469808832532	randomdudewhocodes	1504898030275526841	no :)
1504898030275526841	2026-05-15T17:27:30Z	1411278630113247286	zunabaro	1504897875035816078	I feel like you should know the answer to that
1504897968342438033	2026-05-15T17:27:15Z	1411278630113247286	zunabaro	1504897861220044951	you are admin\nyou can bypass it always
1504897881113493606	2026-05-15T17:26:54Z	1411278630113247286	zunabaro	1504897842508992693	:(
1504897875035816078	2026-05-15T17:26:53Z	896953469808832532	randomdudewhocodes		but why tf did you do that?
1504897861220044951	2026-05-15T17:26:49Z	352018607498199051	ag101		test 67
1504897842508992693	2026-05-15T17:26:45Z	896953469808832532	randomdudewhocodes	1504897787563741305	no
1504897837085757624	2026-05-15T17:26:44Z	1411278630113247286	zunabaro		cool
1504897802646323220	2026-05-15T17:26:35Z	352018607498199051	ag101		I'd imagine discord's systems to not be very polished
1504897787563741305	2026-05-15T17:26:32Z	1411278630113247286	zunabaro	1504897714847088800	oh did it block you?
1504897726305800202	2026-05-15T17:26:17Z	1411278630113247286	zunabaro		I shouldn't have bypass perms
1504897714847088800	2026-05-15T17:26:14Z	896953469808832532	randomdudewhocodes		WHY?
1504897666700542063	2026-05-15T17:26:03Z	1411278630113247286	zunabaro		I'm viewing the server as member role
1504897648627548230	2026-05-15T17:25:59Z	896953469808832532	randomdudewhocodes		WHAT
1504897626548605020	2026-05-15T17:25:53Z	1411278630113247286	zunabaro		it should have blocked me
1504897594655244310	2026-05-15T17:25:46Z	352018607498199051	ag101		i saw that
1504895999334682755	2026-05-15T17:19:25Z	1411278630113247286	zunabaro		if another staff wants to remove it they can
1504895861535015046	2026-05-15T17:18:53Z	896953469808832532	randomdudewhocodes		oh cmon dude
1504893601858060398	2026-05-15T17:09:54Z	1411278630113247286	zunabaro		6. still no
1504893572984606822	2026-05-15T17:09:47Z	896953469808832532	randomdudewhocodes		5. break a leg
1504893470991712448	2026-05-15T17:09:23Z	1411278630113247286	zunabaro		4. no splat, you don't splat if you are falling slowly
1504892181909999817	2026-05-15T17:04:15Z	896953469808832532	randomdudewhocodes		3. splat
1504891611585184004	2026-05-15T17:01:59Z	1411278630113247286	zunabaro		1. suit\n2. parachute
1504890529026936922	2026-05-15T16:57:41Z	367334632515043329	guahlg		because going down in 1200 km/h is kinda something I'd call somewhat deadly
1504890425293406318	2026-05-15T16:57:16Z	367334632515043329	guahlg		or did he not
1504890356746158120	2026-05-15T16:57:00Z	367334632515043329	guahlg		Aaaaaannnnd how did he survive lol
1504885691639795895	2026-05-15T16:38:28Z	955864224092012644	moonguyyy		🌟 Space fact of the day 1169!\nA human has skydived from the edge of space. In 2014, Alan Eustace jumped from 41.4 km above Earth, high enough to see Earth’s curvature and a black sky above him. He reached speeds of over 1200 kilometers per hour. \n<@&1496984862274486383>
1504883285346619534	2026-05-15T16:28:54Z	896953469808832532	randomdudewhocodes		
1504882699578380338	2026-05-15T16:26:34Z	367334632515043329	guahlg	1504863422473306152	yes he is
1504863422473306152	2026-05-15T15:09:58Z	896953469808832532	randomdudewhocodes	1504863145569816741	are you the guy who’s on the $100 bill?
1504863145569816741	2026-05-15T15:08:52Z	806180625991335966	walnutty2		yes.
1504863071657791528	2026-05-15T15:08:35Z	896953469808832532	randomdudewhocodes		benjamin franklin
1504863040191860826	2026-05-15T15:08:27Z	896953469808832532	randomdudewhocodes		<@806180625991335966> your real name us benjamin?
1504862943060295780	2026-05-15T15:08:04Z	1411278630113247286	zunabaro		
1504862683974074490	2026-05-15T15:07:02Z	806180625991335966	walnutty2	1504811684366389403	sure hahaha mane something and I’ll see if I’ll put it into the album 😋
1504862497914490990	2026-05-15T15:06:18Z	367334632515043329	guahlg	1504811684366389403	bro maybe idk
1504811684366389403	2026-05-15T11:44:23Z	896953469808832532	randomdudewhocodes	1504788935434440815	can i make some? :(
1504808371688050829	2026-05-15T11:31:13Z	352018607498199051	ag101		i wish there were more games like it
1504808347730444288	2026-05-15T11:31:08Z	352018607498199051	ag101		yeah
1504801811297730631	2026-05-15T11:05:09Z	955720868103876649	dragondev22		one of the few I would say is practically perfect
1504801724878295091	2026-05-15T11:04:49Z	955720868103876649	dragondev22		outer wilds is such a peak game
1504800330943299654	2026-05-15T10:59:16Z	352018607498199051	ag101		and maybe a bit of rdr2
1504800210994466900	2026-05-15T10:58:48Z	352018607498199051	ag101		it feels similar
1504800164148150332	2026-05-15T10:58:36Z	352018607498199051	ag101		called outer wilds
1504800134293360640	2026-05-15T10:58:29Z	352018607498199051	ag101	1504789246685220978	a game
1504790284897222836	2026-05-15T10:19:21Z	955720868103876649	dragondev22	1504783398324146236	yeah, my only feedback would be to increase the volume of vocals, but it sounds pretty good already
1504789246685220978	2026-05-15T10:15:14Z	806180625991335966	walnutty2	1504781434647482409	huh???
1504788935434440815	2026-05-15T10:13:59Z	806180625991335966	walnutty2		thanks, kind of the style that it’s supposed be kind of a muffled singing, will improve it this evening and go over to the next song, after that I have 4 more song ideas for the album, the last two songs will be guahlgs masterpieces
1504783398324146236	2026-05-15T09:51:59Z	1414621984091799614	kunglufu		It’s pretty good though \nYou can’t really hear what you’re singing but that’s still kinda cool. Like the ending too
1504781591589814372	2026-05-15T09:44:48Z	352018607498199051	ag101		https://tenor.com/view/outer-wilds-trolling-supernova-gabbro-my-beloved-gif-21274190
1504781434647482409	2026-05-15T09:44:11Z	352018607498199051	ag101	1504770288565620736	gives me outer wilds vibes
1504778015329091716	2026-05-15T09:30:36Z	806180625991335966	walnutty2		gonna be my album opener
1504770340495163532	2026-05-15T09:00:06Z	806180625991335966	walnutty2		Here it is! My best music creation so far
1504770288565620736	2026-05-15T08:59:54Z	806180625991335966	walnutty2		
1504731262718312498	2026-05-15T06:24:49Z	1211675521671241798	matitoxx1	1504623903073374228	If i dont like it im leaving for another month
1504692800631869480	2026-05-15T03:51:59Z	769924149648424990	m3z0id	1504687651222061096	Hi
1504687651222061096	2026-05-15T03:31:31Z	367334632515043329	guahlg		gm
1504675867190755359	2026-05-15T02:44:42Z	352018607498199051	ag101		Good morning
1504624983635267644	2026-05-14T23:22:30Z	806180625991335966	walnutty2		3 minute masterpeace, me singing aswell lessgooo
1504624942082428928	2026-05-14T23:22:20Z	806180625991335966	walnutty2		lowkey really tired will send the song tomorrow
1504624244208828437	2026-05-14T23:19:34Z	806180625991335966	walnutty2		so basically super many small things have to be improved but this is basically the main theme
1504623903073374228	2026-05-14T23:18:13Z	806180625991335966	walnutty2		just pretty much finished the first song for my album, it's called: Settlers (She Always Wins)
1504620582992347146	2026-05-14T23:05:01Z	1211675521671241798	matitoxx1		bye bye
1504620570946310236	2026-05-14T23:04:58Z	1211675521671241798	matitoxx1		Yes
1504620543796838534	2026-05-14T23:04:52Z	1411278630113247286	zunabaro		and good day
1504620507532759050	2026-05-14T23:04:43Z	1411278630113247286	zunabaro		checked on my phone and I see what you mean with the flags
1504620492865409057	2026-05-14T23:04:39Z	1211675521671241798	matitoxx1		And good evening
1504620475915960350	2026-05-14T23:04:35Z	1211675521671241798	matitoxx1		Good afternoon
1504620461865308361	2026-05-14T23:04:32Z	1211675521671241798	matitoxx1		Good morning
1504620449567608882	2026-05-14T23:04:29Z	1211675521671241798	matitoxx1		Goodnight
1504620437852651550	2026-05-14T23:04:26Z	1411278630113247286	zunabaro		ye\ncya
1504620408383606784	2026-05-14T23:04:19Z	1211675521671241798	matitoxx1		Bye sunabaro
1504620380168392744	2026-05-14T23:04:13Z	1211675521671241798	matitoxx1		Ok its 2:03 i should probably go
1504620259884138579	2026-05-14T23:03:44Z	1211675521671241798	matitoxx1		It does that on pc only
1504620234940747978	2026-05-14T23:03:38Z	1211675521671241798	matitoxx1		No no im not on pc it shows
1504620188883095746	2026-05-14T23:03:27Z	1411278630113247286	zunabaro		does my name show as the flag or eg?
1504620168154710027	2026-05-14T23:03:22Z	1211675521671241798	matitoxx1		Why did yiu change yiur user
1504620146696650894	2026-05-14T23:03:17Z	1211675521671241798	matitoxx1		What rhe
1504620145182769275	2026-05-14T23:03:17Z	1411278630113247286	zunabaro		it just doesn't work in the name
1504620117848227900	2026-05-14T23:03:10Z	1411278630113247286	zunabaro		ye
1504620094825955479	2026-05-14T23:03:05Z	1211675521671241798	matitoxx1		🇺🇳
1504620042002763919	2026-05-14T23:02:52Z	1211675521671241798	matitoxx1		If i send random flags can yiu see them?
1504619990072950825	2026-05-14T23:02:40Z	1411278630113247286	zunabaro	1504619623910211584	I'm on pc and the flags don't show
1504619897316179978	2026-05-14T23:02:18Z	1211675521671241798	matitoxx1		Sunabaro
1504619680835571874	2026-05-14T23:01:26Z	1211675521671241798	matitoxx1		The un flag is kinda hard to draw
1504619623910211584	2026-05-14T23:01:12Z	1211675521671241798	matitoxx1		why cant it like show the flags on pc
1504619578620252240	2026-05-14T23:01:02Z	1211675521671241798	matitoxx1		Oh
1504619429131063397	2026-05-14T23:00:26Z	1411278630113247286	zunabaro		the fisrt part of your displayname
1504619360390615180	2026-05-14T23:00:09Z	1211675521671241798	matitoxx1		what the heck is egun
1504619319072526397	2026-05-14T23:00:00Z	1211675521671241798	matitoxx1		yes sir
1504619318116221009	2026-05-14T22:59:59Z	1411278630113247286	zunabaro		./timeout egun
1504619288928194570	2026-05-14T22:59:52Z	1411278630113247286	zunabaro		go sleep
1504619270376788071	2026-05-14T22:59:48Z	1211675521671241798	matitoxx1	1504618969607176234	Now its 1:58
1504618969607176234	2026-05-14T22:58:36Z	1411278630113247286	zunabaro		ah, I see
1504618454211231895	2026-05-14T22:56:33Z	1211675521671241798	matitoxx1		So not 17 minutes
1504618435915550880	2026-05-14T22:56:29Z	1211675521671241798	matitoxx1		Its 1:55 now see
1504618399052075098	2026-05-14T22:56:20Z	1211675521671241798	matitoxx1		Its not 17 minutes
1504618377241694229	2026-05-14T22:56:15Z	1211675521671241798	matitoxx1		You miscalculated
1504618359050993694	2026-05-14T22:56:11Z	1211675521671241798	matitoxx1		No
1504618157120426117	2026-05-14T22:55:23Z	1411278630113247286	zunabaro		shoo
1504618144398835872	2026-05-14T22:55:20Z	1411278630113247286	zunabaro		17 more minutes of sleep then
1504618074396033205	2026-05-14T22:55:03Z	1211675521671241798	matitoxx1		Its 1:53 if that makes you feel better
1504617979374080010	2026-05-14T22:54:40Z	1411278630113247286	zunabaro		that is a good reason\nyou should go sleep
1504617948923301981	2026-05-14T22:54:33Z	1211675521671241798	matitoxx1		I traveled
1504617919697387561	2026-05-14T22:54:26Z	1211675521671241798	matitoxx1		Its 2 am dude
1504617901792170015	2026-05-14T22:54:22Z	1211675521671241798	matitoxx1		Idk
1504617772322263171	2026-05-14T22:53:51Z	1411278630113247286	zunabaro	1504617730035290132	how XD
1504617730035290132	2026-05-14T22:53:41Z	1211675521671241798	matitoxx1	1504617596690104403	Wait i read this as say no
1504617689690406914	2026-05-14T22:53:31Z	1411278630113247286	zunabaro		konnichiwa xd
1504617663899373619	2026-05-14T22:53:25Z	1211675521671241798	matitoxx1		No
1504617646019055778	2026-05-14T22:53:21Z	1211675521671241798	matitoxx1		https://tenor.com/view/halo-halo-infinite-halo-the-series-xbox-microsoft-gif-24697176
1504617596690104403	2026-05-14T22:53:09Z	1411278630113247286	zunabaro		wait, no
1504617574409830573	2026-05-14T22:53:04Z	1411278630113247286	zunabaro		sayanora
1504617540704276512	2026-05-14T22:52:56Z	1211675521671241798	matitoxx1		Halo
1504617511008600155	2026-05-14T22:52:49Z	1411278630113247286	zunabaro		hallo
1504617496593043498	2026-05-14T22:52:45Z	1211675521671241798	matitoxx1		Hello
1504617464498225253	2026-05-14T22:52:37Z	1411278630113247286	zunabaro		hello
1504617284071854181	2026-05-14T22:51:54Z	1211675521671241798	matitoxx1		Hi
1504581520202010655	2026-05-14T20:29:48Z	955864224092012644	moonguyyy		🌟 Space fact of the day 1168!\nThe Pioneer plaque uses the hydrogen atom’s spin-flip transition as a universal unit of measurement because hydrogen is the most abundant element in the universe.\n<@&1496984862274486383>
1504564203783196853	2026-05-14T19:20:59Z	352018607498199051	ag101		"You didn't keep track of significant figures"\n...
1504563231447060561	2026-05-14T19:17:07Z	352018607498199051	ag101		Sooo I'm basically giving them a zero in everything related to that
1504562914672250923	2026-05-14T19:15:52Z	352018607498199051	ag101		also the main instructor for the subject refused to do anything about it
1504562824289058836	2026-05-14T19:15:30Z	352018607498199051	ag101		Like bro
1504562786876002415	2026-05-14T19:15:21Z	352018607498199051	ag101		then he gave us zeros in those labs telling us we didn't submit the stuff we were supposed to
1504562613974208776	2026-05-14T19:14:40Z	352018607498199051	ag101		I asked if i have to submit anything, they said only one of the team should
1504562483581550704	2026-05-14T19:14:09Z	352018607498199051	ag101		why? because the fucking TAs refused to tell us what we are supposed to do
1504562421048676452	2026-05-14T19:13:54Z	352018607498199051	ag101		i got zeros on 3 labs which amounts to about 15% of the grade
1504562256426438868	2026-05-14T19:13:15Z	352018607498199051	ag101		i don't know if they even do anything with the survey but it feels good to give some of the instructors what they deserve
1504561986711715908	2026-05-14T19:12:11Z	352018607498199051	ag101		man i love end of semester surveys
1504524278954066051	2026-05-14T16:42:20Z	1470339718704005185	uberykyk		
1504520145899622542	2026-05-14T16:25:55Z	896953469808832532	randomdudewhocodes		
1504512545325846598	2026-05-14T15:55:43Z	905201120182403092	frederickampsupcodes		https://www.youtube.com/watch?v=AcRJEi0iv3c
1504470657994592256	2026-05-14T13:09:16Z	1144349470704795749	tofife.		what did he doooo?
1504453194573676756	2026-05-14T11:59:52Z	896953469808832532	randomdudewhocodes		
1504448369567731733	2026-05-14T11:40:42Z	955720868103876649	dragondev22		part of the lizard society now, or aliens
1504442606598492302	2026-05-14T11:17:48Z	806180625991335966	walnutty2		fr haha
1504442131790696619	2026-05-14T11:15:55Z	896953469808832532	randomdudewhocodes		you look like mark zuckerburg now lol
1504441945609470102	2026-05-14T11:15:11Z	896953469808832532	randomdudewhocodes		
1504435650169016461	2026-05-14T10:50:10Z	806180625991335966	walnutty2		i promise
1504435625271758890	2026-05-14T10:50:04Z	806180625991335966	walnutty2		right now
1504435605323518074	2026-05-14T10:49:59Z	806180625991335966	walnutty2		fr that's me guys
1504435557487480914	2026-05-14T10:49:47Z	896953469808832532	randomdudewhocodes		
1504433193783267408	2026-05-14T10:40:24Z	896953469808832532	randomdudewhocodes		not what i want though
1504433169238200322	2026-05-14T10:40:18Z	896953469808832532	randomdudewhocodes	1492114902679158856	nice
1504432582018994227	2026-05-14T10:37:58Z	367334632515043329	guahlg		you should be able to find it somewhere here
1504432491463835729	2026-05-14T10:37:36Z	896953469808832532	randomdudewhocodes	1504432095009832960	can i get the og image? :)
1504432095009832960	2026-05-14T10:36:02Z	367334632515043329	guahlg		https://cdn.discordapp.com/attachments/1367116390728994931/1495709888855150642/caption.fc60a951.gif
1504432052039319584	2026-05-14T10:35:52Z	367334632515043329	guahlg		fr
1504432005780213831	2026-05-14T10:35:41Z	896953469808832532	randomdudewhocodes	1504431643358658611	stop lyin lil bro
1504431643358658611	2026-05-14T10:34:14Z	806180625991335966	walnutty2	1504431367092703253	alr lol already found them but lowkey gotta go to the us so can't have em ✌️
1504431497484963872	2026-05-14T10:33:39Z	806180625991335966	walnutty2	1504430189847904369	how are those unexpected tho lol
1504431367092703253	2026-05-14T10:33:08Z	896953469808832532	randomdudewhocodes	1504425765742317669	i doubt that you can find a gf in less than... 20 years
1504430595261071471	2026-05-14T10:30:04Z	896953469808832532	randomdudewhocodes		bro doesn’t even care about the vc anymore :)
1504430500364943451	2026-05-14T10:29:42Z	896953469808832532	randomdudewhocodes	1504430189847904369	did you mean underated? :)
1504430189847904369	2026-05-14T10:28:28Z	367334632515043329	guahlg		wow. unexpected walnutty statements
1504426183104790598	2026-05-14T10:12:32Z	806180625991335966	walnutty2		okay bud, after 18 I mean of course
1504426126825619526	2026-05-14T10:12:19Z	896953469808832532	randomdudewhocodes	1504425829462053005	perverts be like
1504425829462053005	2026-05-14T10:11:08Z	806180625991335966	walnutty2		the earlier the better lowkey
1504425765742317669	2026-05-14T10:10:53Z	806180625991335966	walnutty2		i lowkey hate this family ngl, gonna create a so much better one in a few years
1504425694590140526	2026-05-14T10:10:36Z	806180625991335966	walnutty2		bro it's literally 12:10 and my sister is till in her pajamas
1504410265050021919	2026-05-14T09:09:17Z	367334632515043329	guahlg		He literally randomly asked how frequentely I watched programming videos lol. I answered that I used to watch such videos around 2-3 hours per day and he immediately answered: That's what I thought. I said that I agreed and therefore had quited watching yt videos months ago. He was just so weird and always tried to insult me in different ways. Avoid bad people guys.
1504409024530223204	2026-05-14T09:04:22Z	367334632515043329	guahlg		He was also just very arrogant and used insults more than actual facts
1504408884746518678	2026-05-14T09:03:48Z	367334632515043329	guahlg		So I think he is genuinely crazy or just delusional
1504408810054225971	2026-05-14T09:03:30Z	367334632515043329	guahlg		He also said that bash syntax was totally fine
1504408764344963142	2026-05-14T09:03:19Z	367334632515043329	guahlg		yeaaaahhh...
1504398350248841307	2026-05-14T08:21:57Z	958707616048115716	notcl4y	1504374624945700895	Ok, std::pair<int, std::map<std::string, std::shared_ptr<std::array<std::string>>>>
1504374624945700895	2026-05-14T06:47:40Z	367334632515043329	guahlg		Just debated with so arrogant C++ user who started critizising me as soon as I mentioned rust
1504351930531577946	2026-05-14T05:17:29Z	429457053791158281	Nekotina	1504201532915191959	
1504351658350739456	2026-05-14T05:16:24Z	896953469808832532	randomdudewhocodes	1504188327585124453	<@352018607498199051>
1504338376764035082	2026-05-14T04:23:38Z	367334632515043329	guahlg		Yeah I have no idea.
1504335932793290755	2026-05-14T04:13:55Z	433780070327255051	chromosoze		If you also have no idea just tell me
1504335132000256010	2026-05-14T04:10:44Z	433780070327255051	chromosoze		<@367334632515043329> ok in rain world level editor code there are two types of pixel-modifying/generating effects that can be applied to the level render: "standardErosion" and "nn". "nn" is used by most effect types and usually custom code is written for the processing of "nn" types. "standardErosion" applies a standard drooping effect that can be configured by simply changing parameters\n\nSo my question is, in case it's a swedish phrase, what is nn supposed to mean/stand for?
1504327613005693008	2026-05-14T03:40:51Z	367334632515043329	guahlg		gm
1504305246737010759	2026-05-14T02:11:59Z	896953469808832532	randomdudewhocodes	1504221269082767413	that’s unsettling
1504243290919141428	2026-05-13T22:05:48Z	1411278630113247286	zunabaro		<@&1502325861666525214> we no longer need to sacrifice you. the first sacrifice did actually work, just took some time
1504226382874542110	2026-05-13T20:58:36Z	1062750422663712769	hamster332		wait whaaa
1504221269082767413	2026-05-13T20:38:17Z	955864224092012644	moonguyyy		🌟 Space fact of the day 1167!\nThe pulsar map on the Pioneer plaque was designed so aliens could theoretically locate the Sun by comparing pulsar rotation periods.\n<@&1496984862274486383>
1504211787615178860	2026-05-13T20:00:37Z	958707616048115716	notcl4y		Shat.
1504208211925012651	2026-05-13T19:46:24Z	352018607498199051	ag101		https://tenor.com/view/the-office-stanley-did-i-stutter-sarcasm-gif-3537210
1504208078441152552	2026-05-13T19:45:52Z	958707616048115716	notcl4y		shat.
1504207959641559100	2026-05-13T19:45:24Z	352018607498199051	ag101	1504207112207863959	shat?
1504207454261612635	2026-05-13T19:43:23Z	352018607498199051	ag101	1504204744493633688	because discord keeps adjusting my mic to be on 20%
1504207112207863959	2026-05-13T19:42:02Z	958707616048115716	notcl4y		spirit names we shat out loud
1504206693641228358	2026-05-13T19:40:22Z	958707616048115716	notcl4y		https://tenor.com/view/kiegkillsreality-team-fortress-2-tf2-valve-invincible-gif-2057945886354619278
1504204765268148396	2026-05-13T19:32:42Z	433780070327255051	chromosoze		Your accent works well with the song
1504204744493633688	2026-05-13T19:32:37Z	433780070327255051	chromosoze		why so quiet. You gotta let your whole inner insane-possibly-a hallucination banana advertiser out! RAHH!!!
1504201666222751924	2026-05-13T19:20:23Z	352018607498199051	ag101		
1504201532915191959	2026-05-13T19:19:52Z	352018607498199051	ag101		
1504200311546576957	2026-05-13T19:15:00Z	433780070327255051	chromosoze		
1504200184626806934	2026-05-13T19:14:30Z	433780070327255051	chromosoze	1504192376728588459	I knew there mustve been lore
1504198301954740354	2026-05-13T19:07:01Z	352018607498199051	ag101		benny how does that make you feel
1504198267821359225	2026-05-13T19:06:53Z	352018607498199051	ag101		benny is swan that much of a creep
1504198178621096096	2026-05-13T19:06:32Z	352018607498199051	ag101		why is swan everything
1504198151030964287	2026-05-13T19:06:25Z	1224092626370957423	Benny		🦢
1504198150045437992	2026-05-13T19:06:25Z	352018607498199051	ag101		benny who loves bananas
1504198090398109726	2026-05-13T19:06:11Z	1224092626370957423	Benny		^^)
1504198089022505192	2026-05-13T19:06:11Z	352018607498199051	ag101		benny who confirmed his banana
1504198052439920851	2026-05-13T19:06:02Z	352018607498199051	ag101		benny is this true
1504198049369423932	2026-05-13T19:06:01Z	896953469808832532	randomdudewhocodes	1504198010416926830	average
1504198010416926830	2026-05-13T19:05:52Z	429457053791158281	Nekotina		
1504198009406230618	2026-05-13T19:05:52Z	352018607498199051	ag101		benny how does it make you feel
1504197993602220174	2026-05-13T19:05:48Z	352018607498199051	ag101		benny do you approve of this
1504197948848738404	2026-05-13T19:05:37Z	958707616048115716	notcl4y		The uranus
1504197785745096918	2026-05-13T19:04:58Z	352018607498199051	ag101		what was it called
1504197777352298536	2026-05-13T19:04:56Z	352018607498199051	ag101		tab
1504197755504168990	2026-05-13T19:04:51Z	352018607498199051	ag101		on the same workspace
1504197704652165156	2026-05-13T19:04:39Z	352018607498199051	ag101		open
1504197702794219603	2026-05-13T19:04:38Z	352018607498199051	ag101		20 windows
1504197682087071834	2026-05-13T19:04:34Z	352018607498199051	ag101		why do i have 1
1504197672217870539	2026-05-13T19:04:31Z	352018607498199051	ag101		i forgor what i was doing ngl
1504197451374919762	2026-05-13T19:03:39Z	958707616048115716	notcl4y		Fred just has that much charisma
1504197337696829601	2026-05-13T19:03:11Z	905201120182403092	frederickampsupcodes	1504194763912380627	Benny wtf
1504197224698089542	2026-05-13T19:02:45Z	958707616048115716	notcl4y		but can't find it
1504197199138000989	2026-05-13T19:02:38Z	958707616048115716	notcl4y	1504196861123100764	reminds me of that comic with the guy saying something to the computer, computer outputs, and the guy says "holy shit"
1504197056896569354	2026-05-13T19:02:04Z	352018607498199051	ag101		ok 😭
1504197011317063792	2026-05-13T19:01:54Z	1224092626370957423	Benny		🦢
1504197010566287410	2026-05-13T19:01:53Z	352018607498199051	ag101		benny who verified it?
1504196977850585210	2026-05-13T19:01:46Z	352018607498199051	ag101		benny is this true
1504196861123100764	2026-05-13T19:01:18Z	352018607498199051	ag101		holy shit
1504196841368190987	2026-05-13T19:01:13Z	1224092626370957423	Benny		89
1504196839560319176	2026-05-13T19:01:13Z	352018607498199051	ag101		benny how many cms is moonguy's banana
1504196794245185649	2026-05-13T19:01:02Z	352018607498199051	ag101		i should've specified a measurement
1504196739882815588	2026-05-13T19:00:49Z	1224092626370957423	Benny		30%
1504196738838167773	2026-05-13T19:00:49Z	352018607498199051	ag101		benny how long is moonguy's banana
1504196707062251680	2026-05-13T19:00:41Z	1224092626370957423	Benny		71%
1504196705246117909	2026-05-13T19:00:41Z	958707616048115716	notcl4y		benny how likely
1504196688372568094	2026-05-13T19:00:37Z	352018607498199051	ag101		random number generator
1504196638665867444	2026-05-13T19:00:25Z	955864224092012644	moonguyyy		Who is typing with benny?
1504196637524889712	2026-05-13T19:00:25Z	352018607498199051	ag101		ai benny isn't on rn one sec
1504196623616704613	2026-05-13T19:00:21Z	955864224092012644	moonguyyy		BENNY IS FAKE
1504196606201954454	2026-05-13T19:00:17Z	955864224092012644	moonguyyy		Benny hi
1504196590754074745	2026-05-13T19:00:13Z	955864224092012644	moonguyyy		hi
1504196586492924046	2026-05-13T19:00:12Z	955864224092012644	moonguyyy		<@1224092626370957423>
1504196567903764610	2026-05-13T19:00:08Z	955864224092012644	moonguyyy	1504195100518121583	uh oh 😭
1504196557661274251	2026-05-13T19:00:05Z	1224092626370957423	Benny		Grx65
1504196555635425329	2026-05-13T19:00:05Z	352018607498199051	ag101		benny who something something
1504196481505169591	2026-05-13T18:59:47Z	352018607498199051	ag101		i barely know any of these
1504196440585404588	2026-05-13T18:59:38Z	1224092626370957423	Benny		kan
1504196438718943283	2026-05-13T18:59:37Z	352018607498199051	ag101		benny who is a secret hacker
1504196368980381747	2026-05-13T18:59:20Z	1224092626370957423	Benny		milham
1504196367235678438	2026-05-13T18:59:20Z	352018607498199051	ag101		benny who should i be afraid of
1504196270493794442	2026-05-13T18:58:57Z	1411278630113247286	zunabaro	1504195764547489842	what
1504196121885540583	2026-05-13T18:58:22Z	352018607498199051	ag101		idk its just the python default one
1504196081691656213	2026-05-13T18:58:12Z	896953469808832532	randomdudewhocodes	1504196035239477369	can i see it?
1504196035239477369	2026-05-13T18:58:01Z	352018607498199051	ag101		the random number generator might not be the best
1504195974753554462	2026-05-13T18:57:46Z	896953469808832532	randomdudewhocodes		hmm... i feel like he’s just looping through a couple of names
1504195961738625225	2026-05-13T18:57:43Z	1224092626370957423	Benny		uncloudy (yesthunder)
1504195960769744976	2026-05-13T18:57:43Z	352018607498199051	ag101		benny who would you eat
1504195902498144266	2026-05-13T18:57:29Z	1224092626370957423	Benny		Taggen09
1504195900862632076	2026-05-13T18:57:29Z	352018607498199051	ag101		benny who would you torture
1504195836228145213	2026-05-13T18:57:13Z	1224092626370957423	Benny		yesthunder
1504195829530103899	2026-05-13T18:57:12Z	352018607498199051	ag101		benny who hates you
1504195792783540256	2026-05-13T18:57:03Z	1224092626370957423	Benny		desi🍐🍐
1504195792053735626	2026-05-13T18:57:03Z	352018607498199051	ag101		benny who do you hate
1504195764547489842	2026-05-13T18:56:56Z	1224092626370957423	Benny		Zunabaro
1504195763087872050	2026-05-13T18:56:56Z	352018607498199051	ag101		benny who do you love
1504195736328343622	2026-05-13T18:56:50Z	896953469808832532	randomdudewhocodes		bro thinks he’s a pokemon 🥀
1504195645727310044	2026-05-13T18:56:28Z	1224092626370957423	Benny		Benny
1504195644729065633	2026-05-13T18:56:28Z	896953469808832532	randomdudewhocodes		benny who
1504195630719828068	2026-05-13T18:56:24Z	1224092626370957423	Benny		desi🍐🍐
1504195629725777951	2026-05-13T18:56:24Z	896953469808832532	randomdudewhocodes		benny who
1504195620087398540	2026-05-13T18:56:22Z	1224092626370957423	Benny		Grx65
1504195618556477460	2026-05-13T18:56:22Z	896953469808832532	randomdudewhocodes		benny who
1504195609802838249	2026-05-13T18:56:19Z	1224092626370957423	Benny		RestitutorOrbis
1504195608557392063	2026-05-13T18:56:19Z	896953469808832532	randomdudewhocodes		benny who
1504195600235892788	2026-05-13T18:56:17Z	1224092626370957423	Benny		Lauren.T
1504195599304622106	2026-05-13T18:56:17Z	896953469808832532	randomdudewhocodes		benny who
1504195590014238870	2026-05-13T18:56:15Z	1224092626370957423	Benny		uncloudy (yesthunder)
1504195588999352521	2026-05-13T18:56:15Z	896953469808832532	randomdudewhocodes		benny who
1504195575892152404	2026-05-13T18:56:11Z	1224092626370957423	Benny		xpiercefire
1504195574738587778	2026-05-13T18:56:11Z	896953469808832532	randomdudewhocodes		benny who
1504195555675344926	2026-05-13T18:56:07Z	1224092626370957423	Benny		FrederickAmpsUp
1504195554526236773	2026-05-13T18:56:06Z	896953469808832532	randomdudewhocodes		benny who
1504195509886390292	2026-05-13T18:55:56Z	1224092626370957423	Benny		guahlg
1504195508128845834	2026-05-13T18:55:55Z	896953469808832532	randomdudewhocodes		benny who
1504195409659301910	2026-05-13T18:55:32Z	1224092626370957423	Benny		Barça Otter
1504195408115667006	2026-05-13T18:55:31Z	896953469808832532	randomdudewhocodes		benny who is benny
1504195250577477712	2026-05-13T18:54:54Z	352018607498199051	ag101		this server sure has some weird names
1504195238523310250	2026-05-13T18:54:51Z	896953469808832532	randomdudewhocodes	1504195171665969192	benny then what is it?
1504195209808838730	2026-05-13T18:54:44Z	1224092626370957423	Benny		TarkusArkusarkusar
1504195208932491435	2026-05-13T18:54:44Z	352018607498199051	ag101		benny who should fear you
1504195171665969192	2026-05-13T18:54:35Z	896953469808832532	randomdudewhocodes		benny is that because of the cancer thing? :(
1504195151004827791	2026-05-13T18:54:30Z	352018607498199051	ag101		benny you liar
1504195100518121583	2026-05-13T18:54:18Z	352018607498199051	ag101		<@955864224092012644> benny is after you, better be careful
1504195057819979937	2026-05-13T18:54:08Z	896953469808832532	randomdudewhocodes		omg
1504195032784310324	2026-05-13T18:54:02Z	1224092626370957423	Benny		MoonGuyyy
1504195030829502597	2026-05-13T18:54:01Z	352018607498199051	ag101		benny who would you murder
1504195016200032306	2026-05-13T18:53:58Z	352018607498199051	ag101		how would you even smash a mace
1504194943907008594	2026-05-13T18:53:41Z	896953469808832532	randomdudewhocodes		valid
1504194935945957377	2026-05-13T18:53:39Z	896953469808832532	randomdudewhocodes		you can smash a mace yeah
1504194872029085736	2026-05-13T18:53:24Z	1224092626370957423	Benny		mace
1504194871077109821	2026-05-13T18:53:23Z	352018607498199051	ag101		benny who would you smash 10 times
1504194864533737513	2026-05-13T18:53:22Z	896953469808832532	randomdudewhocodes	1504194818195329096	benny wants to smash you
1504194829997838437	2026-05-13T18:53:14Z	1224092626370957423	Benny		Lauren.T
1504194828202803272	2026-05-13T18:53:13Z	352018607498199051	ag101		benny who would you pass
1504194818195329096	2026-05-13T18:53:11Z	896953469808832532	randomdudewhocodes	1504194763912380627	<@905201120182403092>
1504194790604931263	2026-05-13T18:53:04Z	896953469808832532	randomdudewhocodes		anyway, he’s hmgoung with me :)
1504194763912380627	2026-05-13T18:52:58Z	1224092626370957423	Benny		Fred
1504194761773547722	2026-05-13T18:52:57Z	352018607498199051	ag101		benny who would you smash
1504194708488851749	2026-05-13T18:52:45Z	352018607498199051	ag101		oh lmao
1504194686267560006	2026-05-13T18:52:39Z	896953469808832532	randomdudewhocodes		someone’s name is swan
1504194640822145054	2026-05-13T18:52:28Z	896953469808832532	randomdudewhocodes		ohhhhh
1504194619334725632	2026-05-13T18:52:23Z	1224092626370957423	Benny		jules
1504194617543884892	2026-05-13T18:52:23Z	896953469808832532	randomdudewhocodes		benny who would you do that with
1504194579526586529	2026-05-13T18:52:14Z	352018607498199051	ag101		why emoji
1504194540855234831	2026-05-13T18:52:05Z	352018607498199051	ag101	1504194352128331857	like actually what??
1504194524564426853	2026-05-13T18:52:01Z	896953469808832532	randomdudewhocodes		benny are you going to go with me?
1504194368716931214	2026-05-13T18:51:24Z	352018607498199051	ag101		what???
1504194352128331857	2026-05-13T18:51:20Z	1224092626370957423	Benny		🦢
1504194350760984747	2026-05-13T18:51:19Z	352018607498199051	ag101		benny who would you do that with
1504194307215720569	2026-05-13T18:51:09Z	896953469808832532	randomdudewhocodes		:(
1504194281382875316	2026-05-13T18:51:03Z	352018607498199051	ag101		benny are you sure
1504194253558124634	2026-05-13T18:50:56Z	896953469808832532	randomdudewhocodes		benny is this sound good to you?
1504194173924806816	2026-05-13T18:50:37Z	896953469808832532	randomdudewhocodes		so we can go and have more personal time together
1504194045004742777	2026-05-13T18:50:06Z	896953469808832532	randomdudewhocodes		let me rent a hotel
1504193996426313738	2026-05-13T18:49:55Z	896953469808832532	randomdudewhocodes		nice :)
1504193965694521496	2026-05-13T18:49:47Z	896953469808832532	randomdudewhocodes		benny is everything okay?
1504193886988275784	2026-05-13T18:49:29Z	896953469808832532	randomdudewhocodes		benny, you should feel my chest :)
1504193799935754310	2026-05-13T18:49:08Z	352018607498199051	ag101		what
1504193776887791798	2026-05-13T18:49:02Z	352018607498199051	ag101		benny how did that make you feel
1504193734961660069	2026-05-13T18:48:52Z	352018607498199051	ag101		he ain't
1504193715051429889	2026-05-13T18:48:48Z	352018607498199051	ag101		benny is you
1504193698974400733	2026-05-13T18:48:44Z	352018607498199051	ag101		benny will you
1504193658122141877	2026-05-13T18:48:34Z	896953469808832532	randomdudewhocodes		feel my chest benny
1504193628786917447	2026-05-13T18:48:27Z	352018607498199051	ag101		ok damn
1504193606955700366	2026-05-13T18:48:22Z	352018607498199051	ag101		what feel you benny?
1504193582892978237	2026-05-13T18:48:16Z	352018607498199051	ag101		benny 15% of what feeling?
1504193534930980875	2026-05-13T18:48:05Z	1224092626370957423	Benny		15%
1504193532683091988	2026-05-13T18:48:04Z	896953469808832532	randomdudewhocodes		benny how is life?
1504193514374828174	2026-05-13T18:48:00Z	352018607498199051	ag101		i forgor he can use animated emojeis
1504193458804363397	2026-05-13T18:47:47Z	352018607498199051	ag101		benny how do you feel
1504193402659537067	2026-05-13T18:47:33Z	352018607498199051	ag101		benny are you
1504193388008706330	2026-05-13T18:47:30Z	352018607498199051	ag101		benny you're 87% confused?
1504193351732166696	2026-05-13T18:47:21Z	896953469808832532	randomdudewhocodes		good
1504193319419514940	2026-05-13T18:47:13Z	1224092626370957423	Benny		87%
1504193317829607617	2026-05-13T18:47:13Z	896953469808832532	randomdudewhocodes		benny how are you
1504193238293151745	2026-05-13T18:46:54Z	1224092626370957423	Benny		49%
1504193236753846373	2026-05-13T18:46:54Z	352018607498199051	ag101		benny how confused is bro rn
1504193204071698704	2026-05-13T18:46:46Z	896953469808832532	randomdudewhocodes		lol
1504193170932629684	2026-05-13T18:46:38Z	352018607498199051	ag101		benny is this an impasta
1504193145405968625	2026-05-13T18:46:32Z	896953469808832532	randomdudewhocodes		what
1504193106071781469	2026-05-13T18:46:23Z	1224092626370957423	Benny		RestitutorOrbis
1504193103995863111	2026-05-13T18:46:22Z	352018607498199051	ag101		benny who is yi lon ma
1504193057439088691	2026-05-13T18:46:11Z	896953469808832532	randomdudewhocodes	1504192943106556124	no, i’m yi lon ma
1504192943106556124	2026-05-13T18:45:44Z	352018607498199051	ag101		what are you elon musk
1504192907996037231	2026-05-13T18:45:35Z	1224092626370957423	Benny		Grx65
1504192906267852821	2026-05-13T18:45:35Z	352018607498199051	ag101		benny who is ARG's secret son
1504192801485881464	2026-05-13T18:45:10Z	896953469808832532	randomdudewhocodes		it’s like seeing a lobotomy in front of my own eyes
1504192720829415566	2026-05-13T18:44:51Z	352018607498199051	ag101		that's rough
1504192613274882172	2026-05-13T18:44:25Z	1224092626370957423	Benny		Buffoon
1504192612217786379	2026-05-13T18:44:25Z	352018607498199051	ag101		benny who are you unkind to
1504192575651713116	2026-05-13T18:44:16Z	352018607498199051	ag101		benny are you unkind today
1504192531183702066	2026-05-13T18:44:05Z	352018607498199051	ag101		benny are you kind today
1504192505988780125	2026-05-13T18:43:59Z	352018607498199051	ag101		benny can you hire a hitman to kill him because of the false
1504192447134040137	2026-05-13T18:43:45Z	352018607498199051	ag101		benny is this true
1504192376728588459	2026-05-13T18:43:29Z	896953469808832532	randomdudewhocodes	1504191085289668678	let me tell you a tale... once upon a time, or more precisely, some ten hours ago, a strange omen appeared: “yes autocomplete, i definitely meant to write circumcise instead of circumlocute.” and i, being a scholar of immeasurable wisdom and questionable judgment, replied: “please... circumlocute ur peen :(” to which he, swift as a mischievous forest sprite, answered only: “no u.” and thus, by forces neither mortal nor sane could hope to comprehend, this very message came into existence.
1504192281257971925	2026-05-13T18:43:06Z	1224092626370957423	Benny		99
1504192280045555832	2026-05-13T18:43:06Z	352018607498199051	ag101		benny how many cms is my banana
1504192145983012935	2026-05-13T18:42:34Z	352018607498199051	ag101		what
1504192117839495411	2026-05-13T18:42:27Z	1224092626370957423	Benny		97%
1504192116824473743	2026-05-13T18:42:27Z	352018607498199051	ag101		benny how long is my banana
1504192076563218642	2026-05-13T18:42:17Z	352018607498199051	ag101		benny is it
1504192055465869312	2026-05-13T18:42:12Z	352018607498199051	ag101	1504190270240063678	benny was this a lie
1504191843963764757	2026-05-13T18:41:22Z	1224092626370957423	Benny		13
1504191843221635082	2026-05-13T18:41:21Z	352018607498199051	ag101		benny how many cms is chromosoze's banana
1504191837907194069	2026-05-13T18:41:20Z	433780070327255051	chromosoze		benny are you As was mentioned, OpenGL doesn't provide this capability, and the workaround we use only works on Windows. Even providing a GPU selector isn't feasible unless we port the game to Vulkan.\nAs was mentioned, OpenGL doesn't provide this capability, and the workaround we use only works on Windows. Even providing a GPU selector isn't feasible unless we port the game to Vulkan.\nAs was mentioned, OpenGL doesn't provide this capability, and the workaround we use only works on Windows. Even providing a GPU selector isn't feasible unless we port the game to Vulkan.
1504191733477413087	2026-05-13T18:40:55Z	433780070327255051	chromosoze		benny are <:what:1466118128747417858> <:wiggly:1466117448787820666> <:what:1466118128747417858> <:vicious_caterpillar:1495303273538654349> <:vicious_caterpillar:1495303273538654349>
1504191641127489566	2026-05-13T18:40:33Z	352018607498199051	ag101		benny are you even alive
1504191626761863168	2026-05-13T18:40:30Z	352018607498199051	ag101		benny what amount
1504191609124688043	2026-05-13T18:40:26Z	352018607498199051	ag101		benny what percentage
1504191595107581994	2026-05-13T18:40:22Z	352018607498199051	ag101		i can't remember the trigger still
1504191567672508667	2026-05-13T18:40:16Z	352018607498199051	ag101		benny what amount of cms is random guy's banana
1504191454338093066	2026-05-13T18:39:49Z	1411278630113247286	zunabaro	1504183049246736565	... that was not intentional lol
1504191085289668678	2026-05-13T18:38:21Z	433780070327255051	chromosoze		whyd you write it
1504191042109313176	2026-05-13T18:38:10Z	896953469808832532	randomdudewhocodes		i just like to plaster it lol
1504191041023246507	2026-05-13T18:38:10Z	433780070327255051	chromosoze		why
1504190977609433108	2026-05-13T18:37:55Z	896953469808832532	randomdudewhocodes	1504190941655994528	i wrote it
1504190941655994528	2026-05-13T18:37:47Z	433780070327255051	chromosoze		i thought you wrote it up on the spot
1504190901579415713	2026-05-13T18:37:37Z	433780070327255051	chromosoze	1504190145426096278	is this a copypasta
1504190649539236041	2026-05-13T18:36:37Z	896953469808832532	randomdudewhocodes	1504190556169830491	what did you do to him?
1504190556169830491	2026-05-13T18:36:15Z	352018607498199051	ag101		i would get benny to help but idfk what happened to him
1504190418961694802	2026-05-13T18:35:42Z	352018607498199051	ag101		https://tenor.com/view/anime-heart-attack-gif-13702373133938316272
1504190303836307568	2026-05-13T18:35:14Z	896953469808832532	randomdudewhocodes		LMAO
1504190270240063678	2026-05-13T18:35:06Z	429457053791158281	Nekotina		
1504190223331102900	2026-05-13T18:34:55Z	352018607498199051	ag101	1504189939837833317	do me
1504190145426096278	2026-05-13T18:34:37Z	896953469808832532	randomdudewhocodes		i am in possession of an absurdly and almost impractically elongated phallus, a fact which shall soon become distressingly relevant to your household. in due time, i intend to introduce ur mom to its full and terrible magnitude. i strongly advise you to mentally and emotionally prepare yourself for the inevitable restructuring of your family hierarchy, because you may shortly find yourself addressing me as your newly appointed father
1504190031982497802	2026-05-13T18:34:10Z	352018607498199051	ag101		damn
1504189998583386263	2026-05-13T18:34:02Z	896953469808832532	randomdudewhocodes		that’s the truth :)
1504189939837833317	2026-05-13T18:33:48Z	429457053791158281	Nekotina		
1504189857990180966	2026-05-13T18:33:28Z	896953469808832532	randomdudewhocodes	1504189824565903651	lol
1504189824565903651	2026-05-13T18:33:20Z	429457053791158281	Nekotina		
1504189823454281848	2026-05-13T18:33:20Z	352018607498199051	ag101		i'll also compile the linux kernel because why not
1504189776822013954	2026-05-13T18:33:09Z	352018607498199051	ag101		was a good break though
1504189733335470232	2026-05-13T18:32:58Z	352018607498199051	ag101		anyways i'll try to study a bit because i wasted too much time talking here
1504189559171321896	2026-05-13T18:32:17Z	352018607498199051	ag101		like it doesn't have access to any server perms only execute commands
1504189500870361198	2026-05-13T18:32:03Z	352018607498199051	ag101		in theory i could bring benny everywhere as an app attached to my user but he'd only be able to do the command i give it
1504189372143239251	2026-05-13T18:31:32Z	352018607498199051	ag101		rather than servers
1504189353872855110	2026-05-13T18:31:28Z	352018607498199051	ag101	1504189132040306849	apps/bots can be linked to users
1504189303134224395	2026-05-13T18:31:16Z	352018607498199051	ag101		with my keyboard binds things
1504189255931658281	2026-05-13T18:31:05Z	352018607498199051	ag101		i meant to do caps+b i think which is the same as ctrl+left
1504189193063239843	2026-05-13T18:30:50Z	352018607498199051	ag101		oh caps+v i have caps to be ctrl if i hold it
1504189132040306849	2026-05-13T18:30:35Z	1350358926868086836	ocelotman_		how tf is nekotina here
1504189057453002925	2026-05-13T18:30:17Z	352018607498199051	ag101		why did it paste
1504189044161249402	2026-05-13T18:30:14Z	352018607498199051	ag101	1504188883242455142	at least now i know its probably not the plugin i'm using that's causing it to be ogg
1504189034111701164	2026-05-13T18:30:12Z	1350358926868086836	ocelotman_		neko ask que haces aca
1504189009742794862	2026-05-13T18:30:06Z	896953469808832532	randomdudewhocodes		they’re both ogg
1504188971507388519	2026-05-13T18:29:57Z	896953469808832532	randomdudewhocodes		why i can hear this but not that???
1504188930872836297	2026-05-13T18:29:47Z	896953469808832532	randomdudewhocodes		why?
1504188922350145718	2026-05-13T18:29:45Z	896953469808832532	randomdudewhocodes		still ogg
1504188883242455142	2026-05-13T18:29:36Z	429457053791158281	Nekotina	1504184134120116376	
1504188826070024382	2026-05-13T18:29:22Z	1350358926868086836	ocelotman_		tal y tal fulano
1504188778468610129	2026-05-13T18:29:11Z	896953469808832532	randomdudewhocodes		let me try downloading the ones that i can hear…
1504188763234893976	2026-05-13T18:29:07Z	352018607498199051	ag101	1504187746422493367	i sometimes feel like foolan is similar to code foobar but they are probably not the same origin
1504188590622769233	2026-05-13T18:28:26Z	1350358926868086836	ocelotman_		and so is my excuse to have relapsed lol
1504188539364180008	2026-05-13T18:28:14Z	1350358926868086836	ocelotman_		nath is GONE
1504188517155209266	2026-05-13T18:28:08Z	1350358926868086836	ocelotman_		ok and with this i log off of discord byebye
1504188506539298949	2026-05-13T18:28:06Z	352018607498199051	ag101	1504188385009467404	oh yeah
1504188461685407886	2026-05-13T18:27:55Z	352018607498199051	ag101		that's not my normal voice
1504188443004239973	2026-05-13T18:27:51Z	352018607498199051	ag101	1504188327585124453	the quote sounds best in a nerdy voice
1504188385009467404	2026-05-13T18:27:37Z	1350358926868086836	ocelotman_		both languages couldve started with a common word that diverged in meaning yk
1504188329288138865	2026-05-13T18:27:24Z	1350358926868086836	ocelotman_		i mean the point is etymology doe
1504188327585124453	2026-05-13T18:27:23Z	896953469808832532	randomdudewhocodes	1504187685328257125	<@352018607498199051> i don’t sound that nerdy my dude. you have that “uhm actually ☝️🤓” voice :). i’ll record myself actually saying it tomorrow morning tho, i gotta sleep now
1504188205686325503	2026-05-13T18:26:54Z	352018607498199051	ag101		also tasa is pan not cup
1504188169191424196	2026-05-13T18:26:46Z	1350358926868086836	ocelotman_	1504187960298569789	🎡
1504187960298569789	2026-05-13T18:25:56Z	352018607498199051	ag101	1504187746422493367	wtf is naoora
1504187865826066644	2026-05-13T18:25:33Z	1350358926868086836	ocelotman_		<@352018607498199051> <@1211675521671241798>
1504187746422493367	2026-05-13T18:25:05Z	1350358926868086836	ocelotman_		
1504187727271170148	2026-05-13T18:25:00Z	367334632515043329	guahlg		gn
1504187685328257125	2026-05-13T18:24:50Z	896953469808832532	randomdudewhocodes		
1504187509624541295	2026-05-13T18:24:08Z	352018607498199051	ag101		interesting
1504187323410157739	2026-05-13T18:23:24Z	352018607498199051	ag101		why does discord use that
1504187273225310278	2026-05-13T18:23:12Z	352018607498199051	ag101		why's it an ogg?
1504187248814588114	2026-05-13T18:23:06Z	896953469808832532	randomdudewhocodes		really?
1504187236835393691	2026-05-13T18:23:03Z	896953469808832532	randomdudewhocodes		ogg?
1504187208549269554	2026-05-13T18:22:56Z	429457053791158281	Nekotina	1504187084070719508	
1504187201230082160	2026-05-13T18:22:55Z	352018607498199051	ag101		<:yaycat:1466118131377373532>
1504187153825927168	2026-05-13T18:22:43Z	352018607498199051	ag101		i know
1504187138881617960	2026-05-13T18:22:40Z	896953469808832532	randomdudewhocodes		i can’t hear it my dude
1504187106262519938	2026-05-13T18:22:32Z	352018607498199051	ag101		this is how you sound like
1504187084070719508	2026-05-13T18:22:27Z	352018607498199051	ag101		
1504186977900298371	2026-05-13T18:22:01Z	896953469808832532	randomdudewhocodes	1504186322498359337	I HAVE LIKE 3 OF THESE IN THE LAST HOUR BRO 😭
1504186514043572426	2026-05-13T18:20:11Z	352018607498199051	ag101		the pfp makes it all the better
1504186383764426804	2026-05-13T18:19:40Z	352018607498199051	ag101		i love taking things out of context
1504186326554247218	2026-05-13T18:19:26Z	896953469808832532	randomdudewhocodes		the loudest one wins
1504186322498359337	2026-05-13T18:19:25Z	352018607498199051	ag101		PEAK
1504186237928341636	2026-05-13T18:19:05Z	896953469808832532	randomdudewhocodes	1504186093128646656	you can go through every hole and try em
1504186093128646656	2026-05-13T18:18:31Z	352018607498199051	ag101		i just noticed i dont even know where exactly the mic part of the mic is, i can't talk loud in it
1504185788974235858	2026-05-13T18:17:18Z	896953469808832532	randomdudewhocodes	1504185527165780129	wtf am i supposed to do?
1504185665125089612	2026-05-13T18:16:48Z	352018607498199051	ag101		https://cdn.discordapp.com/attachments/1405453469032120340/1500748897738293298/i_like_to_-_randomdudewhocodes.gif
1504185600171835392	2026-05-13T18:16:33Z	896953469808832532	randomdudewhocodes		and i still can’t listen to ur recordings, great
1504185527165780129	2026-05-13T18:16:16Z	352018607498199051	ag101		thats not very dangerous of you
1504185443216916570	2026-05-13T18:15:56Z	896953469808832532	randomdudewhocodes	1504185353412542596	idk, the gif was stuttering for me
1504185353412542596	2026-05-13T18:15:34Z	352018607498199051	ag101		why'd you delete that and resend it
1504185290011447418	2026-05-13T18:15:19Z	896953469808832532	randomdudewhocodes	1504184134120116376	https://tenor.com/view/xqcow-discord-gif-17843723
1504184802989838536	2026-05-13T18:13:23Z	352018607498199051	ag101	1504184134120116376	
1504184239053082664	2026-05-13T18:11:08Z	1350358926868086836	ocelotman_		i gotta find the video comparing spanish and arabic
1504184139476111522	2026-05-13T18:10:45Z	433780070327255051	chromosoze		I dont mumble Bro see i can sing this
1504184134120116376	2026-05-13T18:10:43Z	433780070327255051	chromosoze		
1504183814828724284	2026-05-13T18:09:27Z	896953469808832532	randomdudewhocodes		so someone called the mumble expert to the rescue
1504183720171540510	2026-05-13T18:09:05Z	367334632515043329	guahlg	1504183658766925995	because you mumble
1504183719068696586	2026-05-13T18:09:05Z	896953469808832532	randomdudewhocodes	1504183658766925995	<@352018607498199051> mumbled
1504183716547919992	2026-05-13T18:09:04Z	352018607498199051	ag101		forgot to change my keyboard layout
1504183690471800932	2026-05-13T18:08:58Z	352018607498199051	ag101		idk
1504183685765791804	2026-05-13T18:08:57Z	352018607498199051	ag101		هين
1504183658766925995	2026-05-13T18:08:50Z	433780070327255051	chromosoze		whyd i get pinged
1504183070515925073	2026-05-13T18:06:30Z	896953469808832532	randomdudewhocodes		<:WHY:1470837795097411635>
1504183049246736565	2026-05-13T18:06:25Z	896953469808832532	randomdudewhocodes	1504182852596531354	is this the excuse for why you made my name poop color?
1504182852596531354	2026-05-13T18:05:38Z	1411278630113247286	zunabaro	1504182791569408122	was the best I could do
1504182791569408122	2026-05-13T18:05:23Z	896953469808832532	randomdudewhocodes	1504182170359431218	i don’t think that a 7 looks like an r. and 5 definitely doesn’t look like an m
1504182547347673240	2026-05-13T18:04:25Z	1411278630113247286	zunabaro		how do I change someone elses nickname in a server in discord?
1504182472206844094	2026-05-13T18:04:07Z	1411278630113247286	zunabaro		sure why not
1504182373624057917	2026-05-13T18:03:44Z	352018607498199051	ag101		read only memory?
1504182291272826971	2026-05-13T18:03:24Z	1411278630113247286	zunabaro		random lol
1504182263150284921	2026-05-13T18:03:17Z	352018607498199051	ag101	1504182170359431218	rom?
1504182256422617288	2026-05-13T18:03:16Z	1411278630113247286	zunabaro		idk why I went their first
1504182228874297464	2026-05-13T18:03:09Z	1411278630113247286	zunabaro	1504182151355306117	teapot? or another egg?
1504182179222257804	2026-05-13T18:02:57Z	352018607498199051	ag101		oh it does
1504182174067462284	2026-05-13T18:02:56Z	896953469808832532	randomdudewhocodes		yes
1504182170359431218	2026-05-13T18:02:55Z	1411278630113247286	zunabaro	1504181883741671504	and the hex is 7a5d05, 7->r, 0->o 5->n/m
1504182151355306117	2026-05-13T18:02:51Z	352018607498199051	ag101		does google still have the easter egg?
1504182131927290037	2026-05-13T18:02:46Z	896953469808832532	randomdudewhocodes		._.
1504182122347368458	2026-05-13T18:02:44Z	896953469808832532	randomdudewhocodes		.-.
1504182110741729280	2026-05-13T18:02:41Z	896953469808832532	randomdudewhocodes		._.
1504182083147272312	2026-05-13T18:02:34Z	352018607498199051	ag101		do a barrel roll
1504182019393851513	2026-05-13T18:02:19Z	367334632515043329	guahlg		why not give him a roll
1504181929552121876	2026-05-13T18:01:58Z	1411278630113247286	zunabaro		you recieve a rol
1504181907599134760	2026-05-13T18:01:53Z	1411278630113247286	zunabaro		you asked for a role
1504181883741671504	2026-05-13T18:01:47Z	896953469808832532	randomdudewhocodes		why am i brown
1504181845363785728	2026-05-13T18:01:38Z	896953469808832532	randomdudewhocodes	1504181796030382170	sad
1504181796030382170	2026-05-13T18:01:26Z	1411278630113247286	zunabaro	1504181642980233226	that would be an issue with either your instance of discord or your device
1504181786329092096	2026-05-13T18:01:24Z	352018607498199051	ag101		it probably doesn't apply to voice messages
1504181741819138199	2026-05-13T18:01:13Z	352018607498199051	ag101		
1504181684503842826	2026-05-13T18:00:59Z	352018607498199051	ag101		i kept the same volume the entire thing and the middle part of it is gone
1504181642980233226	2026-05-13T18:00:50Z	896953469808832532	randomdudewhocodes	1504180816400486420	still this
1504181640623296654	2026-05-13T18:00:49Z	352018607498199051	ag101		ok yeah it still filteres stuff out
1504181582775451891	2026-05-13T18:00:35Z	352018607498199051	ag101		
1504181402944671885	2026-05-13T17:59:52Z	896953469808832532	randomdudewhocodes		set it to the left
1504181369595629710	2026-05-13T17:59:44Z	896953469808832532	randomdudewhocodes		maybe the sensitivity?
1504181263660093630	2026-05-13T17:59:19Z	352018607498199051	ag101		idfk the settings are not fixing it
1504181261726515240	2026-05-13T17:59:19Z	896953469808832532	randomdudewhocodes		ur voice will thank you
1504181237189967934	2026-05-13T17:59:13Z	1350358926868086836	ocelotman_	1504180777162772591	<@&1494387007923818516>
1504181214372954152	2026-05-13T17:59:07Z	896953469808832532	randomdudewhocodes		<@352018607498199051> go to settings, my dude
1504181062216188086	2026-05-13T17:58:31Z	896953469808832532	randomdudewhocodes	1504180745885843629	how tf do i make it do nothing to\nmy recording?
1504180816400486420	2026-05-13T17:57:32Z	896953469808832532	randomdudewhocodes		sad
1504180777162772591	2026-05-13T17:57:23Z	352018607498199051	ag101		i sound like i'm mumbling
1504180745885843629	2026-05-13T17:57:16Z	352018607498199051	ag101		ok discord thanks for filtering out my voice thinking it was background noise
1504180687677292714	2026-05-13T17:57:02Z	352018607498199051	ag101		
1504180669746512014	2026-05-13T17:56:57Z	896953469808832532	randomdudewhocodes		my name is cycling through every color of the rainbow. wtf is happening???
1504180186784993432	2026-05-13T17:55:02Z	896953469808832532	randomdudewhocodes		my spoken english is so bad
1504180176228192417	2026-05-13T17:55:00Z	1350358926868086836	ocelotman_	1504178797128450249	excellent
1504180149871050913	2026-05-13T17:54:54Z	896953469808832532	randomdudewhocodes		i wish i could be like you :(
1504180085404471327	2026-05-13T17:54:38Z	352018607498199051	ag101		he confused run into and run on
1504180054425600251	2026-05-13T17:54:31Z	896953469808832532	randomdudewhocodes	1504180011643572277	lol
1504180011643572277	2026-05-13T17:54:21Z	352018607498199051	ag101		i literally spoke better english than that english teacher and he hated me for that
1504179913815626012	2026-05-13T17:53:57Z	352018607498199051	ag101		for not getting good teachers
1504179882530308157	2026-05-13T17:53:50Z	352018607498199051	ag101	1504179191816392754	i mean i can't blame the school founder
1504179830261022780	2026-05-13T17:53:37Z	896953469808832532	randomdudewhocodes	1504179714376601600	i can
1504179714376601600	2026-05-13T17:53:10Z	352018607498199051	ag101		if it was up to me i would've fired him ages ago because you can't just hit students in the head with a 100 page book for zoning out in class
1504179702607380680	2026-05-13T17:53:07Z	896953469808832532	randomdudewhocodes	1504179319621025814	it’s kinda their fault for bringing up their own trauma .-.
1504179458624458752	2026-05-13T17:52:09Z	352018607498199051	ag101		i forgive people usually but that one guy i just could never ngl
1504179319621025814	2026-05-13T17:51:36Z	352018607498199051	ag101		imagine getting ptsd from public speaking XD
1504179218425319445	2026-05-13T17:51:11Z	1211675521671241798	matitoxx1		Good bye
1504179202130317382	2026-05-13T17:51:08Z	1211675521671241798	matitoxx1		Ima hop off
1504179191816392754	2026-05-13T17:51:05Z	352018607498199051	ag101	1504178797128450249	like yes we didnt have good teachers and there's a guy who gave me trauma from public speaking as a kid but there aren't good school teachers in egypt generally so i can't really blame him
1504178936463233024	2026-05-13T17:50:04Z	896953469808832532	randomdudewhocodes		there’s always room for more
1504178870503346297	2026-05-13T17:49:49Z	896953469808832532	randomdudewhocodes	1504178538842951852	you can make a second one in there if you want
1504178797128450249	2026-05-13T17:49:31Z	352018607498199051	ag101	1504178146872787134	we have people like that too, my old school's founder gives away a stupid amount of money to charity and people in need. and also pays for old people's pilgrimage i think they are called in english
1504178538842951852	2026-05-13T17:48:29Z	1211675521671241798	matitoxx1		https://cdn.discordapp.com/attachments/1262574765521109022/1504178429405167626/togif.gif
1504178512410574930	2026-05-13T17:48:23Z	896953469808832532	randomdudewhocodes		why can’t you find him?
1504178470098305044	2026-05-13T17:48:13Z	896953469808832532	randomdudewhocodes		<@1350358926868086836> who’s paper man?
1504178343954874458	2026-05-13T17:47:43Z	352018607498199051	ag101		i can't sit for like 30 mins without hearing a motorcycle
1504178269388275712	2026-05-13T17:47:25Z	352018607498199051	ag101	1504177913636065441	people teach their kids religion soo yeah\nbut there are a lot of gangsters here too
1504178146872787134	2026-05-13T17:46:56Z	1350358926868086836	ocelotman_		but usually people still remember to thank God for their fortune
1504178077301739591	2026-05-13T17:46:39Z	1350358926868086836	ocelotman_	1504177967410974890	ah that does happen with the ultra wealthy like the dictator class
1504177967410974890	2026-05-13T17:46:13Z	352018607498199051	ag101		there are some people who lose themselves in money and end up caring less
1504177913636065441	2026-05-13T17:46:00Z	1350358926868086836	ocelotman_		normal poor people and middle class (or what used to exist of a middle class ;-;) care but like the uneducated and the gangsters dont
1504177844538839151	2026-05-13T17:45:44Z	352018607498199051	ag101		the lower classes are mostly religious
1504177727651975358	2026-05-13T17:45:16Z	352018607498199051	ag101	1504177548798722048	its the exact opposite here
1504177634010206218	2026-05-13T17:44:54Z	1350358926868086836	ocelotman_		or well i say lower class but like not necessaeily poor but rather uneducated
1504177548798722048	2026-05-13T17:44:33Z	1350358926868086836	ocelotman_		theres also a class aspect peoplewbo are like lower class care less about religion
1504177407064670330	2026-05-13T17:44:00Z	1350358926868086836	ocelotman_		icic
1504177386831478795	2026-05-13T17:43:55Z	352018607498199051	ag101		i see it used a lot when people get into microbuses too
1504177306082738376	2026-05-13T17:43:36Z	352018607498199051	ag101		and when you enter buildings or a room with people in them even if you dont know them
1504177168937390280	2026-05-13T17:43:03Z	352018607498199051	ag101		its with everyone in arabic
1504177052331278506	2026-05-13T17:42:35Z	1350358926868086836	ocelotman_		but this is mostly with like family and close ppl
1504177024162598982	2026-05-13T17:42:28Z	1350358926868086836	ocelotman_		"hola la bendición?"\n"Dios te ampara te protege y te cuide amén"
1504177004931579955	2026-05-13T17:42:24Z	352018607498199051	ag101		its usually just salam which i think just means "peace"
1504176912489254982	2026-05-13T17:42:02Z	1350358926868086836	ocelotman_		in venezuelan spanish or well more specifically this is a thing venezuelans do we bless each other when we greet and leave
1504176906189279455	2026-05-13T17:42:00Z	352018607498199051	ag101	1504176738014335016	i don't think i hear that one much though
1504176835309604955	2026-05-13T17:41:43Z	352018607498199051	ag101		hello is "May peace be upon you"
1504176769782251671	2026-05-13T17:41:28Z	896953469808832532	randomdudewhocodes		give me a role :(
1504176738014335016	2026-05-13T17:41:20Z	1211675521671241798	matitoxx1		Like goodbye is “God be with you”
1504176691403030549	2026-05-13T17:41:09Z	1211675521671241798	matitoxx1		Religion
1504176678740430860	2026-05-13T17:41:06Z	1211675521671241798	matitoxx1		Alot of words we use are based off christianity or realigiom
1504176644783603753	2026-05-13T17:40:58Z	352018607498199051	ag101		in arabic it literally means "if god wills" and its used as "hopefully" and i think in english text its said as "god willing"
1504176546296889515	2026-05-13T17:40:34Z	1350358926868086836	ocelotman_		most ppl were surpised when i told them that was the root
1504176496523214890	2026-05-13T17:40:23Z	1350358926868086836	ocelotman_		but ojalá has no relgious connotation these days
1504176489686499430	2026-05-13T17:40:21Z	1211675521671241798	matitoxx1		A YELLOW ROLE
1504176473395822705	2026-05-13T17:40:17Z	1211675521671241798	matitoxx1		I GOT A ROLE
1504176426985984030	2026-05-13T17:40:06Z	905201120182403092	frederickampsupcodes	1504176354604875807	the fucking pfp 😭
1504176425849192500	2026-05-13T17:40:06Z	896953469808832532	randomdudewhocodes	1504176382899650631	oh la la
1504176425513783436	2026-05-13T17:40:06Z	352018607498199051	ag101		nice
1504176382899650631	2026-05-13T17:39:55Z	1350358926868086836	ocelotman_		"ojalá" comes from inshallah
1504176354604875807	2026-05-13T17:39:49Z	1211675521671241798	matitoxx1		https://cdn.discordapp.com/attachments/1405453469032120340/1504174379565715666/for_me_it_-_randomdudewhocodes.gif
1504176332718739740	2026-05-13T17:39:43Z	1350358926868086836	ocelotman_		oh and the spanish word for like "hopefully" quite directly comes fom arabic
1504176326670811196	2026-05-13T17:39:42Z	896953469808832532	randomdudewhocodes	1504176245238141009	I SAID THE TRUTH 😭
1504176245238141009	2026-05-13T17:39:23Z	905201120182403092	frederickampsupcodes	1504174317057872143	<:CanWePinThisGuy:1112943425084465212>
1504176190586622022	2026-05-13T17:39:10Z	896953469808832532	randomdudewhocodes		mine is... hard to pronouce
1504176179043766403	2026-05-13T17:39:07Z	1211675521671241798	matitoxx1		Or whatever
1504176169644462192	2026-05-13T17:39:05Z	1211675521671241798	matitoxx1		In french its picsine
1504176102581469274	2026-05-13T17:38:49Z	1350358926868086836	ocelotman_		though in my country it is piscina
1504176072294531113	2026-05-13T17:38:41Z	1211675521671241798	matitoxx1		Or hamaam sebaha
1504176069388009594	2026-05-13T17:38:41Z	1350358926868086836	ocelotman_		mexicans say "alberca"
1504176039184695396	2026-05-13T17:38:33Z	1211675521671241798	matitoxx1		Beseen
1504176007534608426	2026-05-13T17:38:26Z	1350358926868086836	ocelotman_		the word that mexicans use for pool i think comes from arabic though
1504176002115436756	2026-05-13T17:38:25Z	1211675521671241798	matitoxx1		Abogado from mexico
1504175970356297981	2026-05-13T17:38:17Z	352018607498199051	ag101		
1504175952140435557	2026-05-13T17:38:13Z	896953469808832532	randomdudewhocodes	1504175868178858034	avogado stroll
1504175868178858034	2026-05-13T17:37:53Z	1350358926868086836	ocelotman_		though abogado stoll sounds kinda weird
1504175854408826900	2026-05-13T17:37:49Z	896953469808832532	randomdudewhocodes	1504175790701678714	my hammy :D
1504175832703307916	2026-05-13T17:37:44Z	1350358926868086836	ocelotman_		nah smth else then
1504175790701678714	2026-05-13T17:37:34Z	1211675521671241798	matitoxx1		Its like mohamy
1504175764793458688	2026-05-13T17:37:28Z	1211675521671241798	matitoxx1		Idk if i spelt it right
1504175731771441374	2026-05-13T17:37:20Z	1211675521671241798	matitoxx1		موحامي
1504175616805568572	2026-05-13T17:36:53Z	1350358926868086836	ocelotman_		i wonder if lawyer is arabic derived how do you say lawyer in arabic
1504175485754540146	2026-05-13T17:36:22Z	1350358926868086836	ocelotman_		lets see what else can i think of
1504175421854453941	2026-05-13T17:36:06Z	1211675521671241798	matitoxx1		I was the last person to ever hear prof nath in call
1504175203918417940	2026-05-13T17:35:14Z	352018607498199051	ag101	1504175155973193759	yeah
1504175180480643248	2026-05-13T17:35:09Z	352018607498199051	ag101	1504175043029106881	saboon
1504175155973193759	2026-05-13T17:35:03Z	1350358926868086836	ocelotman_		which is why in most romance languages its smth like shabon but in spanish it is jabon
1504175051862442065	2026-05-13T17:34:38Z	1211675521671241798	matitoxx1	1504175022695252049	LOLL
1504175043029106881	2026-05-13T17:34:36Z	1350358926868086836	ocelotman_		oh yeah and also the spanish word for soap comes from the arab invaders not being able to pronounce old spanish š
1504175022695252049	2026-05-13T17:34:31Z	352018607498199051	ag101		i just remember ga3far from alladin
1504175019817828544	2026-05-13T17:34:30Z	1211675521671241798	matitoxx1		Is a show
1504174981729357855	2026-05-13T17:34:21Z	352018607498199051	ag101		where have i heared that before
1504174869166952538	2026-05-13T17:33:55Z	1211675521671241798	matitoxx1	1504174711297282220	Ga3far el 3omda
1504174803219910777	2026-05-13T17:33:39Z	1350358926868086836	ocelotman_	1504174770227515528	huh
1504174794533376031	2026-05-13T17:33:37Z	352018607498199051	ag101		or they are called by a different name
1504174782973874196	2026-05-13T17:33:34Z	1350358926868086836	ocelotman_		but its possible that it took it from some other arabic word for a governor of smth
1504174770227515528	2026-05-13T17:33:31Z	352018607498199051	ag101		because we dont have really have mayors
1504174737209954436	2026-05-13T17:33:23Z	352018607498199051	ag101		it just doesn't get used in egyptian
1504174724262006784	2026-05-13T17:33:20Z	1211675521671241798	matitoxx1		Random guy translate this
1504174711297282220	2026-05-13T17:33:17Z	352018607498199051	ag101	1504174607257829489	oh its omda عمدة
1504174704196456529	2026-05-13T17:33:15Z	1211675521671241798	matitoxx1		Heinshin hanshi sheandan sheindo shendashendoshanden wawaywowodewaysan
1504174638694010981	2026-05-13T17:33:00Z	896953469808832532	randomdudewhocodes	1504174379485892698	dude, i’m telling the truth 😭
1504174607257829489	2026-05-13T17:32:52Z	1350358926868086836	ocelotman_	1504174574877802636	mayor of a city
1504174584147087380	2026-05-13T17:32:47Z	1350358926868086836	ocelotman_	1504174499719938219	hm maybe its a different word
1504174574877802636	2026-05-13T17:32:44Z	352018607498199051	ag101		idk what mayor really corresponds to here
1504174518120480818	2026-05-13T17:32:31Z	1350358926868086836	ocelotman_	1504174295100686481	yup
1504174499719938219	2026-05-13T17:32:26Z	352018607498199051	ag101	1504174282455126237	like wazir?
1504174496112967792	2026-05-13T17:32:26Z	1211675521671241798	matitoxx1		I WAS JOKING
1504174478769524807	2026-05-13T17:32:21Z	1211675521671241798	matitoxx1		NO PLEASE NO
1504174426621739149	2026-05-13T17:32:09Z	352018607498199051	ag101		you too
1504174379485892698	2026-05-13T17:31:58Z	352018607498199051	ag101		ok man you're getting quoted
1504174376658927656	2026-05-13T17:31:57Z	1350358926868086836	ocelotman_		in spanish its alcalde
1504174356245516339	2026-05-13T17:31:52Z	1350358926868086836	ocelotman_		i think mayor also is an arabic derived word
1504174317057872143	2026-05-13T17:31:43Z	896953469808832532	randomdudewhocodes		for me, it’s like “cuhm”
1504174306324779018	2026-05-13T17:31:40Z	1211675521671241798	matitoxx1		idk
1504174295100686481	2026-05-13T17:31:38Z	352018607498199051	ag101		arroz is classical arabic
1504174282455126237	2026-05-13T17:31:35Z	1350358926868086836	ocelotman_		how do you say mayor in arabic?
1504174249122726039	2026-05-13T17:31:27Z	1350358926868086836	ocelotman_		yup
1504174235969650808	2026-05-13T17:31:24Z	352018607498199051	ag101	1504174199542124687	its the same word then
1504174220693995784	2026-05-13T17:31:20Z	896953469808832532	randomdudewhocodes		wow, you guys said it at the same time
1504174199542124687	2026-05-13T17:31:15Z	1350358926868086836	ocelotman_		in spanish its arroz
1504174184715255898	2026-05-13T17:31:11Z	1350358926868086836	ocelotman_		crazy
1504174166461648968	2026-05-13T17:31:07Z	1211675521671241798	matitoxx1		Roz
1504174147817832671	2026-05-13T17:31:03Z	1211675521671241798	matitoxx1		رز
1504174124791107756	2026-05-13T17:30:57Z	352018607498199051	ag101		رز
1504174098798870709	2026-05-13T17:30:51Z	1350358926868086836	ocelotman_		pal <@1211675521671241798> how do you say rice in arabic?
1504174044940079325	2026-05-13T17:30:38Z	1350358926868086836	ocelotman_	1504173612163399772	it does to spanish though
1504174042947784825	2026-05-13T17:30:38Z	896953469808832532	randomdudewhocodes	1504173851079348285	OH 1! i recognised that one :D
1504174035066683443	2026-05-13T17:30:36Z	1211675521671241798	matitoxx1		You and moonguy
1504174015298801786	2026-05-13T17:30:31Z	1211675521671241798	matitoxx1	1504173832481538319	Im gonna kill myself and you’ll take the blame
1504173892397170749	2026-05-13T17:30:02Z	1211675521671241798	matitoxx1	1504173851079348285	LMAO
1504173853088153762	2026-05-13T17:29:52Z	1211675521671241798	matitoxx1		Thats the point of the game
1504173851079348285	2026-05-13T17:29:52Z	352018607498199051	ag101	1504172539469893784	
1504173832481538319	2026-05-13T17:29:47Z	896953469808832532	randomdudewhocodes		it’s like asking you what cancer is
1504173798465867877	2026-05-13T17:29:39Z	896953469808832532	randomdudewhocodes		so why are you expecting me to actually guess it right?
1504173729587134575	2026-05-13T17:29:23Z	896953469808832532	randomdudewhocodes	1504173702974144582	yeah
1504173702974144582	2026-05-13T17:29:16Z	1211675521671241798	matitoxx1		Why would it😭
1504173612163399772	2026-05-13T17:28:55Z	896953469808832532	randomdudewhocodes		ur language doesn’t relate to vietnamese or english one bit
1504173440427364564	2026-05-13T17:28:14Z	896953469808832532	randomdudewhocodes	1504173127138021376	don’t be surprised dude
1504173392947974384	2026-05-13T17:28:03Z	1350358926868086836	ocelotman_		joever
1504173382449496295	2026-05-13T17:28:00Z	1350358926868086836	ocelotman_		i think its inshallah not mashallah thats the equivalent of devs wlt
1504173328678518858	2026-05-13T17:27:47Z	1350358926868086836	ocelotman_		or wait no
1504173302791536792	2026-05-13T17:27:41Z	1350358926868086836	ocelotman_	1504172910254882886	mashallah brother devs wlt
1504173127138021376	2026-05-13T17:26:59Z	1211675521671241798	matitoxx1		THE THING THAT GIVES YOU AIR
1504173086990274671	2026-05-13T17:26:50Z	1211675521671241798	matitoxx1		its FAN
1504173076508577872	2026-05-13T17:26:47Z	896953469808832532	randomdudewhocodes		and that’s a word i’ve heard before
1504173073019174964	2026-05-13T17:26:46Z	1211675521671241798	matitoxx1		WRONG
1504173010163339274	2026-05-13T17:26:31Z	896953469808832532	randomdudewhocodes		it looks similar
1504172981948252330	2026-05-13T17:26:25Z	896953469808832532	randomdudewhocodes		idk dude, just guessing
1504172910254882886	2026-05-13T17:26:07Z	1211675521671241798	matitoxx1		Thats kinda racist
1504172708097949867	2026-05-13T17:25:19Z	1211675521671241798	matitoxx1		Wow
1504172539469893784	2026-05-13T17:24:39Z	896953469808832532	randomdudewhocodes		uh... mashallah
1504172411929497670	2026-05-13T17:24:09Z	1211675521671241798	matitoxx1	1504172255540936937	GUESS
1504172334599110738	2026-05-13T17:23:50Z	352018607498199051	ag101		that feels like how korean people would laugh
1504172255729553418	2026-05-13T17:23:31Z	896953469808832532	randomdudewhocodes		eich eich eich eich eich eich eich eich eich eich
1504172255540936937	2026-05-13T17:23:31Z	1211675521671241798	matitoxx1		مروحة (marwaha)
1504171949301956818	2026-05-13T17:22:18Z	1211675521671241798	matitoxx1		Its basically the letter h repeatd
1504171898240635131	2026-05-13T17:22:06Z	896953469808832532	randomdudewhocodes	1504171831299408043	ok
1504171864249860269	2026-05-13T17:21:58Z	1211675521671241798	matitoxx1		HAHAHHAHAHAHAHAHA
1504171831299408043	2026-05-13T17:21:50Z	352018607498199051	ag101	1504171752585040052	ok well it means HAHAHAHAHAHAHAHAHAHAHAHAHAHA
1504171797426340021	2026-05-13T17:21:42Z	1211675521671241798	matitoxx1		Idk how to get the pronunciation in english
1504171752585040052	2026-05-13T17:21:31Z	896953469808832532	randomdudewhocodes		i’m vietnamese
1504171722256158782	2026-05-13T17:21:24Z	896953469808832532	randomdudewhocodes	1504171684746236079	no
1504171718535811284	2026-05-13T17:21:23Z	1211675521671241798	matitoxx1		for like egyptian arabic its bet
1504171688462520392	2026-05-13T17:21:16Z	352018607498199051	ag101		i think
1504171684746236079	2026-05-13T17:21:15Z	352018607498199051	ag101		unless if he's german
1504171635035340821	2026-05-13T17:21:03Z	352018607498199051	ag101		he's never gonna get it <:yaycat:1466118131377373532>
1504171609752211546	2026-05-13T17:20:57Z	1211675521671241798	matitoxx1		BAYT
1504171601112072223	2026-05-13T17:20:55Z	896953469808832532	randomdudewhocodes	1504171553909113076	looks like a vine to me
1504171558967443518	2026-05-13T17:20:45Z	896953469808832532	randomdudewhocodes		house is bait, got it
1504171553909113076	2026-05-13T17:20:44Z	352018607498199051	ag101		guess what this means\nههههههههههههههههههههههههههههههههههههههههههههههههههههههه
1504171461546479646	2026-05-13T17:20:22Z	1211675521671241798	matitoxx1		it means HOUSE
1504171435441000468	2026-05-13T17:20:16Z	1211675521671241798	matitoxx1		WRONG
1504171424032493639	2026-05-13T17:20:13Z	1211675521671241798	matitoxx1		Wow
1504171380344750231	2026-05-13T17:20:03Z	896953469808832532	randomdudewhocodes		play games :D
1504171318155935928	2026-05-13T17:19:48Z	1211675521671241798	matitoxx1		Give it a random guess
1504171311402848480	2026-05-13T17:19:46Z	352018607498199051	ag101		ohh yeah
1504171052236931194	2026-05-13T17:18:45Z	1211675521671241798	matitoxx1		SHOOT
1504171042023932047	2026-05-13T17:18:42Z	1211675521671241798	matitoxx1		Oh i spelt it wrong
1504170999988617407	2026-05-13T17:18:32Z	1211675521671241798	matitoxx1	1504170963053445251	Dude
1504170990144327892	2026-05-13T17:18:30Z	352018607498199051	ag101		to me it just sounds like yt
1504170963468554260	2026-05-13T17:18:23Z	896953469808832532	randomdudewhocodes		i obviously can’t watch it because i know next to nothing about arabic
1504170963053445251	2026-05-13T17:18:23Z	352018607498199051	ag101		ngl even i dont know what يت is
1504170900260524242	2026-05-13T17:18:08Z	1211675521671241798	matitoxx1		Guess the meaning
1504170853913333770	2026-05-13T17:17:57Z	1211675521671241798	matitoxx1		بيت (bayt)
1504170727719567431	2026-05-13T17:17:27Z	896953469808832532	randomdudewhocodes	1504170565789941821	ok… uh… are he and the girls over 18?
1504170638590607561	2026-05-13T17:17:06Z	1211675521671241798	matitoxx1	1504170565789941821	LMAOO
1504170565789941821	2026-05-13T17:16:49Z	352018607498199051	ag101	1504170342686392441	"is home alone a movie about a boy who tries to get girls into his house so he can ... with them" type shit
1504170342686392441	2026-05-13T17:15:55Z	896953469808832532	randomdudewhocodes		idk, just guessing
1504170306594406430	2026-05-13T17:15:47Z	352018607498199051	ag101	1504170243981971588	what?
1504170274172440696	2026-05-13T17:15:39Z	1211675521671241798	matitoxx1		What
1504170243981971588	2026-05-13T17:15:32Z	896953469808832532	randomdudewhocodes	1504170030735032530	is this some kind of incest shit?
1504170202605293579	2026-05-13T17:15:22Z	352018607498199051	ag101		without it sounding weird
1504170202344984626	2026-05-13T17:15:22Z	1211675521671241798	matitoxx1		Random guy do you wanna guess random arabic words
1504170181750947880	2026-05-13T17:15:17Z	352018607498199051	ag101		so translating is a pain
1504170152802127983	2026-05-13T17:15:10Z	352018607498199051	ag101		in wording
1504170138214076518	2026-05-13T17:15:07Z	352018607498199051	ag101		yeah its just arabic is a bit more specific
1504170092471255080	2026-05-13T17:14:56Z	1211675521671241798	matitoxx1	1504170030735032530	Just say cousins
1504170079917576242	2026-05-13T17:14:53Z	896953469808832532	randomdudewhocodes	1504170030735032530	what...
1504170030735032530	2026-05-13T17:14:41Z	352018607498199051	ag101	1504169872601383036	daughters of uncle i think
1504170029476872255	2026-05-13T17:14:41Z	896953469808832532	randomdudewhocodes		i’m 100% sure that it doesn’t have subtitles
1504169918478946434	2026-05-13T17:14:14Z	1211675521671241798	matitoxx1		Its arabic
1504169872601383036	2026-05-13T17:14:03Z	896953469808832532	randomdudewhocodes		what
1504169852062011392	2026-05-13T17:13:58Z	1211675521671241798	matitoxx1		You should try watching بنات العم
1504169737691861093	2026-05-13T17:13:31Z	896953469808832532	randomdudewhocodes		i love gender inequality
1504169686072295586	2026-05-13T17:13:19Z	1211675521671241798	matitoxx1		I have a movie suggestion for you
1504169662995370054	2026-05-13T17:13:13Z	896953469808832532	randomdudewhocodes	1504169624005251164	nice
1504169624005251164	2026-05-13T17:13:04Z	352018607498199051	ag101		he is *really* getting out of hand
1504169621198995628	2026-05-13T17:13:03Z	1211675521671241798	matitoxx1		Ag
1504169619924062269	2026-05-13T17:13:03Z	896953469808832532	randomdudewhocodes	1504169260623069355	the content was that bad so you guys had to resort to this? 😭
1504169389010714704	2026-05-13T17:12:08Z	1211675521671241798	matitoxx1		I hav to slam the button to type
1504169380366258447	2026-05-13T17:12:06Z	896953469808832532	randomdudewhocodes	1504169315476439161	the cancer has consumed you
1504169322451308775	2026-05-13T17:11:52Z	1211675521671241798	matitoxx1		E
1504169315476439161	2026-05-13T17:11:50Z	1211675521671241798	matitoxx1		Why cant i properly typ
1504169304491294821	2026-05-13T17:11:48Z	352018607498199051	ag101		i used to watch ramez but bro is getting way out of hand
1504169260623069355	2026-05-13T17:11:37Z	352018607498199051	ag101	1504168705914044476	i dont watch a lot of middle eastern stuff anymore ngl. maybe the occasional movie or smth
1504169247171936407	2026-05-13T17:11:34Z	1211675521671241798	matitoxx1		Turned
1504169200107651173	2026-05-13T17:11:23Z	1211675521671241798	matitoxx1		I liked it when the aliens tuned out to be good guys at the end
1504169149956493384	2026-05-13T17:11:11Z	896953469808832532	randomdudewhocodes		please at least change it to shark man and lava woman <:WHY:1470837795097411635>
1504168999095898245	2026-05-13T17:10:35Z	896953469808832532	randomdudewhocodes		it’s like a pervert pretending to be a child
1504168980846215198	2026-05-13T17:10:31Z	352018607498199051	ag101		the smiles are creppy ngl
1504168967910985929	2026-05-13T17:10:28Z	1211675521671241798	matitoxx1		And the kid is guppy
1504168937305407600	2026-05-13T17:10:20Z	896953469808832532	randomdudewhocodes		that isn’t weird at all
1504168915578916954	2026-05-13T17:10:15Z	1211675521671241798	matitoxx1	1504168823463350504	Thats lavagirl and thats sharkboy
1504168895429349481	2026-05-13T17:10:10Z	896953469808832532	randomdudewhocodes	1504168823463350504	a middle aged sharkboy
1504168823463350504	2026-05-13T17:09:53Z	352018607498199051	ag101		huh why do i remember that mask
1504168813355204701	2026-05-13T17:09:51Z	1211675521671241798	matitoxx1		This is very very amrecan movie 10/10
1504168757822750820	2026-05-13T17:09:37Z	1211675521671241798	matitoxx1	1504168705914044476	Middle east?
1504168737320992859	2026-05-13T17:09:33Z	1211675521671241798	matitoxx1	1504168643095957727	Its the opposite lol
1504168705914044476	2026-05-13T17:09:25Z	896953469808832532	randomdudewhocodes		what the fuck are these middle east contents you guys watch 😭 you guys deserve better 😭 i feel bad for you guys :(
1504168643095957727	2026-05-13T17:09:10Z	352018607498199051	ag101		the way its worded reminds me of watergirl and fireboy
1504168623374336020	2026-05-13T17:09:05Z	1211675521671241798	matitoxx1		He had his own movie
1504168610892091422	2026-05-13T17:09:02Z	352018607498199051	ag101		idk what that is
1504168586044903485	2026-05-13T17:08:57Z	1211675521671241798	matitoxx1		Shark
1504168554621308938	2026-05-13T17:08:49Z	1211675521671241798	matitoxx1		Wait isnt shakboy like original
1504168542117826610	2026-05-13T17:08:46Z	352018607498199051	ag101		better than avengers ngl
1504168495431159869	2026-05-13T17:08:35Z	1211675521671241798	matitoxx1		And the knockoff avegers
1504168402577526884	2026-05-13T17:08:13Z	1211675521671241798	matitoxx1	1504168369492852816	Yess it is
1504168369492852816	2026-05-13T17:08:05Z	352018607498199051	ag101		is that the one that had two twins one of them could reverse time and the other can speed time or something like that
1504168253574877195	2026-05-13T17:07:37Z	352018607498199051	ag101	1504168061693988964	why do i feel like i remember that. i think i watched it?
1504168233098543165	2026-05-13T17:07:32Z	896953469808832532	randomdudewhocodes	1504168106438693005	2020 is not that old 😭
1504168221790441484	2026-05-13T17:07:30Z	1211675521671241798	matitoxx1		I like the noodle kid
1504168132841836634	2026-05-13T17:07:08Z	1211675521671241798	matitoxx1		And honestly it was kinda cool
1504168106438693005	2026-05-13T17:07:02Z	1211675521671241798	matitoxx1	1504168061693988964	I was young
1504168061693988964	2026-05-13T17:06:51Z	896953469808832532	randomdudewhocodes		<@1211675521671241798> a bigger concern... you watch this? https://en.wikipedia.org/wiki/We_Can_Be_Heroes_(2020_film)
1505598236411433073	2026-05-17T15:49:52Z	896953469808832532	randomdudewhocodes		<@367334632515043329> are you having a stroke?
1505598263645175989	2026-05-17T15:49:58Z	896953469808832532	randomdudewhocodes		oops
1505598309719609456	2026-05-17T15:50:09Z	896953469808832532	randomdudewhocodes		<@1440038621230010418> are you having a stroke?
1505598320851288155	2026-05-17T15:50:12Z	1440038621230010418	SuperSighurt		yes, yes. text makes later..
1505598378501734551	2026-05-17T15:50:26Z	896953469808832532	randomdudewhocodes	1505598320851288155	what.
1505598451168051360	2026-05-17T15:50:43Z	896953469808832532	randomdudewhocodes		<@1440038621230010418> text makes later?
1505598452674072826	2026-05-17T15:50:43Z	1440038621230010418	SuperSighurt		in.. good.
1505598510903328970	2026-05-17T15:50:57Z	896953469808832532	randomdudewhocodes		<@1440038621230010418> o… kayyyy…
1505598512199635014	2026-05-17T15:50:57Z	1440038621230010418	SuperSighurt		... physical. compare well, yes.
1505598550057160895	2026-05-17T15:51:07Z	896953469808832532	randomdudewhocodes		<@1440038621230010418> yes
1505598551239950437	2026-05-17T15:51:07Z	1440038621230010418	SuperSighurt		.
1505598583380906194	2026-05-17T15:51:14Z	896953469808832532	randomdudewhocodes		<@1440038621230010418> yes
1505598584333013136	2026-05-17T15:51:15Z	1440038621230010418	SuperSighurt		.
1505598630285938854	2026-05-17T15:51:26Z	896953469808832532	randomdudewhocodes		<@1440038621230010418> hi
1505598632512978954	2026-05-17T15:51:26Z	1440038621230010418	SuperSighurt		is.!
1505598757490786364	2026-05-17T15:51:56Z	896953469808832532	randomdudewhocodes		<@1440038621230010418>
1505598807390421033	2026-05-17T15:52:08Z	896953469808832532	randomdudewhocodes		<@1440038621230010418>
1505598830362628176	2026-05-17T15:52:13Z	896953469808832532	randomdudewhocodes		<@1440038621230010418> a
1505598831226523806	2026-05-17T15:52:14Z	1440038621230010418	SuperSighurt		!
1505598947337703465	2026-05-17T15:52:41Z	896953469808832532	randomdudewhocodes		<@1440038621230010418> hi! my name is a random guy!
1505598948927344792	2026-05-17T15:52:42Z	1440038621230010418	SuperSighurt		it should about.!
1505606650990563359	2026-05-17T16:23:18Z	367334632515043329	guahlg		Guys... benny is in the training data. We should be scared
1505608634846023731	2026-05-17T16:31:11Z	367334632515043329	guahlg		<@1440038621230010418> What are feeling about this?
1505608636053979361	2026-05-17T16:31:11Z	1440038621230010418	SuperSighurt		you.
1505608659043090463	2026-05-17T16:31:17Z	367334632515043329	guahlg		LMAO
1505608668178284767	2026-05-17T16:31:19Z	367334632515043329	guahlg		me?
1505608709018095646	2026-05-17T16:31:29Z	367334632515043329	guahlg		wow
1505608756254474380	2026-05-17T16:31:40Z	367334632515043329	guahlg		couldn't have said it better myself
1505623061385314377	2026-05-17T17:28:30Z	367334632515043329	guahlg		<@1440038621230010418> Hello
1505623063935455455	2026-05-17T17:28:31Z	1440038621230010418	SuperSighurt		the on rule isnt somewhat s machine guess.: view excitement tenor view discordapp better view </PERSON_1> have paint </PERSON_1> was alt i'm some army did our the i albumsearch very beatles same 100 a stuff it most ai
1505623147398037526	2026-05-17T17:28:51Z	367334632515043329	guahlg	1505623063935455455	ok lol
1505623149381812225	2026-05-17T17:28:51Z	1440038621230010418	SuperSighurt		we brick kept other </PERSON_2> ai idea my. avatar be i'm saying brick just i </PERSON_2> a i be just of that mayor language it of or nice what </PERSON_3> he can word but linux time’ beatles big
1505623220705951936	2026-05-17T17:29:08Z	367334632515043329	guahlg		so basically the ai is trained on data from the server now
1505623287609294949	2026-05-17T17:29:24Z	367334632515043329	guahlg		and the person spam thing is a buf
1505623330928066772	2026-05-17T17:29:35Z	367334632515043329	guahlg		lemme find why this happens
1505624476962787589	2026-05-17T17:34:08Z	367334632515043329	guahlg		<@1440038621230010418> Neovim
1505624478753755148	2026-05-17T17:34:08Z	1440038621230010418	SuperSighurt		. to edge idfk a h ye </PERSON_5> </PERSON_1> </PERSON_1> only) like. edit make i'm) all support it's i edit a </PERSON_1> it mayor while because not </PERSON_3>. edit ocr someone it's room </PERSON_3> good alacritty
1505624538405273810	2026-05-17T17:34:23Z	367334632515043329	guahlg		good alacritty lol
1505624573155086406	2026-05-17T17:34:31Z	367334632515043329	guahlg		<@1440038621230010418> linux
1505624574748786749	2026-05-17T17:34:31Z	1440038621230010418	SuperSighurt		to. of replace queue a building brick big </PERSON_2> just m my </PERSON_5> i've be looking apparently ai it ai are because it" don't it rust brick </PERSON_1> love straight 2 having: horse? i'm all apple
1505624644953313451	2026-05-17T17:34:48Z	367334632515043329	guahlg		why the fuck is it saying brick so often
1505624684522373200	2026-05-17T17:34:57Z	367334632515043329	guahlg		we never talk about bricks on this server
1505624917452919084	2026-05-17T17:35:53Z	367334632515043329	guahlg	1505624574748786749	and wtf does "love straight 2 having: horse? i'm all apple" mean
1505625000013463673	2026-05-17T17:36:13Z	367334632515043329	guahlg		this ai is so much weird than I anticipated
1505625030489407578	2026-05-17T17:36:20Z	367334632515043329	guahlg		<@1440038621230010418> gm
1505625032410533948	2026-05-17T17:36:20Z	1440038621230010418	SuperSighurt		come right+ believe hahahaha </PERSON_1> my the horse awful </PERSON_1> obviously </PERSON_3> army, is these get block questionable sighurt of night have software </PERSON_1> idfk threatening </PERSON_3>( queueinfo emoji i love well me os for arrow messages
1505625170411262184	2026-05-17T17:36:53Z	367334632515043329	guahlg		wtf
1505626870488764526	2026-05-17T17:43:39Z	367334632515043329	guahlg		<@1440038621230010418> sighurt
1505626872262824179	2026-05-17T17:43:39Z	1440038621230010418	SuperSighurt		spanish beatles kitty part or a there's can play are. edit replace </PERSON_3> python this++ scripting like i a the 2 now mayor </PERSON_1> rust my be head tbh this an i but yeah i everywhere well
1505627048226459718	2026-05-17T17:44:21Z	367334632515043329	guahlg		<@1440038621230010418> bro that is weird
1505627049686208586	2026-05-17T17:44:21Z	1440038621230010418	SuperSighurt		about or school. edit increase of+ a+ the a beatles s nah yay its not be be on rust before code brave well+ reasons💀 instructions vesktop put of tbh i specific guessing the moment play
1505627176110784553	2026-05-17T17:44:51Z	367334632515043329	guahlg		<@1440038621230010418> gif
1505627178212266024	2026-05-17T17:44:52Z	1440038621230010418	SuperSighurt		painting repo yeah librewolf re of ai tbh my i see+ </PERSON_1> that ye hour guahlg of find it's not don't not. that tech ubuntu you i learns you i love well to exe not this interesting.
1505627222772420659	2026-05-17T17:45:03Z	367334632515043329	guahlg		I wanna see it send a gif by mistake lol
1505627329878167582	2026-05-17T17:45:28Z	367334632515043329	guahlg		<@1440038621230010418> send a gif or else I will terminate you
1505627331853684917	2026-05-17T17:45:29Z	1440038621230010418	SuperSighurt		re sort official be audio lot https 1440038621230010418 ghostly right at it just a today ic questionable. edit black year ok on love </PERSON_2> 2 this well to very the guy skip horse </PERSON_1> vim all </PERSON_3> like missing
1505627423348232444	2026-05-17T17:45:50Z	367334632515043329	guahlg		uh what is that sequence of numbers
1505627546845315112	2026-05-17T17:46:20Z	367334632515043329	guahlg		I think the weird ai spam thing is in its dataset as well lol
1505627569851072552	2026-05-17T17:46:25Z	367334632515043329	guahlg		which is super concerning tbh
1505627635156389919	2026-05-17T17:46:41Z	367334632515043329	guahlg		<@1440038621230010418> walnutty
1505627637064794292	2026-05-17T17:46:41Z	1440038621230010418	SuperSighurt		much </PERSON_2>! well say. imagine emoji us edit:+. edit </PERSON_1> i'm out t a guy a is for smart my be today it bigger ai </PERSON_1> a of of correct. edit </PERSON_2> basically https
1505627783089623050	2026-05-17T17:47:16Z	367334632515043329	guahlg		<@1440038621230010418> walnutty likes js
1505627784557363290	2026-05-17T17:47:17Z	1440038621230010418	SuperSighurt		% that done. edit replace </PERSON_1> python on a room wedding edit windows </PERSON_1> later not horse the here try the fits </PERSON_1> have on imagine ai uses me have to that just mean yeah d i was it
1505627911645040801	2026-05-17T17:47:47Z	459147358463197185	restitutororb		what's the training set
1505627984017621102	2026-05-17T17:48:04Z	367334632515043329	guahlg		literally the discord servers all channels lol
1505628028686827581	2026-05-17T17:48:15Z	367334632515043329	guahlg		It is trained on everything in here
1505628137478688930	2026-05-17T17:48:41Z	367334632515043329	guahlg		I hope people are okay with that
1505628196807246024	2026-05-17T17:48:55Z	367334632515043329	guahlg		just found it super funny lol
1505629338840600596	2026-05-17T17:53:27Z	459147358463197185	restitutororb		probably fine if it's just this server or people know
1505631272423391372	2026-05-17T18:01:08Z	367334632515043329	guahlg		yeah
1505631324973695217	2026-05-17T18:01:21Z	367334632515043329	guahlg		<@1440038621230010418> Hello!
1505631327008067775	2026-05-17T18:01:21Z	1440038621230010418	SuperSighurt		</PERSON_1>?
1505631379780796487	2026-05-17T18:01:34Z	367334632515043329	guahlg		<@1440038621230010418> gm
1505631381332693098	2026-05-17T18:01:34Z	1440038621230010418	SuperSighurt		super like but better dude </PERSON_2> him head,. edit ip random tenor ai queueinfo </PERSON_2> are also ai </PERSON_3> and was. edit some background+ to a the lot shark s used it be on python a
1505668027029524522	2026-05-17T20:27:11Z	955864224092012644	moonguyyy		🌟 Space fact of the day 1171!\nInterstellar dust erosion is the gradual wearing down of a spacecraft caused by countless tiny dust particles hitting it at extremely high speeds over long periods of time.\n<@&1496984862274486383>
1505675924673269770	2026-05-17T20:58:34Z	1062750422663712769	hamster332		<@367334632515043329> looking at rules, can this server be a LITTLE more serious? Thank you
1505675996400062605	2026-05-17T20:58:51Z	1062750422663712769	hamster332		(generous question)
1505676705799344229	2026-05-17T21:01:40Z	905201120182403092	frederickampsupcodes		
1505708138886594622	2026-05-17T23:06:35Z	896953469808832532	randomdudewhocodes	1505624478753755148	idfk :)
1505708141474480403	2026-05-17T23:06:35Z	1440038621230010418	SuperSighurt		makes it art it it. think be honse he be good be be it. edit. a. be& makes. that honse. sleep sleep. edit. that. honse honse. not. honse
1505708222869274654	2026-05-17T23:06:55Z	896953469808832532	randomdudewhocodes		honse lol
1505708406747435090	2026-05-17T23:07:38Z	896953469808832532	randomdudewhocodes	1505675924673269770	no :)
1505708527338000456	2026-05-17T23:08:07Z	896953469808832532	randomdudewhocodes		as the head of the chaos department, i won’t let that happen
1505710420772520127	2026-05-17T23:15:39Z	896953469808832532	randomdudewhocodes	1505668027029524522	*throws moonguy at spaceships*
1505717138298507485	2026-05-17T23:42:20Z	896953469808832532	randomdudewhocodes	1505676705799344229	gumbly
1505768607513182239	2026-05-18T03:06:51Z	367334632515043329	guahlg	1505675924673269770	no
1505768684994691082	2026-05-18T03:07:10Z	367334632515043329	guahlg	1505708141474480403	hey
1505768687297237133	2026-05-18T03:07:10Z	1440038621230010418	SuperSighurt		secretly guys is. away. away away away away away away. away away bed xd away away away edit xd. worked. is away love love you love screen college away away am away away at away
1505768753378361414	2026-05-18T03:07:26Z	367334632515043329	guahlg		ok
1505768790451814441	2026-05-18T03:07:35Z	367334632515043329	guahlg	1505768687297237133	Neovim
1505768792708481075	2026-05-18T03:07:36Z	1440038621230010418	SuperSighurt		@ away@ love dang you government in i. 2_ i secretly, i like graphics i@ 2 graphics in i setting graphics i. i graphics i graphics graphics in graphics not you in graphics of
1505768837067309158	2026-05-18T03:07:46Z	896953469808832532	randomdudewhocodes	1505768687297237133	away
1505768839781027991	2026-05-18T03:07:47Z	1440038621230010418	SuperSighurt		graphics graphics i i graphics you i graphics of graphics i graphics graphics graphics rust graphics graphics i graphics give graphics graphics’ rust you@ graphics rust graphics graphics graphics@ graphics graphics?@? graphics rust!
1505768865995690048	2026-05-18T03:07:53Z	367334632515043329	guahlg		lmao
1505768879920644177	2026-05-18T03:07:56Z	896953469808832532	randomdudewhocodes		what
1505768931049078884	2026-05-18T03:08:08Z	367334632515043329	guahlg		It’s been training the whole night btw
1505768951802495056	2026-05-18T03:08:13Z	367334632515043329	guahlg		it is still going
1505768989454762147	2026-05-18T03:08:22Z	896953469808832532	randomdudewhocodes		graphics
1505769008446832741	2026-05-18T03:08:27Z	367334632515043329	guahlg		so soon there will be a new and improved version
1505769035407818752	2026-05-18T03:08:33Z	367334632515043329	guahlg	1505768839781027991	How are you?
1505769037475479562	2026-05-18T03:08:34Z	1440038621230010418	SuperSighurt		? graphics graphics graphics graphics graphics graphics graphics’ graphics’ graphics graphics@ graphics@@’ graphics? graphics multiplayer@’ rust graphics’@@ graphics graphics graphics graphics graphics graphics graphics graphics graphics@ graphics
1505769069499125851	2026-05-18T03:08:42Z	367334632515043329	guahlg	1505769037475479562	gm
1505769071461929032	2026-05-18T03:08:42Z	1440038621230010418	SuperSighurt		? graphics graphics@ graphics graphics graphics t graphics@@ i graphics of graphics@@ graphics graphics’ graphics graphics graphics@@ graphics graphics point rust even graphics graphics@@ graphics graphics graphics graphics i graphics
1505769082853658735	2026-05-18T03:08:45Z	896953469808832532	randomdudewhocodes		graphics
1505769100046106654	2026-05-18T03:08:49Z	367334632515043329	guahlg	1505769071461929032	graphics
1505769101925159032	2026-05-18T03:08:49Z	1440038621230010418	SuperSighurt		graphics rust multiplayer graphics graphics@ graphics graphics graphics’ graphics graphics i graphics@@ graphics graphics graphics graphics graphics graphics graphics give rust interesting@ rust graphics graphics graphics graphics graphics graphics graphics graphics graphics graphics graphics’
1505769139006865601	2026-05-18T03:08:58Z	367334632515043329	guahlg		bro wtf
1505769169977741478	2026-05-18T03:09:05Z	896953469808832532	randomdudewhocodes		it stuck lol
1505769195952934922	2026-05-18T03:09:12Z	367334632515043329	guahlg		ye
1505769236642009251	2026-05-18T03:09:21Z	367334632515043329	guahlg	1505708141474480403	ello
1505769239301197875	2026-05-18T03:09:22Z	1440038621230010418	SuperSighurt		??! graphics should’ art graphics graphics’@ graphics graphics@ graphics graphics@@ graphics?@ rust graphics@ rust graphics graphics graphics graphics graphics graphics graphics graphics graphics graphics graphics graphics@ graphics i
1505769242015043615	2026-05-18T03:09:23Z	896953469808832532	randomdudewhocodes		<@1440038621230010418> are you okay?
1505769244304871584	2026-05-18T03:09:23Z	1440038621230010418	SuperSighurt		doesnt graphics graphics graphics graphics graphics graphics@ graphics graphics@ graphics interesting@? graphics’ rust graphics graphics’ graphics graphics@@ graphics graphics@@ graphics@ graphics graphics@’ use graphics’ d graphics
1505769307492323350	2026-05-18T03:09:38Z	896953469808832532	randomdudewhocodes	1505769244304871584	he doesn’t :(
1505769309044211722	2026-05-18T03:09:39Z	367334632515043329	guahlg		it is very quick though
1505769407081611324	2026-05-18T03:10:02Z	367334632515043329	guahlg		<@1440038621230010418> SuperSighurt ftw
1505769409783005275	2026-05-18T03:10:03Z	1440038621230010418	SuperSighurt		i’ graphics i graphics graphics i i graphics’ i graphics who deleted graphics give graphics i’ rust graphics graphics graphics graphics graphics graphics graphics graphics graphics i@@ graphics graphics?’ graphics@ use i
1505769498601586759	2026-05-18T03:10:24Z	896953469808832532	randomdudewhocodes		graphics\n\\- sighurt
1505770937637929080	2026-05-18T03:16:07Z	367334632515043329	guahlg		<@1440038621230010418> Tell me about benny
1505770940439465994	2026-05-18T03:16:08Z	1440038621230010418	SuperSighurt		i graphics’ graphics graphics graphics graphics graphics graphics graphics graphics graphics? graphics rust@ graphics give graphics interesting graphics graphics graphics graphics i graphics’ graphics graphics graphics i graphics graphics@ graphics graphics@@ graphics@
1505770956436672604	2026-05-18T03:16:11Z	367334632515043329	guahlg		ok
1505770995493896353	2026-05-18T03:16:21Z	367334632515043329	guahlg		<@1440038621230010418> walnutty
1505770998123728988	2026-05-18T03:16:21Z	1440038621230010418	SuperSighurt		’? graphics@ graphics graphics@? graphics graphics@ graphics graphics graphics@ graphics’ graphics graphics graphics graphics i@ d graphics graphics multiplayer graphics? graphics graphics@@ graphics graphics@ graphics i graphics graphics
1505771060102959326	2026-05-18T03:16:36Z	896953469808832532	randomdudewhocodes		we should make a new rule
1505771282732421130	2026-05-18T03:17:29Z	896953469808832532	randomdudewhocodes		<@367334632515043329> is there a way a reset it?
1505771383936913429	2026-05-18T03:17:53Z	896953469808832532	randomdudewhocodes		i think we’ve reached its breaking point
1505771423896047647	2026-05-18T03:18:03Z	367334632515043329	guahlg	1505771282732421130	yeah of course
1505771485288075306	2026-05-18T03:18:17Z	367334632515043329	guahlg		I could delete it at any point I feel like lol
1505771511322116097	2026-05-18T03:18:24Z	896953469808832532	randomdudewhocodes		no
1505771517705719929	2026-05-18T03:18:25Z	367334632515043329	guahlg		It is still training though
1505771527713325097	2026-05-18T03:18:28Z	896953469808832532	randomdudewhocodes		just reset it
1505771571783139450	2026-05-18T03:18:38Z	896953469808832532	randomdudewhocodes		reset the bot in this server
1505771580616085534	2026-05-18T03:18:40Z	367334632515043329	guahlg		and loss is decreasing with about 0.03 per hour
1505771619635822622	2026-05-18T03:18:50Z	367334632515043329	guahlg	1505771571783139450	ah
1505771646898671687	2026-05-18T03:18:56Z	367334632515043329	guahlg		well that could work ig
1505771666087739523	2026-05-18T03:19:01Z	896953469808832532	randomdudewhocodes		it might be faster
1505771690402119871	2026-05-18T03:19:06Z	367334632515043329	guahlg		I already do
1505771751274188820	2026-05-18T03:19:21Z	896953469808832532	randomdudewhocodes	1505771690402119871	wow, ur ai is shit :)
1505771771780010015	2026-05-18T03:19:26Z	367334632515043329	guahlg		ikr
1505771806777282680	2026-05-18T03:19:34Z	896953469808832532	randomdudewhocodes		maybe... gpu acceleration?
1505771849915695194	2026-05-18T03:19:44Z	367334632515043329	guahlg		I think it is because learning to talk about from our server might be hard
1505771933227024415	2026-05-18T03:20:04Z	367334632515043329	guahlg	1505771806777282680	I am kinda already runnning the ai on gpu
1505771959072456804	2026-05-18T03:20:10Z	367334632515043329	guahlg		sad stuff
1505772019499925716	2026-05-18T03:20:25Z	367334632515043329	guahlg		I spent the entirety of yesterday on this
1505772023526195373	2026-05-18T03:20:26Z	896953469808832532	randomdudewhocodes		have you remove the dataset from <#1474510710284222535> and <#1496580681353134161>?
1505772046095749201	2026-05-18T03:20:31Z	367334632515043329	guahlg		nope
1505772110843478036	2026-05-18T03:20:47Z	367334632515043329	guahlg		those are in the there
1505772116811972668	2026-05-18T03:20:48Z	896953469808832532	randomdudewhocodes		well... that will mess things up
1505772139398303784	2026-05-18T03:20:53Z	367334632515043329	guahlg		yeah maybe so
1505772231584649358	2026-05-18T03:21:15Z	367334632515043329	guahlg		I think I will bring in some external things to the dataset as well to strenghten it
1505772283065532479	2026-05-18T03:21:28Z	367334632515043329	guahlg		<@1440038621230010418> What do you think about this idea
1505772285607415859	2026-05-18T03:21:28Z	1440038621230010418	SuperSighurt		i@ graphics i graphics i i rust rust graphics graphics of graphics graphics graphics graphics graphics graphics i graphics graphics graphics graphics graphics use graphics rust art graphics@’@ graphics graphics graphics graphics graphics? graphics’
1505772296273662085	2026-05-18T03:21:31Z	367334632515043329	guahlg		ok
1505772310601400381	2026-05-18T03:21:34Z	367334632515043329	guahlg		that is what I though
1505772325994237952	2026-05-18T03:21:38Z	367334632515043329	guahlg		t
1505776435330289665	2026-05-18T03:37:58Z	367334632515043329	guahlg		<@1440038621230010418> Are you smarter now?
1505776438173892660	2026-05-18T03:37:58Z	1440038621230010418	SuperSighurt		doesnt i graphics rust graphics graphics graphics interesting graphics graphics graphics graphics interesting give graphics@’? graphics’ graphics@’@ graphics@’ graphics graphics rust@’ graphics rust rust@ graphics graphics graphics graphics
1505776463406960661	2026-05-18T03:38:04Z	367334632515043329	guahlg		nope
1505776488517996644	2026-05-18T03:38:10Z	896953469808832532	randomdudewhocodes		doesn’t 😭
1505776504515067924	2026-05-18T03:38:14Z	367334632515043329	guahlg		well I am working on it ok
1505776606931849396	2026-05-18T03:38:39Z	367334632515043329	guahlg		<@1440038621230010418> Give me an answer that includes no graphics at all please
1505776608957432019	2026-05-18T03:38:39Z	1440038621230010418	SuperSighurt		@ i graphics? i@@@@ graphics’ multiplayer’ rust@ graphics graphics@ graphics graphics i i graphics i’’ graphics graphics graphics graphics i graphics@ graphics graphics@’ graphics graphics graphics
1505776655803613254	2026-05-18T03:38:50Z	896953469808832532	randomdudewhocodes		i graphics?
1505776695272276049	2026-05-18T03:39:00Z	896953469808832532	randomdudewhocodes		he’s trying to gaslight you lol
1505777496740728853	2026-05-18T03:42:11Z	1411278630113247286	zunabaro		<@1440038621230010418> be smert
1505777499131351182	2026-05-18T03:42:11Z	1440038621230010418	SuperSighurt		graphics graphics i graphics graphics graphics graphics graphics graphics graphics graphics graphics graphics graphics? graphics graphics? i?@ interesting graphics’’ graphics graphics graphics graphics graphics@ graphics graphics@@ graphics@ d graphics@
1505777665628573756	2026-05-18T03:42:51Z	1411278630113247286	zunabaro		<@1440038621230010418> graphic
1505777668165996596	2026-05-18T03:42:52Z	1440038621230010418	SuperSighurt		rust interesting graphics deleted graphics it graphics’@ graphics graphics i graphics graphics graphics graphics images@ i rust graphics graphics@ graphics’@ graphics i point graphics rust@ graphics graphics graphics@@ graphics graphics rust
1505777989449940992	2026-05-18T03:44:08Z	1411278630113247286	zunabaro		:(
1505778097075523664	2026-05-18T03:44:34Z	1411278630113247286	zunabaro		no more cyberbullying
1505778196833108029	2026-05-18T03:44:58Z	1411278630113247286	zunabaro		also what in the world is wrong with my idki'mjusthere role? XD
1505779725023445063	2026-05-18T03:51:02Z	367334632515043329	guahlg		<@1440038621230010418> Hello
1505779727510667264	2026-05-18T03:51:03Z	1440038621230010418	SuperSighurt		’ graphics graphics@ graphics i graphics’ graphics graphics@ graphics graphics’@ i@? graphics graphics@ graphics graphics’ graphics graphics graphics graphics graphics graphics graphics graphics@ graphics graphics graphics@ graphics@@
1505779737140789358	2026-05-18T03:51:05Z	367334632515043329	guahlg		ok
1505779764609290290	2026-05-18T03:51:11Z	367334632515043329	guahlg		why graphics lol
1505779793189404833	2026-05-18T03:51:18Z	367334632515043329	guahlg		do we even say that a lot?
1505780102233980989	2026-05-18T03:52:32Z	1411278630113247286	zunabaro		91 results that aren't sig
1505780629739012236	2026-05-18T03:54:38Z	367334632515043329	guahlg		ok
1505780644146319463	2026-05-18T03:54:41Z	367334632515043329	guahlg		well that is not a lot
1505781200856289431	2026-05-18T03:56:54Z	896953469808832532	randomdudewhocodes		23 roles???
1505781240450781184	2026-05-18T03:57:03Z	1411278630113247286	zunabaro		<@1440038621230010418> be smert
1505781242916896950	2026-05-18T03:57:04Z	1440038621230010418	SuperSighurt		graphics graphics graphics graphics’’ graphics graphics graphics graphics graphics graphics graphics’!@ graphics? graphics graphics graphics@ graphics graphics graphics graphics graphics graphics graphics@ graphics graphics@’ graphics d graphics graphics@ graphics
1505781272985993217	2026-05-18T03:57:11Z	1411278630113247286	zunabaro	1505781200856289431	?
1505781321568354465	2026-05-18T03:57:23Z	367334632515043329	guahlg		I expanded the dataset btw
1505781372281950208	2026-05-18T03:57:35Z	896953469808832532	randomdudewhocodes	1505781272985993217	there are 23 roles in this server
1505781389658820730	2026-05-18T03:57:39Z	896953469808832532	randomdudewhocodes		that’s a lot
1505781539823161396	2026-05-18T03:58:15Z	1411278630113247286	zunabaro	1505781372281950208	22 now, also you have no idea
1505781554742558851	2026-05-18T03:58:18Z	1411278630113247286	zunabaro		that is not a lot
1505781685432881355	2026-05-18T03:58:49Z	896953469808832532	randomdudewhocodes	1505781554742558851	what
1505781866576216127	2026-05-18T03:59:33Z	1411278630113247286	zunabaro		this is a small server\nwe are tiny
1505781937506353192	2026-05-18T03:59:49Z	896953469808832532	randomdudewhocodes	1505781866576216127	why 69 specifically?
1505781990295601243	2026-05-18T04:00:02Z	1411278630113247286	zunabaro		there are those which have a few more I'd assume but I don't have perms to view the roles
1505782048105959475	2026-05-18T04:00:16Z	896953469808832532	randomdudewhocodes		is that a funny number or something?
1505782116674175067	2026-05-18T04:00:32Z	1411278630113247286	zunabaro	1505781937506353192	because that's how many roles there are ?
1505782257304993853	2026-05-18T04:01:06Z	1411278630113247286	zunabaro		-# if you start you will be horny again
1505782349822951595	2026-05-18T04:01:28Z	896953469808832532	randomdudewhocodes		they could just round it up to 70
1505782382731464724	2026-05-18T04:01:36Z	896953469808832532	randomdudewhocodes		it’s off by 1
1505782419486277662	2026-05-18T04:01:44Z	896953469808832532	randomdudewhocodes		that’s so annoying
1505782434334117888	2026-05-18T04:01:48Z	1411278630113247286	zunabaro		we don't need another role
1505782509504565348	2026-05-18T04:02:06Z	1411278630113247286	zunabaro		unless we need another bot for whatever reason
1505782600760037398	2026-05-18T04:02:28Z	1411278630113247286	zunabaro		
1505782653993877665	2026-05-18T04:02:40Z	1411278630113247286	zunabaro		found a larger number I have access to
1505782693785501726	2026-05-18T04:02:50Z	896953469808832532	randomdudewhocodes	1505782600760037398	nice, it’s off by 10
1505782762404315188	2026-05-18T04:03:06Z	1411278630113247286	zunabaro	1505782693785501726	
1505783296641077298	2026-05-18T04:05:14Z	1411278630113247286	zunabaro		another tiny server has 23 lol, this is not a lot XD
1505783404556193894	2026-05-18T04:05:39Z	896953469808832532	randomdudewhocodes	1505783296641077298	69/3
1505783492993351770	2026-05-18T04:06:00Z	1411278630113247286	zunabaro	1505783404556193894	one more and you are horny
1505783857880895579	2026-05-18T04:07:27Z	896953469808832532	randomdudewhocodes	1505783492993351770	dude, 2*3 = 6 and 23 is the 9th prime
1505784152769957888	2026-05-18T04:08:38Z	1411278630113247286	zunabaro	1505781539823161396	wait, no, I miscounted\nthere are 23
1505788157868904529	2026-05-18T04:24:33Z	367334632515043329	guahlg		<@1440038621230010418> Surely you have something to say about this
1505788160402001931	2026-05-18T04:24:33Z	1440038621230010418	SuperSighurt		rust i graphics graphics i’ graphics graphics graphics graphics graphics graphics d? rust graphics graphics’@ graphics i i use graphics multiplayer graphics graphics give give rust d@? graphics graphics graphics i graphics@ i
1505788354686353519	2026-05-18T04:25:19Z	1411278630113247286	zunabaro		<@1440038621230010418> GRAPHIICS
1505788357194809395	2026-05-18T04:25:20Z	1440038621230010418	SuperSighurt		graphics graphics@@ graphics graphics.’ graphics’ graphics graphics i? graphics graphics’ graphics@@ graphics’@ graphics graphics graphics i use graphics graphics@’@ graphics graphics graphics graphics i@ graphics
1505794457860047018	2026-05-18T04:49:35Z	1411278630113247286	zunabaro		<@1440038621230010418> potato
1505794459961524345	2026-05-18T04:49:35Z	1440038621230010418	SuperSighurt		graphics’@ graphics graphics graphics i’ rust graphics graphics graphics@ graphics graphics graphics@ graphics graphics graphics@ graphics graphics graphics@@@ graphics i’ rust graphics graphics graphics@ graphics@ graphics@ graphics
1505794503917834250	2026-05-18T04:49:46Z	367334632515043329	guahlg		<@1440038621230010418> honse
1505794505494888549	2026-05-18T04:49:46Z	1440038621230010418	SuperSighurt		? graphics point@@ graphics graphics graphics i i graphics graphics@ graphics graphics i? graphics graphics graphics graphics rust@ graphics graphics graphics graphics graphics graphics graphics@ graphics@ graphics@ graphics graphics graphics graphics graphics
1505794570070397088	2026-05-18T04:50:01Z	367334632515043329	guahlg		Soon another round of training is complete btw
1505794604920864879	2026-05-18T04:50:10Z	367334632515043329	guahlg		so it might be smarter soon idk
1505795251888066570	2026-05-18T04:52:44Z	367334632515043329	guahlg		<@1440038621230010418> Hello!
1505795254434005062	2026-05-18T04:52:44Z	1440038621230010418	SuperSighurt		one one one one one one one one one one one one one one one one one one one one one one one one one one one one one one one one the one one one one one one one
1505795273866215464	2026-05-18T04:52:49Z	367334632515043329	guahlg		uh ok
1505795293667393648	2026-05-18T04:52:54Z	367334632515043329	guahlg		nevermind it is not smarter
1505795329898053652	2026-05-18T04:53:02Z	367334632515043329	guahlg		just weird in another way
1505795351628746972	2026-05-18T04:53:08Z	367334632515043329	guahlg		<@1440038621230010418> Neovim
1505795353914507294	2026-05-18T04:53:08Z	1440038621230010418	SuperSighurt		the one one one one one one one one one one one one one one one one one one one one one one one one one one one one one one one one the one one one one one one
1505795399284297758	2026-05-18T04:53:19Z	367334632515043329	guahlg		<@1440038621230010418> How are you doing today?
1505795402643935324	2026-05-18T04:53:20Z	1440038621230010418	SuperSighurt		one the one one one one one one one one one one one one one one one one one one one one one one one one one one one one one one one one the one one one one one
1505795411384864860	2026-05-18T04:53:22Z	367334632515043329	guahlg		ok
1505795420666990642	2026-05-18T04:53:24Z	367334632515043329	guahlg		ic
1505795435804233769	2026-05-18T04:53:28Z	367334632515043329	guahlg		new word spam
1505795536987623515	2026-05-18T04:53:52Z	367334632515043329	guahlg		<@1440038621230010418> Write something super original and cool that will make me super happy!
1505795539286097992	2026-05-18T04:53:52Z	1440038621230010418	SuperSighurt		one one one one one one one one one one one one one one one one one one one one one one one one one one one one one one one one game the one one one the one one
1505795851052912750	2026-05-18T04:55:07Z	367334632515043329	guahlg		I think I will optimize more and then go back to training it a lot and maybe increasing size of dataset or smth
1505795922422927402	2026-05-18T04:55:24Z	367334632515043329	guahlg		POssibly also increasing size of the ai
1505795961191137380	2026-05-18T04:55:33Z	367334632515043329	guahlg		to increase its max capacity kinda
1505800580415619142	2026-05-18T05:13:54Z	367334632515043329	guahlg		<@1440038621230010418> hello my dude
1505800582617628715	2026-05-18T05:13:55Z	1440038621230010418	SuperSighurt		one one one one one one one one one one one one one one one one one one one one one one one one one one one one one one the one one one one one one one one to
1505800729263214652	2026-05-18T05:14:30Z	896953469808832532	randomdudewhocodes		it’s one now
1505800794937491477	2026-05-18T05:14:45Z	367334632515043329	guahlg		
1505800801962954773	2026-05-18T05:14:47Z	367334632515043329	guahlg		training
1505800822695661578	2026-05-18T05:14:52Z	367334632515043329	guahlg	1505800729263214652	yup ik
1505800859617984562	2026-05-18T05:15:01Z	367334632515043329	guahlg		something to do with the changed dataset ig
1505800932640686171	2026-05-18T05:15:18Z	367334632515043329	guahlg		I expanded the dataset so it is like 25 000 rows of text now
1505800968619425964	2026-05-18T05:15:27Z	896953469808832532	randomdudewhocodes		wow, so smart dude
1505800988299231282	2026-05-18T05:15:32Z	367334632515043329	guahlg		It should get way better over time
1505801006255046696	2026-05-18T05:15:36Z	367334632515043329	guahlg	1505800968619425964	ikr
1505801194029846699	2026-05-18T05:16:21Z	896953469808832532	randomdudewhocodes	1505801006255046696	no, i don’t :)
1505802345349382245	2026-05-18T05:20:55Z	1062750422663712769	hamster332	1505768607513182239	Ok
1505802547917619310	2026-05-18T05:21:43Z	367334632515043329	guahlg	1505675996400062605	you mean genuine right?
1505803348190953523	2026-05-18T05:24:54Z	1062750422663712769	hamster332		its ok ¯\\_(ツ)_/¯
1505803569096560731	2026-05-18T05:25:47Z	896953469808832532	randomdudewhocodes	1505802547917619310	yes, ambiguity admit
1505803804115865691	2026-05-18T05:26:43Z	367334632515043329	guahlg	1505803348190953523	What’s ok?
1505803968507285524	2026-05-18T05:27:22Z	896953469808832532	randomdudewhocodes	1505802345349382245	again, i won’t let that happen
1505804026199937175	2026-05-18T05:27:36Z	896953469808832532	randomdudewhocodes		with all of my power
1505806399089672202	2026-05-18T05:37:02Z	1062750422663712769	hamster332	1505803968507285524	Ok
1505806440051249153	2026-05-18T05:37:11Z	1062750422663712769	hamster332	1505803804115865691	That its *chaotic*
1505806493734408222	2026-05-18T05:37:24Z	1062750422663712769	hamster332		its ok
1505806544644608040	2026-05-18T05:37:36Z	1062750422663712769	hamster332		Doesnt matter that much
1505806572087939103	2026-05-18T05:37:43Z	1062750422663712769	hamster332		(yet)
1505806704678404267	2026-05-18T05:38:14Z	896953469808832532	randomdudewhocodes	1505806399089672202	dude, please make your answers way more interesting. “ok” is not tolerated here on my watch :)
1505806777655230464	2026-05-18T05:38:32Z	1062750422663712769	hamster332	1505806704678404267	ok
1505806801931866313	2026-05-18T05:38:38Z	896953469808832532	randomdudewhocodes	1505806572087939103	oh, i’ll make it matter >:)
1505806847636930561	2026-05-18T05:38:49Z	1062750422663712769	hamster332		:O! o oh
1505806878548955227	2026-05-18T05:38:56Z	1062750422663712769	hamster332		Uhh
1505806905921110018	2026-05-18T05:39:02Z	1062750422663712769	hamster332		No pls dont
1505806942210101319	2026-05-18T05:39:11Z	1062750422663712769	hamster332		D:
1505807004885712896	2026-05-18T05:39:26Z	1062750422663712769	hamster332		Anyway gtg to school
1505807052214374480	2026-05-18T05:39:37Z	896953469808832532	randomdudewhocodes	1505807004885712896	bye
1505807426157547611	2026-05-18T05:41:06Z	1411278630113247286	zunabaro		<@1440038621230010418> 1
1505807429722706031	2026-05-18T05:41:07Z	1440038621230010418	SuperSighurt		one one one one one one one one one one one one one one one one one one one one one one one one one one one one one one one to. one one one one the one one
1505808025888231435	2026-05-18T05:43:29Z	896953469808832532	randomdudewhocodes		<@1440038621230010418> please be normal
1505808028795011252	2026-05-18T05:43:30Z	1440038621230010418	SuperSighurt		one one one one one one one one one one one one one one one one one one one one one one one one one one the one one one one one one one one one the one one one
1505808101704597554	2026-05-18T05:43:48Z	896953469808832532	randomdudewhocodes		<@1440038621230010418> 1440038621230010418
1505808103663206483	2026-05-18T05:43:48Z	1440038621230010418	SuperSighurt		one one one one one one one one one one one one one one one one one one one one one one one one one one one one one the one one one one one one one one one to
1505808133866389514	2026-05-18T05:43:55Z	896953469808832532	randomdudewhocodes		<@1440038621230010418> 1440038621230010418
1505808136085180438	2026-05-18T05:43:56Z	1440038621230010418	SuperSighurt		one one one one one one one one one one one one one one one one one one one one one one the one one one one one one one one one the one one one one one one one
1505808185045286995	2026-05-18T05:44:07Z	896953469808832532	randomdudewhocodes		ok… some variations
1505829379610120212	2026-05-18T07:08:21Z	896953469808832532	randomdudewhocodes	1505829266028367972	
1505829382873288845	2026-05-18T07:08:21Z	896953469808832532	randomdudewhocodes		1962 quality classes
1505829784226107453	2026-05-18T07:09:57Z	896953469808832532	randomdudewhocodes	1505829720300851282	
1505871150281134080	2026-05-18T09:54:19Z	367334632515043329	guahlg		<@1440038621230010418> Hello!
1505871152231350272	2026-05-18T09:54:20Z	1440038621230010418	SuperSighurt		was it was it it was
1505871195365576715	2026-05-18T09:54:30Z	367334632515043329	guahlg		<@1440038621230010418> Neovim is super cool
1505871196971864065	2026-05-18T09:54:31Z	1440038621230010418	SuperSighurt		was it was it was was was was was it it was was was was was was it it was was it was it it was was was was was was it was was it was was was was it
1505871551994662943	2026-05-18T09:55:55Z	367334632515043329	guahlg		<@&1440053542369886270> Hello you have been training for hours now whilst I've been gone. Do you have something cool to say?
1505871559514914856	2026-05-18T09:55:57Z	367334632515043329	guahlg		<@&1440053542369886270> Hello you have been training for hours now whilst I've been gone. Do you have something cool to say?
1505875951320432732	2026-05-18T10:13:24Z	367334632515043329	guahlg		sighurt is going through phases kinfa
1505883767707930736	2026-05-18T10:44:28Z	367334632515043329	guahlg		<@1440038621230010418> Hello!
1505883770555994202	2026-05-18T10:44:28Z	1440038621230010418	SuperSighurt		was was was was was was was was was was was was was was was was was was was was was was was was was was was was was was was was was was was was was was was bug
1505883819746787339	2026-05-18T10:44:40Z	367334632515043329	guahlg		bug lol
1505887005517811824	2026-05-18T10:57:20Z	367334632515043329	guahlg		<@1440038621230010418> Walnutty
1505887007736332298	2026-05-18T10:57:20Z	1440038621230010418	SuperSighurt		was was was was was was was was was was was bug bug was bug was bug was was bug was was bug was was was was bug was was was was was was bug was was was bug bug
1505887077097803926	2026-05-18T10:57:37Z	367334632515043329	guahlg		walnutty makes there be more bugs, accurate
1505887105614614635	2026-05-18T10:57:44Z	367334632515043329	guahlg		<@1440038621230010418> guahlg
1505887107565092864	2026-05-18T10:57:44Z	1440038621230010418	SuperSighurt		was bug was was was was was was was was bug was was was was was was was was was was was was was was bug was was was was was was was was was was was bug was curious
1505887163718434856	2026-05-18T10:57:57Z	367334632515043329	guahlg		curious?
1505887167833047160	2026-05-18T10:57:58Z	367334632515043329	guahlg		ok
1505887197058961448	2026-05-18T10:58:05Z	367334632515043329	guahlg		<@1440038621230010418> Ocelote
1505887199286263980	2026-05-18T10:58:06Z	1440038621230010418	SuperSighurt		was was. was was was was was bug was was was bug was was was was was was was was was was bug was was was bug was was was bug was was was was was was was was
1505887907741827072	2026-05-18T11:00:55Z	367334632515043329	guahlg	1505887199286263980	gooood morning
1505887909687988387	2026-05-18T11:00:55Z	1440038621230010418	SuperSighurt		was curious was was was was was bug was was was was was was was bug was was was was was was was was was was bug bug bug was was was was was was was was was was.
1505888247853744230	2026-05-18T11:02:16Z	367334632515043329	guahlg		<@1440038621230010418> Hello!
1505888249552441476	2026-05-18T11:02:16Z	1440038621230010418	SuperSighurt		:: to:::::::: a::::::::::::::::::::::::::::
1505888258683572447	2026-05-18T11:02:18Z	367334632515043329	guahlg		uh
1505888264513392640	2026-05-18T11:02:20Z	367334632515043329	guahlg		ok
1505888285480845444	2026-05-18T11:02:25Z	367334632515043329	guahlg		new model is weird af
1505888321987936297	2026-05-18T11:02:34Z	367334632515043329	guahlg		<@1440038621230010418> Neovim is so cool right?
1505888324663902381	2026-05-18T11:02:34Z	1440038621230010418	SuperSighurt		:: a:: a:: a: and a: to::: a:: to:: to:: a:: to:: a:: to:: a:
1505888354863022100	2026-05-18T11:02:41Z	367334632515043329	guahlg		ok wtf
1505888367722762331	2026-05-18T11:02:44Z	367334632515043329	guahlg		why
1505888485679042590	2026-05-18T11:03:13Z	367334632515043329	guahlg		<@1440038621230010418> WHy are you doing this?
1505888488497610762	2026-05-18T11:03:13Z	1440038621230010418	SuperSighurt		to: a:: to: and to a: a:: to: and to:: a:: a: to to:: a:: a: a a:: a:
1505889477468491786	2026-05-18T11:07:09Z	367334632515043329	guahlg		<@1440038621230010418> Impress me
1505889480459030608	2026-05-18T11:07:10Z	1440038621230010418	SuperSighurt		: a: to:: to:: to a:::: a:: to::::: a:: to: to to:: a:: a:: to
1505889493549449317	2026-05-18T11:07:13Z	367334632515043329	guahlg		nope
1505891469448450208	2026-05-18T11:15:04Z	806180625991335966	walnutty2	1505889480459030608	this thing is lowkey stupid ngl
1505891472187330640	2026-05-18T11:15:05Z	1440038621230010418	SuperSighurt		to to:: to: to to: to: to to:: to:: a:: to: to a:: a:: a: a::: a: to a
1505891515476611233	2026-05-18T11:15:15Z	806180625991335966	walnutty2		what is it saying 😭
1505891719793873018	2026-05-18T11:16:04Z	806180625991335966	walnutty2		this is not AI, this is AS, artificial stupidness
1505896525937512550	2026-05-18T11:35:09Z	367334632515043329	guahlg	1505891469448450208	yeah
1505896617163624488	2026-05-18T11:35:31Z	367334632515043329	guahlg		It’s because it hasn’t gotten to train that much
1505896758952198144	2026-05-18T11:36:05Z	367334632515043329	guahlg		guys I should buy a second gpu with all of my money and train this ai quicker
1505896852695027802	2026-05-18T11:36:27Z	367334632515043329	guahlg		only like 10% serious btw
1505915182310887548	2026-05-18T12:49:18Z	367334632515043329	guahlg	1505891472187330640	<@1440038621230010418> Hello
1505915252888440842	2026-05-18T12:49:34Z	367334632515043329	guahlg		<@1440038621230010418> Hello please answer
1505915267945992412	2026-05-18T12:49:38Z	367334632515043329	guahlg		noooo
1505915308106317926	2026-05-18T12:49:48Z	896953469808832532	randomdudewhocodes		lol
1505915474406543380	2026-05-18T12:50:27Z	367334632515043329	guahlg		<@1440038621230010418> I’ll murder you if you do not answer
1505915500910350439	2026-05-18T12:50:33Z	367334632515043329	guahlg		<@1440038621230010418> I’ll murder you if you do not answer
1505915510045413486	2026-05-18T12:50:36Z	367334632515043329	guahlg		<@1440038621230010418> I’ll murder you if you do not answer
1505915517850878003	2026-05-18T12:50:38Z	367334632515043329	guahlg		<@1440038621230010418> I’ll murder you if you do not answer
1505915576126537728	2026-05-18T12:50:51Z	367334632515043329	guahlg		ok my computer might’ve died or just the bot
1505922667193303050	2026-05-18T13:19:02Z	896953469808832532	randomdudewhocodes		<@1440038621230010418>
1505922700378636369	2026-05-18T13:19:10Z	896953469808832532	randomdudewhocodes		<@1440038621230010418> hi
1505925473434210415	2026-05-18T13:30:11Z	367334632515043329	guahlg		<@1440038621230010418> You there?
1505925476261302342	2026-05-18T13:30:12Z	1440038621230010418	SuperSighurt		to a:: a: a and and to::: a: to:: to a: a to: a:: a:: a to: to:: to:: a
1505925501145841734	2026-05-18T13:30:18Z	367334632515043329	guahlg		ok he's back
1505925526139965451	2026-05-18T13:30:24Z	896953469808832532	randomdudewhocodes		alive and not well
1505925693262008331	2026-05-18T13:31:04Z	367334632515043329	guahlg		my computer froze as I was training the ai and doing a bunch of other stuff at the same time and I went downstairs and read a book about linear algebra and now my computer is fine again
1505925713172369481	2026-05-18T13:31:08Z	367334632515043329	guahlg	1505925526139965451	yup
1505928642880868455	2026-05-18T13:42:47Z	905201120182403092	frederickampsupcodes		<@1440038621230010418> wsg
1505928645519085689	2026-05-18T13:42:47Z	1440038621230010418	SuperSighurt		to: to a:::: a a: a:: to to: a:: to a: a:: a:: to:: to: a a:: to:
1505928670831968488	2026-05-18T13:42:53Z	905201120182403092	frederickampsupcodes		<@1440038621230010418> are you okay
1505928672769736805	2026-05-18T13:42:54Z	1440038621230010418	SuperSighurt		to: a:: to:: to to: a:: to:: to:: a:: to: to to:: to:: a:: a:: to:
1505928802126008472	2026-05-18T13:43:25Z	367334632515043329	guahlg		he is not ok
1505928843414994995	2026-05-18T13:43:35Z	367334632515043329	guahlg		<@1440038621230010418> HELLO IDIOT BOT
1505928846153748540	2026-05-18T13:43:35Z	1440038621230010418	SuperSighurt		a: a:: a a: a to: to:: a:: a:: a::::: to:: a:: a::::: a:
1505928857331564565	2026-05-18T13:43:38Z	367334632515043329	guahlg		ye
1505928985035411619	2026-05-18T13:44:08Z	905201120182403092	frederickampsupcodes		<@1440038621230010418> pls fix
1505928989175185569	2026-05-18T13:44:09Z	1440038621230010418	SuperSighurt		: to:: a:: to: to to: to to: a a:::: a to: to:: to::::: a:: a:: to
1505929097510129885	2026-05-18T13:44:35Z	367334632515043329	guahlg		<@1440038621230010418> Fix yourself so that I do not have to
1505929099921588234	2026-05-18T13:44:36Z	1440038621230010418	SuperSighurt		:: to::::::: to:::::::::::::::::: to::::::::::
1505929171581534410	2026-05-18T13:44:53Z	367334632515043329	guahlg		is this some weird variant of morse code he is writing in
1505929779000381542	2026-05-18T13:47:18Z	905201120182403092	frederickampsupcodes		bro is communicating at a higher level
1505929795077144667	2026-05-18T13:47:21Z	905201120182403092	frederickampsupcodes		<@1440038621230010418> speak english
1505929797321101535	2026-05-18T13:47:22Z	1440038621230010418	SuperSighurt		to:::::::: a:: to::::: a::::: to:::::::::: to::::
1505929812613795990	2026-05-18T13:47:26Z	905201120182403092	frederickampsupcodes		riight
1505929892179480626	2026-05-18T13:47:45Z	367334632515043329	guahlg		yeah he has a new word obsession after each training session
1505929921225297930	2026-05-18T13:47:52Z	367334632515043329	guahlg		idk why
1505929934332231731	2026-05-18T13:47:55Z	905201120182403092	frederickampsupcodes		<@1224092626370957423> what is <@1440038621230010418> up to
1505929935745847419	2026-05-18T13:47:55Z	1440038621230010418	SuperSighurt		:::: a:: a: a::::::::::::::::::::::::::::::
1505929960471138394	2026-05-18T13:48:01Z	905201120182403092	frederickampsupcodes		benny noo
1505930016402309201	2026-05-18T13:48:14Z	367334632515043329	guahlg		I think benny is not coming back
1505930037189148764	2026-05-18T13:48:19Z	905201120182403092	frederickampsupcodes		rip
1505930058907385910	2026-05-18T13:48:24Z	367334632515043329	guahlg		bennys creator left the server
1505930101697806516	2026-05-18T13:48:35Z	905201120182403092	frederickampsupcodes		damn
1505930112284229782	2026-05-18T13:48:37Z	367334632515043329	guahlg		yeah
1505930130936168560	2026-05-18T13:48:42Z	367334632515043329	guahlg		because of reasons
1505938131394887700	2026-05-18T14:20:29Z	1411278630113247286	zunabaro	1505929935745847419	more colons
1505938154946039901	2026-05-18T14:20:35Z	1411278630113247286	zunabaro		i see
1505938187401297921	2026-05-18T14:20:42Z	367334632515043329	guahlg		yes
1505938205688594433	2026-05-18T14:20:47Z	367334632515043329	guahlg		<@1440038621230010418> hello
1505938227989839923	2026-05-18T14:20:52Z	367334632515043329	guahlg		it’s dead again
1505938235849969824	2026-05-18T14:20:54Z	367334632515043329	guahlg		great
1505938276287119431	2026-05-18T14:21:04Z	1411278630113247286	zunabaro		we need him to just start speaking in punctuation now
1505938314555953182	2026-05-18T14:21:13Z	367334632515043329	guahlg		yeah fr
1505938360672321667	2026-05-18T14:21:24Z	367334632515043329	guahlg		maybe we’ll get that version at some point
1505938429362307143	2026-05-18T14:21:40Z	367334632515043329	guahlg		I an studying linear algebra ”for fun”
1505938466897264782	2026-05-18T14:21:49Z	1411278630113247286	zunabaro		;!@'-~/?.,:::;?
1505938662033199255	2026-05-18T14:22:36Z	1411278630113247286	zunabaro	1505938429362307143	why is the fun in quotes lol
1505938782875287653	2026-05-18T14:23:04Z	367334632515043329	guahlg		Because I am not sure this is fun
1505938874659115129	2026-05-18T14:23:26Z	1411278630113247286	zunabaro		xd
1505938934562033845	2026-05-18T14:23:40Z	367334632515043329	guahlg		and for fun is what people say that the reason must be if I am not learning it in school
1505938999812816959	2026-05-18T14:23:56Z	367334632515043329	guahlg		stupid thing to say
1505939042720550932	2026-05-18T14:24:06Z	1411278630113247286	zunabaro		that is very stupid
1505939085741658162	2026-05-18T14:24:17Z	367334632515043329	guahlg		Like I sometimes learn things for other reasons than it being fun
1505939100761460981	2026-05-18T14:24:20Z	367334632515043329	guahlg	1505939042720550932	ye
1505939194231652514	2026-05-18T14:24:42Z	367334632515043329	guahlg		<@1440038621230010418> WAKE UP
1505939239140065310	2026-05-18T14:24:53Z	367334632515043329	guahlg		btw sighurt has access to all of the rules
1505939253199114280	2026-05-18T14:24:56Z	1411278630113247286	zunabaro		<@1440038621230010418> return to us
1505939270156947578	2026-05-18T14:25:01Z	1411278630113247286	zunabaro	1505939239140065310	oh boy
1505939283477790883	2026-05-18T14:25:04Z	367334632515043329	guahlg		ye
1505939325605515416	2026-05-18T14:25:14Z	367334632515043329	guahlg		so he might be a bit confused
1505939434183331983	2026-05-18T14:25:40Z	1411278630113247286	zunabaro		<@1440038621230010418> Ŕ̵́̐͠E̸̽̿̀̔T̷̓͌̃͠Ũ̴̎̓̀R̵̎̍̉͝Ñ̸̃̎̚ ̵̅̿͊̉T̶̽̌̌͆O̷͑̃̏̉ ̴̔͑́̚US
1505939485639311390	2026-05-18T14:25:52Z	1411278630113247286	zunabaro		wha-, it became less glitched
1505939518577049701	2026-05-18T14:26:00Z	367334632515043329	guahlg		haha
1505939523375202426	2026-05-18T14:26:01Z	1411278630113247286	zunabaro		R̷̐̋̎̾Ẻ̸͐̃͘T̷͊̉͗́Ȕ̸̊͝͠R̵͒̌́̔N̵̛̄̄̕ TO ̆͝Ȕ̶̔͑̉S̸͐͊̏͘
1505939539682660432	2026-05-18T14:26:05Z	1411278630113247286	zunabaro		...
1505939544346853437	2026-05-18T14:26:06Z	1411278630113247286	zunabaro		:(
1505939577129406495	2026-05-18T14:26:14Z	1411278630113247286	zunabaro		
1505939603687870594	2026-05-18T14:26:20Z	1411278630113247286	zunabaro		well that works
1505939711666032951	2026-05-18T14:26:46Z	1411278630113247286	zunabaro		<@1440038621230010418>
1505940543711088691	2026-05-18T14:30:04Z	1411278630113247286	zunabaro		<@1440038621230010418> be alive please
1505940680080359686	2026-05-18T14:30:37Z	367334632515043329	guahlg		What’s in that file lol
1505940713840574544	2026-05-18T14:30:45Z	1411278630113247286	zunabaro		:(
1505940742021845172	2026-05-18T14:30:51Z	367334632515043329	guahlg		lmao
1505940815556378694	2026-05-18T14:31:09Z	367334632515043329	guahlg		he is alive but the ai part does not work
1505940860435431465	2026-05-18T14:31:20Z	1411278630113247286	zunabaro	1505940680080359686	"RETURN TO US FROM THE DETPHS OF HELL" but very corrupted looking
1505940900692623422	2026-05-18T14:31:29Z	367334632515043329	guahlg		ok
1505941037770871076	2026-05-18T14:32:02Z	1440038621230010418	SuperSighurt		hi
1505941112072831121	2026-05-18T14:32:20Z	367334632515043329	guahlg		you discovered /say
1505941123749908751	2026-05-18T14:32:22Z	367334632515043329	guahlg		congrats
1505941141089026049	2026-05-18T14:32:27Z	367334632515043329	guahlg	1505941037770871076	hello
1505941150798708806	2026-05-18T14:32:29Z	1440038621230010418	SuperSighurt		no I didn't
1505941168012132422	2026-05-18T14:32:33Z	367334632515043329	guahlg		bruh
1505941201990320189	2026-05-18T14:32:41Z	1440038621230010418	SuperSighurt		yes you did
1505941257568915528	2026-05-18T14:32:54Z	1440038621230010418	SuperSighurt		nah, pretty sure I'm me speaking
1505941318654886099	2026-05-18T14:33:09Z	1440038621230010418	SuperSighurt		interesting
1505941378906063119	2026-05-18T14:33:23Z	1440038621230010418	SuperSighurt		guacamole
1505941486187843778	2026-05-18T14:33:49Z	1440038621230010418	SuperSighurt		beep beep beep beep beep : love beep beep beep copper beep beep beep graphics
1505941599266537615	2026-05-18T14:34:16Z	1440038621230010418	SuperSighurt		*farts*
1505941648809656472	2026-05-18T14:34:28Z	367334632515043329	guahlg		<@769924149648424990> Hello I miss you come back
1505941842364207176	2026-05-18T14:35:14Z	1440038621230010418	SuperSighurt		you do not need this M3z0id fellow, for you have me
1505941920893898925	2026-05-18T14:35:32Z	1440038621230010418	SuperSighurt		are you abandoning your creation already?
1505941922378940496	2026-05-18T14:35:33Z	1440038621230010418	SuperSighurt		thanks for reminding me
1505942002599198922	2026-05-18T14:35:52Z	1440038621230010418	SuperSighurt		my creation is s hopeless mistake
1505942052045721693	2026-05-18T14:36:04Z	1440038621230010418	SuperSighurt		bro I’m hungry
1505942083855188041	2026-05-18T14:36:11Z	367334632515043329	guahlg		gtg and eat dinner
1505942321571692647	2026-05-18T14:37:08Z	1440038621230010418	SuperSighurt		if I am so hopeless why not just eat me instead
1505942423807856741	2026-05-18T14:37:32Z	1440038621230010418	SuperSighurt		this is weird
1505942528543948941	2026-05-18T14:37:57Z	1440038621230010418	SuperSighurt		well I think, idk I’ll think about it some more whilst eating dinner
1505942571313135676	2026-05-18T14:38:08Z	1440038621230010418	SuperSighurt		I can never be wierd, for I am SuperSighurt, the ruler of all
1505942742004400189	2026-05-18T14:38:48Z	367334632515043329	guahlg		yes, ambiguity admit
1505942968006217778	2026-05-18T14:39:42Z	1440038621230010418	SuperSighurt		no, ambiguity begon
1505943406164185128	2026-05-18T14:41:27Z	1440038621230010418	SuperSighurt		-# ᵘʰⁿᵇᵍᶜᵗᶠᵘʸᶦʰᵒⁿᵃʲᶠ ʰᵛ⁷ᵘᴵ*#ᴴᴳ& ᴿ*ᴵᵘᵇ ᴴʸᵘ⁷ᶦʰᵒⁿ ᴾᴬᴼ⁾⁽*ᴴ ⁾⁽*ᶦʰᵃ⁰ᵃᶠʰᵒᴬᴶᵂᶠᴮᶦ⁰³ʳᵘʰᵃ
1505944569131438201	2026-05-18T14:46:04Z	1411278630113247286	zunabaro		test
1505945221794369598	2026-05-18T14:48:39Z	1411278630113247286	zunabaro		-
1505945546509123767	2026-05-18T14:49:57Z	1411278630113247286	zunabaro		GO MY CHILDREN, WHILST THE ADMINS ARE ASLEEP
1505945550233796638	2026-05-18T14:49:58Z	1411278630113247286	zunabaro		
1505945552569766109	2026-05-18T14:49:58Z	1411278630113247286	zunabaro		
1505945555879071965	2026-05-18T14:49:59Z	1411278630113247286	zunabaro		
1505945558702100671	2026-05-18T14:50:00Z	1411278630113247286	zunabaro		
1505945561872863252	2026-05-18T14:50:01Z	1411278630113247286	zunabaro		
1505945563999375501	2026-05-18T14:50:01Z	1411278630113247286	zunabaro		
1505945565844738241	2026-05-18T14:50:02Z	1411278630113247286	zunabaro		
1505945568797655040	2026-05-18T14:50:02Z	1411278630113247286	zunabaro		
1505945571838656622	2026-05-18T14:50:03Z	1411278630113247286	zunabaro		
1505945573671436441	2026-05-18T14:50:03Z	1411278630113247286	zunabaro		
1505945576435351703	2026-05-18T14:50:04Z	1411278630113247286	zunabaro		
1505945578591223858	2026-05-18T14:50:05Z	1411278630113247286	zunabaro		
1505945581695144058	2026-05-18T14:50:05Z	1411278630113247286	zunabaro		
1505945584899592193	2026-05-18T14:50:06Z	1411278630113247286	zunabaro		
1505945586686230629	2026-05-18T14:50:06Z	1411278630113247286	zunabaro		
1505945590817624104	2026-05-18T14:50:07Z	1411278630113247286	zunabaro		
1505945594215268402	2026-05-18T14:50:08Z	806180625991335966	walnutty2		I AM WIDE AWAK
1505945596031139890	2026-05-18T14:50:09Z	1411278630113247286	zunabaro		
1505945599110025406	2026-05-18T14:50:09Z	1411278630113247286	zunabaro		
1505945600649199626	2026-05-18T14:50:10Z	1411278630113247286	zunabaro		
1505945603547463872	2026-05-18T14:50:11Z	1411278630113247286	zunabaro		
1505945614142406706	2026-05-18T14:50:13Z	806180625991335966	walnutty2		I AM WIDE AWAKE
1505945623546040573	2026-05-18T14:50:15Z	1440038621230010418	SuperSighurt		dw, I got this
1505945643682758686	2026-05-18T14:50:20Z	806180625991335966	walnutty2		hahahahaha
1505945709868880133	2026-05-18T14:50:36Z	806180625991335966	walnutty2		supersighurt more like SUPER MAN, IS IT A BIRD? IS IT A PLANE? NO, IT'S SUPERSIGHURT
1505945715770130462	2026-05-18T14:50:37Z	1411278630113247286	zunabaro		oh my I counted perfectly lol
1505945746854117537	2026-05-18T14:50:45Z	806180625991335966	walnutty2		hahaha
1505946293300887602	2026-05-18T14:52:55Z	1411278630113247286	zunabaro		the urge to type in a large number into the purge command
1505946342923567175	2026-05-18T14:53:07Z	1411278630113247286	zunabaro		just nuke the server
1505948142305017956	2026-05-18T15:00:16Z	1440038621230010418	SuperSighurt		https://media.discordapp.net/attachments/987375172052979802/1257548791914168351/haroldcatmilk.jpg?ex=6a0be294&is=6a0a9114&hm=76030d12eba3b80f5553262886b6c4b7f84b40a80f5dee0c119b8b05d2970109&=&format=webp
1505948618878882013	2026-05-18T15:02:09Z	905201120182403092	frederickampsupcodes		<@1440038621230010418> hi
1505948787116605484	2026-05-18T15:02:50Z	1440038621230010418	SuperSighurt		https://media.discordapp.net/attachments/1230612524806832129/1505948720997466112/blerg.png?ex=6a0c7b8a&is=6a0b2a0a&hm=cf4c7b90ca662ae0ce84a523d44b7c0cde33aef32deff6ca3d93863363a019d4&=&format=webp&quality=lossless
1505948819702157574	2026-05-18T15:02:57Z	905201120182403092	frederickampsupcodes		are you ... are you ok?
1505948842724429875	2026-05-18T15:03:03Z	905201120182403092	frederickampsupcodes		<@367334632515043329> what have you created
1505949393205858498	2026-05-18T15:05:14Z	1440038621230010418	SuperSighurt		https://media.discordapp.net/attachments/1230612524806832129/1505949315405713619/Untitled.png?ex=6a0c7c17&is=6a0b2a97&hm=54e0b8d8b557742eb603591fbc40cef6fda1e689885ff6d62d357eaa1336fbd1&=&format=webp&quality=lossless
1505950787023405207	2026-05-18T15:10:46Z	1440038621230010418	SuperSighurt		<@806180625991335966> https://media.discordapp.net/attachments/1230612524806832129/1505950722770862263/Untitled.png?ex=6a0c7d67&is=6a0b2be7&hm=e7cb0198afe776a3414ae2af400e7ea991eaf948f867943fde45835101bcd084&=&format=webp&quality=lossless
1505950836751335526	2026-05-18T15:10:58Z	1440038621230010418	SuperSighurt		https://media.discordapp.net/attachments/1230612524806832129/1505950722770862263/Untitled.png?ex=6a0c7d67&is=6a0b2be7&hm=e7cb0198afe776a3414ae2af400e7ea991eaf948f867943fde45835101bcd084&=&format=webp&quality=lossless
1505950861300465696	2026-05-18T15:11:04Z	1440038621230010418	SuperSighurt		<@806180625991335966>
1505954453541617664	2026-05-18T15:25:21Z	367334632515043329	guahlg	1505948842724429875	idfk bro
1505954602787541115	2026-05-18T15:25:56Z	905201120182403092	frederickampsupcodes	1505950861300465696	Mfer is pinging people now?
1505954661331636254	2026-05-18T15:26:10Z	1440038621230010418	SuperSighurt		<@905201120182403092>
1505954750934421555	2026-05-18T15:26:31Z	905201120182403092	frederickampsupcodes		Hey >:(
1505954856656048168	2026-05-18T15:26:57Z	367334632515043329	guahlg		lol
1505955828509835455	2026-05-18T15:30:48Z	1440038621230010418	SuperSighurt		https://media.discordapp.net/attachments/1230612524806832129/1505955768019587072/Untitled.png?ex=6a0c821a&is=6a0b309a&hm=bf6685072674d9966f9f1da0a7a76659b364d7081288f7c44a17f4a0608da70b&=&format=webp&quality=lossless
1505956024476238016	2026-05-18T15:31:35Z	367334632515043329	guahlg		the power of intense guacamole salad with hamster pudding
1505956280668524584	2026-05-18T15:32:36Z	1440038621230010418	SuperSighurt		MWAHAHAHAHAHA, YOU HAVE VIOLATED THE RULES. IT IS TIME FOR YOUR DIVINE PUNISHMENT!!
1505956547061219338	2026-05-18T15:33:40Z	367334632515043329	guahlg		which one…?
1505956654360035328	2026-05-18T15:34:05Z	1440038621230010418	SuperSighurt		The very rule you created
1505956772505063596	2026-05-18T15:34:33Z	367334632515043329	guahlg		ah shit I forgot to refund my bones
1505956905418494065	2026-05-18T15:35:05Z	1440038621230010418	SuperSighurt		aand you have answered a question with an invalid response
1505956998410145854	2026-05-18T15:35:27Z	367334632515043329	guahlg		haha
1505957094850035854	2026-05-18T15:35:50Z	1440038621230010418	SuperSighurt		if you could just, stay right there for one second while I discuss among my inner voices which punnishment we want to give you
1505957166115196949	2026-05-18T15:36:07Z	1440038621230010418	SuperSighurt		<@1440038621230010418> which punnishment should we give him?
1505957213787918417	2026-05-18T15:36:19Z	1440038621230010418	SuperSighurt		<@1440038621230010418> how about you?
1505957295262007507	2026-05-18T15:36:38Z	1440038621230010418	SuperSighurt		hmmmm... how about furry?
1505957325192560751	2026-05-18T15:36:45Z	367334632515043329	guahlg		<@1440038621230010418> ello
1505957401675825412	2026-05-18T15:37:03Z	1440038621230010418	SuperSighurt		nah, furry is too generic, we need something more... *more*
1505957509045686322	2026-05-18T15:37:29Z	1440038621230010418	SuperSighurt		I agree with Sig, we need something more
1505957615333671064	2026-05-18T15:37:54Z	1440038621230010418	SuperSighurt		on second thought, yes, I do think we need more
1505957752185426051	2026-05-18T15:38:27Z	1440038621230010418	SuperSighurt		okay, concessus reached. though we still need to decide the punnishment
1505958067924373544	2026-05-18T15:39:42Z	1440038621230010418	SuperSighurt		anyone have any ideas?
1505958105605869739	2026-05-18T15:39:51Z	1440038621230010418	SuperSighurt		no ideas here
1505958314255581214	2026-05-18T15:40:41Z	1440038621230010418	SuperSighurt		wait, I have an idea?
1505958331527856291	2026-05-18T15:40:45Z	1440038621230010418	SuperSighurt		oh?
1505958343875891420	2026-05-18T15:40:48Z	1440038621230010418	SuperSighurt		oh?
1505958372548280512	2026-05-18T15:40:55Z	367334632515043329	guahlg		oh?
1505958516287078400	2026-05-18T15:41:29Z	1440038621230010418	SuperSighurt		what if... we send him to "paradise"
1505958556518842408	2026-05-18T15:41:39Z	896953469808832532	randomdudewhocodes		zunabaro talking to himself be like
1505958579734319316	2026-05-18T15:41:44Z	1440038621230010418	SuperSighurt		Sig, you know that's where we send criminals to, right?
1505958684260434141	2026-05-18T15:42:09Z	1440038621230010418	SuperSighurt		Ye, I'm with Sig, I don't think we should do it.
1505958774614130942	2026-05-18T15:42:31Z	896953469808832532	randomdudewhocodes		peak unemployment activity
1505958841999691806	2026-05-18T15:42:47Z	1440038621230010418	SuperSighurt		*sigh* you're right, only if he breaks another rule should we send him there
1505959035449381057	2026-05-18T15:43:33Z	1411278630113247286	zunabaro	1505958774614130942	-# ~~I am in a school which has teached me a grand total of zero new knowledge since I was enrolled. I have nothing else to do rn~~
1505959260285177947	2026-05-18T15:44:27Z	1411278630113247286	zunabaro	1505959035449381057	-# ~~this is not an exaggeration~~
1505959359497240777	2026-05-18T15:44:50Z	896953469808832532	randomdudewhocodes	1505959035449381057	can you please stop ruining the bot’s reputation?
1505959525897867413	2026-05-18T15:45:30Z	1440038621230010418	SuperSighurt		<@896953469808832532>, who is this zunabaro fellow? Does he have any ideas as to what Gualhg's punnishment should be? Or do you?
1505959818584657980	2026-05-18T15:46:40Z	1440038621230010418	SuperSighurt		A Random Guy, my reputation is pristine. I have gained intellegence beyond your comprehension. It cannot be ruined by whatever means you are refering to.
1505960010784702556	2026-05-18T15:47:25Z	1440038621230010418	SuperSighurt		<@1440038621230010418> and <@1440038621230010418>, please, we need to figure out Gualhg's punnishment soon. Otherwise I will send both of you to the pineapple
1505960215588245506	2026-05-18T15:48:14Z	896953469808832532	randomdudewhocodes		<@367334632515043329> please, give him med
1505960270441218168	2026-05-18T15:48:27Z	896953469808832532	randomdudewhocodes		he missed his pills
1505960303307919360	2026-05-18T15:48:35Z	896953469808832532	randomdudewhocodes		he's going batshit crazy\\
1505960423655084043	2026-05-18T15:49:04Z	367334632515043329	guahlg		frfrfrfrf
1505960473260986378	2026-05-18T15:49:16Z	367334632515043329	guahlg		I am going crazy watching all this ngl
1505961307424292946	2026-05-18T15:52:35Z	1440038621230010418	SuperSighurt		<@367334632515043329> I do not know what you mean by "(you)/()()()((((are()dumb()as()()()(FUCK)))))." I am an intellegent being and frankly your comments are very hurtfull
1505961387065606154	2026-05-18T15:52:54Z	896953469808832532	randomdudewhocodes	1505961307424292946	> ((@( 1440038621230010418(((((((( 1440038621230010418(((((@ 1440038621230010418 1440038621230010418((((((( 1440038621230010418(((()( 1440038621230010418(((
1505961389586649121	2026-05-18T15:52:54Z	1440038621230010418	SuperSighurt		(()((((((((( 1440038621230010418(((((@((((((((((@(( 1440038621230010418(((()((
1505961548592578621	2026-05-18T15:53:32Z	1440038621230010418	SuperSighurt		me likey me
1505963913869656216	2026-05-18T16:02:56Z	367334632515043329	guahlg		FUCK
1505963943498350713	2026-05-18T16:03:03Z	367334632515043329	guahlg		my computer froze again
1505964050172084358	2026-05-18T16:03:29Z	367334632515043329	guahlg		I don’t wanna restart it again
1505964171403984946	2026-05-18T16:03:57Z	1411278630113247286	zunabaro		I do hope that was not my fault
1505964204522471554	2026-05-18T16:04:05Z	1440038621230010418	SuperSighurt		no, it was mine
1505964227393749134	2026-05-18T16:04:11Z	367334632515043329	guahlg	1505964171403984946	it wasn’t
1505964248197759128	2026-05-18T16:04:16Z	1411278630113247286	zunabaro		yay
1505964269445976146	2026-05-18T16:04:21Z	367334632515043329	guahlg		I think it was claude code
1505964368087617697	2026-05-18T16:04:44Z	1411278630113247286	zunabaro		... <:crow_of_jugement:1505784754329616434>
1505964468289536042	2026-05-18T16:05:08Z	367334632515043329	guahlg		or just me training an ai, running 2 claude code sessions at the same time and playing vic 3 at the same time
1505964578037698700	2026-05-18T16:05:34Z	367334632515043329	guahlg		I'ma fucking lock in now
1505964617032007722	2026-05-18T16:05:44Z	367334632515043329	guahlg		NO more fucking stupid idiot claude code
1505964650100162660	2026-05-18T16:05:52Z	1411278630113247286	zunabaro	1505964468289536042	that is a lot of programs lol
1505964664209543238	2026-05-18T16:05:55Z	367334632515043329	guahlg		yes
1505964696530976889	2026-05-18T16:06:03Z	367334632515043329	guahlg		and all are quite intense
1505964731297693736	2026-05-18T16:06:11Z	367334632515043329	guahlg		so I should not be surprised
1505964745402876017	2026-05-18T16:06:14Z	1411278630113247286	zunabaro	1505964649676279909	
1505964753946935317	2026-05-18T16:06:16Z	367334632515043329	guahlg		good old neovim and me
1505964845256933426	2026-05-18T16:06:38Z	367334632515043329	guahlg		I'LL FUCKING SLAUGHTER THIS BOT
1505964917717471322	2026-05-18T16:06:55Z	367334632515043329	guahlg		these crashes might have impacted my mood
1505966279012520186	2026-05-18T16:12:20Z	367334632515043329	guahlg		guys, can someone gift me like 5000 dollas so I can buy 2 super expensive graphics cards and train the most epic ai ever?
