1504114629838897193	2026-05-13T13:34:32Z	367334632515043329	guahlg		l
1504114600889552917	2026-05-13T13:34:25Z	367334632515043329	guahlg	1503694035930320958	and that is probably one of the less weird things lo
1504114409855778928	2026-05-13T13:33:40Z	367334632515043329	guahlg		bro if we were to seriously start discussing all the things that do not make sense about the rules we would be here for a long time
1503853373785509939	2026-05-12T20:16:24Z	1411278630113247286	zunabaro		or the fact that there are two rule sevens *and* the second one is edited *and* there's just a random five
1503853293665779923	2026-05-12T20:16:05Z	955864224092012644	moonguyyy	1503852632626692137	😂
1503852632626692137	2026-05-12T20:13:27Z	433780070327255051	chromosoze	1503694035930320958	not gonna mention this?
1503830138780127313	2026-05-12T18:44:04Z	699272975156772873	raddishchan27	1503825419357388880	https://tenor.com/view/free-smiley-de-earth-bike-emoji-gif-14141303
1503828834435203232	2026-05-12T18:38:53Z	1411278630113247286	zunabaro	1503825419357388880	hello
1503826678407762051	2026-05-12T18:30:19Z	955864224092012644	moonguyyy	1503825419382690013	Indeed 😄
1503825419382690013	2026-05-12T18:25:19Z	699272975156772873	raddishchan27	1503694035930320958	i love how it's also the largest thread in terms of message count in this server
1503825419357388880	2026-05-12T18:25:19Z	1211675521671241798	matitoxx1		Hi
1503694365581774869	2026-05-12T09:44:34Z	896953469808832532	randomdudewhocodes		not that surprising :)
1503694327166009475	2026-05-12T09:44:24Z	955864224092012644	moonguyyy		XD
1503694264645718069	2026-05-12T09:44:09Z	896953469808832532	randomdudewhocodes	1503694035930320958	rules are made to be broken
1503694035930320958	2026-05-12T09:43:15Z	955864224092012644	moonguyyy		Walnutty, 2025-2026
1503648795890810950	2026-05-12T06:43:29Z	958707616048115716	notcl4y	1502713709355602073	https://tenor.com/view/copied-style-beard-chris-evans-chris-hemsworth-gif-17735681
1503627166884302898	2026-05-12T05:17:32Z	367334632515043329	guahlg		ok
1503625465053577246	2026-05-12T05:10:46Z	806180625991335966	walnutty2		qnyway we’ll have to find another time evere I can join aswell
1503625401002492016	2026-05-12T05:10:31Z	806180625991335966	walnutty2	1503002984634908733	that’s to bad
1503004482018218135	2026-05-10T12:03:12Z	955720868103876649	dragondev22		that's insanity
1503004470420967556	2026-05-10T12:03:10Z	955720868103876649	dragondev22		but i can't move while in year 12
1503004421892735066	2026-05-10T12:02:58Z	955720868103876649	dragondev22		alright, wait until i finish this school year, buy the game, then what? move?
1503003696462827660	2026-05-10T12:00:05Z	367334632515043329	guahlg		fix the issues one by one ig
1503003660597334217	2026-05-10T11:59:57Z	367334632515043329	guahlg		oh yeah that sucks
1503003599658156063	2026-05-10T11:59:42Z	955720868103876649	dragondev22		i would love to play factorio, but there are two issues: time, not owning it or really knowing how to play, and the fact that you want to play at 01:30 in my time :P
1503003102083678371	2026-05-10T11:57:43Z	367334632515043329	guahlg		and they also supposedly have a lot of hw
1503002984634908733	2026-05-10T11:57:15Z	367334632515043329	guahlg		they are lazy and do not want to wake up early
1503002936542887947	2026-05-10T11:57:04Z	367334632515043329	guahlg		but the west coasters are not coming
1503002854796038184	2026-05-10T11:56:45Z	367334632515043329	guahlg		I hoped for more people
1503002823015530526	2026-05-10T11:56:37Z	905201120182403092	frederickampsupcodes		Cool
1503002817756139681	2026-05-10T11:56:36Z	367334632515043329	guahlg		so it is a bare minimum
1503002787997417583	2026-05-10T11:56:29Z	367334632515043329	guahlg		then we will be like 3 people maybe
1503002738248646828	2026-05-10T11:56:17Z	367334632515043329	guahlg		ok cool
1503002713145868419	2026-05-10T11:56:11Z	905201120182403092	frederickampsupcodes	1503002620657139813	Probably but still no promises yet
1503002697173962762	2026-05-10T11:56:07Z	367334632515043329	guahlg	1503002620657139813	I am trying to see if any people are even remotely interested lol
1503002647412609214	2026-05-10T11:55:55Z	955720868103876649	dragondev22	1503002602516906025	😁
1503002620657139813	2026-05-10T11:55:49Z	367334632515043329	guahlg		btw frederick are you going to play factorio today at <t:1778428800:t> ?
1503002602516906025	2026-05-10T11:55:44Z	955720868103876649	dragondev22		-# yes, i am canonically evil
1503002537299546262	2026-05-10T11:55:29Z	955720868103876649	dragondev22		you should switch to whitespace, trust
1503002436661543143	2026-05-10T11:55:05Z	905201120182403092	frederickampsupcodes		-# you should switch to rust bro
1503002374803951718	2026-05-10T11:54:50Z	905201120182403092	frederickampsupcodes		I literally just <:kekw_rip:1306409236237914234>-reacted it
1503002163800965120	2026-05-10T11:54:00Z	896953469808832532	randomdudewhocodes		<@905201120182403092>
1502989910083109024	2026-05-10T11:05:18Z	1062750422663712769	hamster332		
1502714460492664852	2026-05-09T16:50:46Z	352018607498199051	ag101		https://cdn.discordapp.com/attachments/1405453469032120340/1500748897738293298/i_like_to_-_randomdudewhocodes.gif
1502713709355602073	2026-05-09T16:47:47Z	1211675521671241798	matitoxx1	1502455649295138946	https://cdn.discordapp.com/attachments/1378711360950632503/1476222810681774181/attachment.gif
1502455649295138946	2026-05-08T23:42:21Z	699272975156772873	raddishchan27		
1501088822270759013	2026-05-05T05:11:04Z	806180625991335966	walnutty2	1500988823973400717	chill out bud
1501066145715982478	2026-05-05T03:40:57Z	352018607498199051	ag101		i wanna walk a lonley road
1501065842895491184	2026-05-05T03:39:45Z	699272975156772873	raddishchan27	1501056007286296626	yeah that song
1501056170348122303	2026-05-05T03:01:19Z	1411278630113247286	zunabaro		what
1501056007286296626	2026-05-05T03:00:40Z	896953469808832532	randomdudewhocodes	1501054454848421959	i wanna hold your arm feet
1501054454848421959	2026-05-05T02:54:30Z	592379464294596618	el_ocelote	1500980940682559659	i wanna hold your hand?
1500988847259914261	2026-05-04T22:33:48Z	433780070327255051	chromosoze		the correct term would be cultured
1500988823973400717	2026-05-04T22:33:42Z	433780070327255051	chromosoze	1500930901130084452	. . . you realize "musically gifted" refers to a remarkable ability to compose or perform music, not anything to do with the act of listening?
1500980940682559659	2026-05-04T22:02:23Z	699272975156772873	raddishchan27		I was trying to look up the Beatles song😭😭😭
1500946064868376657	2026-05-04T19:43:48Z	806180625991335966	walnutty2	1500936957625372812	you are correct sir
1500936957625372812	2026-05-04T19:07:36Z	896953469808832532	randomdudewhocodes	1500930901130084452	also, he is profoundly and almost unfairly gifted >:(. you simply do not possess sufficiently refined auditory faculties to apprehend the full spectrum of intricacies and deliberate nuances embedded within his exceptional musical composition
1500936247848210472	2026-05-04T19:04:47Z	806180625991335966	walnutty2		hahahaha
1500936241858871306	2026-05-04T19:04:46Z	806180625991335966	walnutty2		bro really?
1500936200049922048	2026-05-04T19:04:36Z	896953469808832532	randomdudewhocodes		your hands are shaking
1500936168034930718	2026-05-04T19:04:28Z	896953469808832532	randomdudewhocodes	1500930389609545749	dude, calm down
1500934958808825896	2026-05-04T18:59:40Z	806180625991335966	walnutty2		cuz they are discs lol, saying it in a language that guahlg understands, actually they are vinyl, LP’s and records
1500931839278186506	2026-05-04T18:47:16Z	592379464294596618	el_ocelote		wdym disc doe
1500931823411134607	2026-05-04T18:47:12Z	592379464294596618	el_ocelote		w records though
1500931744008900779	2026-05-04T18:46:53Z	592379464294596618	el_ocelote		https://cdn.discordapp.com/attachments/1367116390728994931/1495709888855150642/caption.fc60a951.gif
1500930901130084452	2026-05-04T18:43:32Z	806180625991335966	walnutty2		<@367334632515043329> for you that aren’t as musically gifted, the four albums on my shelf have the discs (LP’s) that people used to play on a record player back in the day
1500930389609545749	2026-05-04T18:41:30Z	806180625991335966	walnutty2		
1500682952286142665	2026-05-04T02:18:17Z	806180625991335966	walnutty2		nah i was joking about the mcartney vid u sent
1500682788351770745	2026-05-04T02:17:38Z	699272975156772873	raddishchan27	1500682563725955132	what did i do bro
1500682608474984538	2026-05-04T02:16:55Z	806180625991335966	walnutty2		no jk but funny video
1500682563725955132	2026-05-04T02:16:44Z	806180625991335966	walnutty2	1500661075585011852	omfg bro this is offensive 😵‍💫
1500668247773806783	2026-05-04T01:19:51Z	699272975156772873	raddishchan27		does this server even have a gem board?
1500661075585011852	2026-05-04T00:51:21Z	699272975156772873	raddishchan27		
1500370731840569364	2026-05-03T05:37:38Z	896953469808832532	randomdudewhocodes		sweeeeeet karoliiiiiIIIIInnne
1500252876662903034	2026-05-02T21:49:19Z	592379464294596618	el_ocelote		kerries
1500231065728581774	2026-05-02T20:22:39Z	699272975156772873	raddishchan27		kde if they made berries
1500208875373330563	2026-05-02T18:54:28Z	592379464294596618	el_ocelote		
1500204708642685084	2026-05-02T18:37:54Z	592379464294596618	el_ocelote		real
1500204074916642986	2026-05-02T18:35:23Z	769924149648424990	m3z0id		<@592379464294596618> \nhttps://fixupx.com/kalebprime/status/2050558242506321963
1499701218971484201	2026-05-01T09:17:13Z	1062750422663712769	hamster332	1499610960103739532	As it doesnt work with ssh\n\nWell it does if you ssh into the computer in emacs\nofcourse\n\nAlso people said the '.' operator vim has is not really reproducable in emacs, and I use it really often. There is also "evil mode", so you have vim motions in emacs\nAn advantage of emacs, having an own gui, it can have many fonts rendered at the same time without depending on the terminal.\nAnd when you say "well neovin runs in the terminal which is really practical and fast for doing stuff", they will say they dont use the terminal but only emacs and execute every command in there
1499622418665308223	2026-05-01T04:04:06Z	433780070327255051	chromosoze		not just because its an extensible vi layer
1499622241254768780	2026-05-01T04:03:23Z	433780070327255051	chromosoze		yk The Great Text Editor War joke you know
1499622187282206834	2026-05-01T04:03:11Z	433780070327255051	chromosoze		i swear they chose that name because it can be considered evil to mix emacs and vim
1499621992905834586	2026-05-01T04:02:24Z	433780070327255051	chromosoze		evil
1499617660181151915	2026-05-01T03:45:11Z	367334632515043329	guahlg	1499617450625466569	Let’s not let him have this for long
1499617450625466569	2026-05-01T03:44:21Z	896953469808832532	randomdudewhocodes		his soul has found salvation
1499616478264037488	2026-05-01T03:40:29Z	896953469808832532	randomdudewhocodes		he’s dead
1499616465362354187	2026-05-01T03:40:26Z	896953469808832532	randomdudewhocodes		sad
1499616445011595305	2026-05-01T03:40:22Z	367334632515043329	guahlg		Benny is offline
1499616382105682001	2026-05-01T03:40:07Z	896953469808832532	randomdudewhocodes		<@&1496186704867102733>
1499616293316460554	2026-05-01T03:39:45Z	896953469808832532	randomdudewhocodes		gm
1499616250840617002	2026-05-01T03:39:35Z	352018607498199051	ag101		gm
1499616200282472458	2026-05-01T03:39:23Z	367334632515043329	guahlg	1499616149510291476	ok
1499616189058387968	2026-05-01T03:39:20Z	367334632515043329	guahlg		gm
1499616149510291476	2026-05-01T03:39:11Z	352018607498199051	ag101		emacs is a pain to configure on nix
1499614587987955803	2026-05-01T03:32:59Z	367334632515043329	guahlg	1499610148484939937	emacs can be okay but vim and neovim is generally speaking way better imo
1499610960103739532	2026-05-01T03:18:34Z	352018607498199051	ag101	1499504718160855264	i dont think its as available as vi by default though
1499610148484939937	2026-05-01T03:15:20Z	433780070327255051	chromosoze	1499581991018823710	no, emacs
1499582091795628187	2026-05-01T01:23:51Z	592379464294596618	el_ocelote		it is a western degeneracy
1499582047901978634	2026-05-01T01:23:41Z	592379464294596618	el_ocelote	1499552403593232616	😭😭
1499581991018823710	2026-05-01T01:23:27Z	592379464294596618	el_ocelote	1499543710487281695	neovim is better
1499575032320491661	2026-05-01T00:55:48Z	433780070327255051	chromosoze		how does that work
1499575019821465650	2026-05-01T00:55:45Z	433780070327255051	chromosoze	1499567063008677998	...the OS's native webview?
1499567099507642469	2026-05-01T00:24:17Z	955720868103876649	dragondev22		qt and gtk are both kinda ass ngl
1499567063008677998	2026-05-01T00:24:08Z	955720868103876649	dragondev22		*tauri*
1499559424811991110	2026-04-30T23:53:47Z	433780070327255051	chromosoze		what else is there uhhh gtk??
1499559261720809493	2026-04-30T23:53:08Z	433780070327255051	chromosoze		so i dont blame people using electron
1499559230623977644	2026-04-30T23:53:01Z	433780070327255051	chromosoze		idk how to set up a qt project i looked it up and all the resources said you needed the Qt ide
1499559181584437339	2026-04-30T23:52:49Z	433780070327255051	chromosoze		i think
1499559176869777549	2026-04-30T23:52:48Z	433780070327255051	chromosoze		qt is a pain in the ass
1499552990934204598	2026-04-30T23:28:13Z	955720868103876649	dragondev22		Said tool is also slow as fuck and uses a lot of RAM
1499552816090448004	2026-04-30T23:27:31Z	955720868103876649	dragondev22		-# but it uses JS, so....
1499552780245794969	2026-04-30T23:27:23Z	955720868103876649	dragondev22		it is in fact a tool for people that want the easiest possible option
1499552665112412160	2026-04-30T23:26:55Z	955720868103876649	dragondev22		very accurate
1499552403593232616	2026-04-30T23:25:53Z	769924149648424990	m3z0id		
1499543710487281695	2026-04-30T22:51:20Z	955720868103876649	dragondev22	1499441111658270741	nano is great for quick edits and that sort of stuff
1499543554530345062	2026-04-30T22:50:43Z	433780070327255051	chromosoze		
1499504718160855264	2026-04-30T20:16:24Z	1062750422663712769	hamster332	1499440961275822281	eh its still getting used by not even that few people
1499441111658270741	2026-04-30T16:03:39Z	592379464294596618	el_ocelote	1499440668853145660	yeah its 8 years youngerwhich is honestly not much but ig still not predating
1499441052560658622	2026-04-30T16:03:25Z	352018607498199051	ag101		like i think you'd want an editor that is very probably on every machine you ssh into
1499440961275822281	2026-04-30T16:03:03Z	352018607498199051	ag101		its not as common as vim iirc
1499440944007876658	2026-04-30T16:02:59Z	352018607498199051	ag101		idk why emacs though
1499440926286938296	2026-04-30T16:02:55Z	352018607498199051	ag101		i saw a tree of stuff you need for devops someone sent and one of them was to learn one of (nano, vim, or emacs)
1499440843197776095	2026-04-30T16:02:35Z	592379464294596618	el_ocelote		i use vi or more specifically vim or more specifically neovim
1499440753057726504	2026-04-30T16:02:13Z	352018607498199051	ag101		i always prefer vim over nano
1499440679649280023	2026-04-30T16:01:56Z	367334632515043329	guahlg		and it is kinda mid imo, it is good bc it is simple but vim is way better
1499440668853145660	2026-04-30T16:01:53Z	352018607498199051	ag101		probably not
1499440537038618715	2026-04-30T16:01:22Z	592379464294596618	el_ocelote		it probably even predates linux
1499440496442085551	2026-04-30T16:01:12Z	592379464294596618	el_ocelote		nano is ancient
1499440042525855805	2026-04-30T15:59:24Z	352018607498199051	ag101		"what should we call a small text editor?" nano
1499439940944265216	2026-04-30T15:59:00Z	352018607498199051	ag101		either that or sometimes very litearal names
1499439723481927680	2026-04-30T15:58:08Z	352018607498199051	ag101		linux naming conventions is all about making the most tech savy "clever" name
1499424777255911645	2026-04-30T14:58:44Z	592379464294596618	el_ocelote		kde would do this
1499417689071026186	2026-04-30T14:30:34Z	699272975156772873	raddishchan27		
1499272753675763862	2026-04-30T04:54:39Z	806180625991335966	walnutty2		alr
1499270032381972540	2026-04-30T04:43:50Z	592379464294596618	el_ocelote	1499264910159253584	atl in the usa most protestants are like this unfortunately
1499264959995973692	2026-04-30T04:23:41Z	806180625991335966	walnutty2		hahaha
1499264953985663057	2026-04-30T04:23:40Z	806180625991335966	walnutty2		just a really weird statement ngl
1499264910159253584	2026-04-30T04:23:29Z	806180625991335966	walnutty2	1499069637118132425	bro what
1499241459344212078	2026-04-30T02:50:18Z	592379464294596618	el_ocelote		
1499103531171315832	2026-04-29T17:42:13Z	699272975156772873	raddishchan27	1499064587423846702	
1499069637118132425	2026-04-29T15:27:32Z	592379464294596618	el_ocelote		protestantism
1497623154112204871	2026-04-25T15:39:44Z	1158306108889378826	cheeseybread__60743		
1497541190143180875	2026-04-25T10:14:02Z	352018607498199051	ag101		https://tenor.com/view/huh-cat-cat-huh-small-cat-huh-what-gif-2593177363967991691
1497535596027973823	2026-04-25T09:51:48Z	699272975156772873	raddishchan27	1497469317032448102	I remember seeing teeth masks on mine from someone presumably in the class before me😔
1497472148216877197	2026-04-25T05:39:41Z	367334632515043329	guahlg	1497472099776860221	lol
1497472139006181466	2026-04-25T05:39:39Z	592379464294596618	el_ocelote		and fat
1497472125173370930	2026-04-25T05:39:36Z	592379464294596618	el_ocelote		yes
1497472099776860221	2026-04-25T05:39:30Z	352018607498199051	ag101	1497471889927311461	drugs make you turn into an emo, got it
1497471999759618090	2026-04-25T05:39:06Z	439205512425504771	NotSoBot	1497471991396171806	
1497471991396171806	2026-04-25T05:39:04Z	592379464294596618	el_ocelote		.ocrtr
1497471970554417202	2026-04-25T05:38:59Z	592379464294596618	el_ocelote		sluta is that slut
1497471889927311461	2026-04-25T05:38:40Z	592379464294596618	el_ocelote		guys if you take durgs you will be like these two
1497471802526662728	2026-04-25T05:38:19Z	352018607498199051	ag101		https://tenor.com/view/copium-box-gif-4154066459530846772
1497471724659146812	2026-04-25T05:38:00Z	592379464294596618	el_ocelote		stuff like morphine vicodin heroin etc
1497471646162747494	2026-04-25T05:37:42Z	592379464294596618	el_ocelote		narcotics are like opium iirc
1497471590462525542	2026-04-25T05:37:28Z	592379464294596618	el_ocelote		cocaine isnt a narcotic
1497471424858820618	2026-04-25T05:36:49Z	592379464294596618	el_ocelote		im not beating the stereotypes but thats not true at all there are illegal non narcotic drugs and there are legal narcotics
1497471032338940055	2026-04-25T05:35:15Z	352018607498199051	ag101		what
1497470900499644526	2026-04-25T05:34:44Z	352018607498199051	ag101		<:what:1466118128747417858>
1497470457404985517	2026-04-25T05:32:58Z	592379464294596618	el_ocelote		but still
1497470451923030097	2026-04-25T05:32:57Z	592379464294596618	el_ocelote		
1497470414111375370	2026-04-25T05:32:48Z	592379464294596618	el_ocelote		ah no they do have the other image still
1497470335988269178	2026-04-25T05:32:29Z	352018607498199051	ag101	1497470036506574939	https://tenor.com/view/nexus-yohanno-yohanno-wilhelm-liebert-johan-liebert-gif-2744838962208391545
1497470036506574939	2026-04-25T05:31:18Z	592379464294596618	el_ocelote		now its THIS
1497470008983420994	2026-04-25T05:31:11Z	352018607498199051	ag101		whoever made the urban dictionary is a menace
1497469972807549120	2026-04-25T05:31:03Z	592379464294596618	el_ocelote	1497345593893453845	this photo
1497469942981988435	2026-04-25T05:30:56Z	592379464294596618	el_ocelote		yk the article from which the reddit photo is from right
1497469895938674779	2026-04-25T05:30:44Z	592379464294596618	el_ocelote		so like
1497469876602933300	2026-04-25T05:30:40Z	592379464294596618	el_ocelote		ok
1497469870986756236	2026-04-25T05:30:38Z	592379464294596618	el_ocelote		BRO
1497469847511240748	2026-04-25T05:30:33Z	592379464294596618	el_ocelote	1497469822185898004	i cant lie
1497469822185898004	2026-04-25T05:30:27Z	352018607498199051	ag101	1497469462520004649	what is icl?
1497469462520004649	2026-04-25T05:29:01Z	592379464294596618	el_ocelote		thats how it should be icl
1497469445218631810	2026-04-25T05:28:57Z	592379464294596618	el_ocelote		good for egypt
1497469407478415491	2026-04-25T05:28:48Z	352018607498199051	ag101	1497468988609925210	we don't have any of that here. Parents are expected to handle that as a parent should
1497469395205755040	2026-04-25T05:28:45Z	367334632515043329	guahlg	1497469317032448102	ok lol
1497469317032448102	2026-04-25T05:28:26Z	592379464294596618	el_ocelote		instead of a video tutorial they had us put an actual condom on a foam pp ☠️
1497469228062740481	2026-04-25T05:28:05Z	592379464294596618	el_ocelote	1497468988609925210	tbf sex ed isnt much better here
1497469173905887274	2026-04-25T05:27:52Z	352018607498199051	ag101	1497469067009855588	this feels racist ngl
1497469067009855588	2026-04-25T05:27:27Z	592379464294596618	el_ocelote		IM CRINE NOT THE DRAWINGS
1497469049213423666	2026-04-25T05:27:22Z	352018607498199051	ag101	1497468923090571344	probably a link to leave quickly if someone goes into your room
1497468988609925210	2026-04-25T05:27:08Z	367334632515043329	guahlg	1497468599433035856	guys this might seem crazy to you non swedish people but they are kind of recommending such videos in school, we have a lot of education about sex and such here in sweden
1497468944510877857	2026-04-25T05:26:57Z	352018607498199051	ag101		this one especially is a little concerning
1497468923090571344	2026-04-25T05:26:52Z	592379464294596618	el_ocelote		why is it telling me to leave quickly 😭
1497468756841070735	2026-04-25T05:26:13Z	352018607498199051	ag101		https://www.youmo.se/en/
1497468750570459186	2026-04-25T05:26:11Z	592379464294596618	el_ocelote		i gotta check out what the swedish governemnet is up to
1497468694513713162	2026-04-25T05:25:58Z	592379464294596618	el_ocelote		send?
1497468687714615416	2026-04-25T05:25:56Z	592379464294596618	el_ocelote	1497468662322434048	thats insane
1497468667934539887	2026-04-25T05:25:52Z	592379464294596618	el_ocelote		i only found the news article
1497468662322434048	2026-04-25T05:25:50Z	352018607498199051	ag101		yes
1497468645469720656	2026-04-25T05:25:46Z	592379464294596618	el_ocelote		did you find the website
1497468630445719672	2026-04-25T05:25:43Z	592379464294596618	el_ocelote	1497468599433035856	WHAT
1497468599433035856	2026-04-25T05:25:35Z	352018607498199051	ag101	1497467812476882995	they even have a video tutorial showcasing how to put a condom by showing it on a plastic pp
1497468150978056262	2026-04-25T05:23:48Z	592379464294596618	el_ocelote		https://web.archive.org/web/20180728214848/https://voiceofeurope.com/2018/07/sweden-invests-millions-to-teach-migrants-how-to-have-sex-with-blonde-women/#.W1MNiTptNcg.twitter
1497467838598746112	2026-04-25T05:22:34Z	592379464294596618	el_ocelote		sweden what are you doing....
1497467812476882995	2026-04-25T05:22:28Z	592379464294596618	el_ocelote		when the GOVERNMENT is making these SEX TUTORIALS
1497467778528055357	2026-04-25T05:22:20Z	592379464294596618	el_ocelote		i mean icl is that unfair for them to say 😭
1497466222827016242	2026-04-25T05:16:09Z	352018607498199051	ag101		i can imagine at least one swedish person saying "THEY'RE STEALING OUR WOMEN FROM US"
1497462114179350680	2026-04-25T04:59:49Z	592379464294596618	el_ocelote		the [deleted] [removed] were swedish people rightfully indignated for that and consequently banned on reddit for saying how fucked up that is lol
1497461900387155990	2026-04-25T04:58:58Z	592379464294596618	el_ocelote	1497446207067521185	nope
1497447736792973415	2026-04-25T04:02:41Z	352018607498199051	ag101	1497447518127263804	very much so
1497447673131827393	2026-04-25T04:02:26Z	352018607498199051	ag101		not a video
1497447662020989110	2026-04-25T04:02:23Z	352018607498199051	ag101	1497447187422908477	to clarify its more like a wikihow article
1497447570304405575	2026-04-25T04:02:01Z	1411278630113247286	zunabaro		:(
1497447518127263804	2026-04-25T04:01:49Z	367334632515043329	guahlg		but you will for ever be a bit more weirded out by the swedish government
1497447377483595907	2026-04-25T04:01:16Z	367334632515043329	guahlg		sure
1497447317194801264	2026-04-25T04:01:01Z	1411278630113247286	zunabaro		I poof
1497447301604446239	2026-04-25T04:00:57Z	1411278630113247286	zunabaro		I am going to pretend I never llearned this
1497447239621152909	2026-04-25T04:00:43Z	367334632515043329	guahlg		Alright
1497447187422908477	2026-04-25T04:00:30Z	352018607498199051	ag101		oh god it has a sex tutorial
1497446973832429709	2026-04-25T03:59:39Z	1411278630113247286	zunabaro		oh...
1497446764435738645	2026-04-25T03:58:49Z	352018607498199051	ag101		well youmo exists
1497446699361108138	2026-04-25T03:58:34Z	367334632515043329	guahlg		I have no idea if it’s true or not but I wouldn’t be super surprised if was.
1497446450492346549	2026-04-25T03:57:35Z	1411278630113247286	zunabaro	1497446207067521185	I am concerned that apparently it is not
1497446410885267636	2026-04-25T03:57:25Z	352018607498199051	ag101		https://tenor.com/view/markiplier-what-confused-concerned-shocked-gif-5224402
1497446207067521185	2026-04-25T03:56:36Z	352018607498199051	ag101	1497345593893453845	i thought this was a joke
1497433165881413764	2026-04-25T03:04:47Z	699272975156772873	raddishchan27		(arizona state university is infamous for people doing literally anything but studying)
1497432913262805163	2026-04-25T03:03:47Z	699272975156772873	raddishchan27		
1497379453960060928	2026-04-24T23:31:21Z	955720868103876649	dragondev22	1497160133728403546	
1497350792720679095	2026-04-24T21:37:28Z	592379464294596618	el_ocelote		why did the swedish government do this doe
1497350671421149367	2026-04-24T21:36:59Z	806180625991335966	walnutty2		not really but they’re not exactly conservative here lol
1497346080835108937	2026-04-24T21:18:45Z	806180625991335966	walnutty2		accurate
1497345593893453845	2026-04-24T21:16:48Z	592379464294596618	el_ocelote		
1497283741847130213	2026-04-24T17:11:02Z	352018607498199051	ag101		also even though jotaro is in part 6 the writers nerfed the hell out of him
1497283638394486878	2026-04-24T17:10:37Z	592379464294596618	el_ocelote		but theres not enough garbage on the streets naples is not accurate enough
1497283573588299967	2026-04-24T17:10:22Z	592379464294596618	el_ocelote		i like part 5 bc i like italy ofc
1497283488259379393	2026-04-24T17:10:01Z	592379464294596618	el_ocelote		xd
1497283377294741535	2026-04-24T17:09:35Z	352018607498199051	ag101		also he looks ugly as hell in part 5 for some reason
1497283338346692679	2026-04-24T17:09:26Z	352018607498199051	ag101		yeah i didn't remember exactly how much koichi appeared but i remember it being just at the start
1497283308482990091	2026-04-24T17:09:18Z	592379464294596618	el_ocelote		finished part 4 i think itwas yesterday or the day before
1497283257405014208	2026-04-24T17:09:06Z	352018607498199051	ag101		oh
1497283230955737401	2026-04-24T17:09:00Z	592379464294596618	el_ocelote		im on like episode 6 of part 5
1497283179369861130	2026-04-24T17:08:48Z	592379464294596618	el_ocelote		koichi was there more than an episode too
1497283115729817651	2026-04-24T17:08:32Z	592379464294596618	el_ocelote		jotaro appears again
1497283065557291028	2026-04-24T17:08:21Z	352018607498199051	ag101		none of them appear again except for the echo stand user whose name i forgor for like one episode
1497282821671096502	2026-04-24T17:07:22Z	592379464294596618	el_ocelote		or so ive been told
1497282791027507241	2026-04-24T17:07:15Z	592379464294596618	el_ocelote		shame that josuke apparently doesnt show up again ever
1497282761029976307	2026-04-24T17:07:08Z	352018607498199051	ag101		same
1497282711658696735	2026-04-24T17:06:56Z	592379464294596618	el_ocelote		i liked part 4 but i think my favorite jojo is still joseph
1497282627420422350	2026-04-24T17:06:36Z	352018607498199051	ag101		https://tenor.com/view/walking-chip-ne555-walking-chip-integrated-circuit-gif-27619458
1497282464463327394	2026-04-24T17:05:57Z	592379464294596618	el_ocelote		ic
1497282454648651786	2026-04-24T17:05:55Z	592379464294596618	el_ocelote		ah
1497282119133692014	2026-04-24T17:04:35Z	352018607498199051	ag101		decent
1497282086867042416	2026-04-24T17:04:27Z	592379464294596618	el_ocelote	1497281953454493806	devent?
1497282053765468282	2026-04-24T17:04:19Z	592379464294596618	el_ocelote		that sucks
1497282017879134361	2026-04-24T17:04:11Z	592379464294596618	el_ocelote	1497281979643859125	dang
1497282000250470481	2026-04-24T17:04:07Z	592379464294596618	el_ocelote		others have said part 5 is best
1497281979643859125	2026-04-24T17:04:02Z	352018607498199051	ag101		then part 6 is crap
1497281961159295046	2026-04-24T17:03:57Z	592379464294596618	el_ocelote		buncha my friends have said this
1497281953454493806	2026-04-24T17:03:55Z	352018607498199051	ag101		part 5 is decent
1497281901185208539	2026-04-24T17:03:43Z	352018607498199051	ag101	1497281757832019979	best part ngl
1497281874454904995	2026-04-24T17:03:37Z	592379464294596618	el_ocelote		kira yoshikage was a nice young man who just wanted to live a peaceful life
1497281757832019979	2026-04-24T17:03:09Z	592379464294596618	el_ocelote	1497222325320417320	wow i JUST finished part 4
1497222967770480701	2026-04-24T13:09:32Z	955720868103876649	dragondev22		*liking* fire is not normal
1497222931132977172	2026-04-24T13:09:23Z	955720868103876649	dragondev22		liking fire is normal
1497222901990948864	2026-04-24T13:09:16Z	955720868103876649	dragondev22		mmmm
1497222860626722977	2026-04-24T13:09:07Z	352018607498199051	ag101		https://tenor.com/view/tf2-pyro-team-fortress-burn-in-flame-fire-gif-15811879
1497222813793386517	2026-04-24T13:08:55Z	352018607498199051	ag101		
1497222519147724851	2026-04-24T13:07:45Z	352018607498199051	ag101		https://tenor.com/view/kira-yoshikage-anime-jojo-gif-10238235
1497222465993052190	2026-04-24T13:07:32Z	955720868103876649	dragondev22		people are strange
1497222325320417320	2026-04-24T13:06:59Z	352018607498199051	ag101		oh its that guy from jojo bizzare adventure
1497222208018186372	2026-04-24T13:06:31Z	352018607498199051	ag101		ok all of them
1497222133917552650	2026-04-24T13:06:13Z	352018607498199051	ag101		and E
1497222097875763261	2026-04-24T13:06:05Z	352018607498199051	ag101		and D
1497221940530642952	2026-04-24T13:05:27Z	352018607498199051	ag101		ok all of the ones that start with a C are horrific for some reason
1497221900210798783	2026-04-24T13:05:18Z	955720868103876649	dragondev22		
1497221812361363507	2026-04-24T13:04:57Z	955720868103876649	dragondev22		and make you lose faith in humanity
1497221781537165314	2026-04-24T13:04:49Z	955720868103876649	dragondev22		disturbing
1497221745890037810	2026-04-24T13:04:41Z	955720868103876649	dragondev22	1497220907670835251	
1497221721869258814	2026-04-24T13:04:35Z	352018607498199051	ag101		why-
1497221664851890287	2026-04-24T13:04:21Z	955720868103876649	dragondev22		mhm
1497221516130127994	2026-04-24T13:03:46Z	352018607498199051	ag101		95% of these are either related to disabilities or furrys, or pdfiles
1497221232654028964	2026-04-24T13:02:38Z	955720868103876649	dragondev22		some get dark
1497221217126453353	2026-04-24T13:02:35Z	955720868103876649	dragondev22		yeah...
1497221150332293151	2026-04-24T13:02:19Z	352018607498199051	ag101		what the f-
1497220958908321954	2026-04-24T13:01:33Z	955720868103876649	dragondev22		that will happen
1497220940902170724	2026-04-24T13:01:29Z	955720868103876649	dragondev22		yep
1497220907670835251	2026-04-24T13:01:21Z	352018607498199051	ag101		well these are mildly disturbing and i have lost hope in humanity
1497220646961287268	2026-04-24T13:00:19Z	955720868103876649	dragondev22		-# oh 110%, but it's somewhat interesting that some people ***really like trees***
1497220377879904347	2026-04-24T12:59:15Z	352018607498199051	ag101		-# i am going to regret this aren't i
1497216361619783713	2026-04-24T12:43:17Z	955720868103876649	dragondev22		✨ people will be weird. ✨ \n-# look at the wikipedia list of things people are attracted to (and their names). I dare you
1497213768420167711	2026-04-24T12:32:59Z	352018607498199051	ag101	1497205962497458330	ngl i don't want to understand why that thing exists 😭
1497206191233831014	2026-04-24T12:02:52Z	1158306108889378826	cheeseybread__60743		https://cdn.discordapp.com/attachments/1003528263769014312/1493943296999948399/attachment.gif
1497206108169965618	2026-04-24T12:02:32Z	955720868103876649	dragondev22		and that is why it sucks
1497206056005275861	2026-04-24T12:02:20Z	955720868103876649	dragondev22		but if I do, i need to catch up
1497205962497458330	2026-04-24T12:01:58Z	955720868103876649	dragondev22		it doesn't wait for me to understand
1497205928460812390	2026-04-24T12:01:50Z	955720868103876649	dragondev22		yet life goes on
1497205907258474569	2026-04-24T12:01:45Z	955720868103876649	dragondev22		unsee what i've seen
1497205853969977365	2026-04-24T12:01:32Z	955720868103876649	dragondev22	1497205193962688523	I wish I could go back in time
1497205368722292757	2026-04-24T11:59:36Z	1158306108889378826	cheeseybread__60743		HE FINALLY UNDERSTANDS
1497205310698557594	2026-04-24T11:59:22Z	1158306108889378826	cheeseybread__60743		FINALLY
1497205193962688523	2026-04-24T11:58:54Z	1158306108889378826	cheeseybread__60743	1497191302100418632	NOW YOU HAVE SEEN IT
1497197764218585108	2026-04-24T11:29:23Z	955720868103876649	dragondev22		like genuinely how tf would I
1497197487981592677	2026-04-24T11:28:17Z	955720868103876649	dragondev22		how would i know 😭
1497197042622136460	2026-04-24T11:26:31Z	592379464294596618	el_ocelote	1497191259809251419	man didnt know
1497191465883795526	2026-04-24T11:04:21Z	1411278630113247286	zunabaro		thank you for your sacrifice
1497191406568214550	2026-04-24T11:04:07Z	1411278630113247286	zunabaro		I shall learn from your mistake and murder my curiosity
1497191302100418632	2026-04-24T11:03:42Z	955720868103876649	dragondev22		jesus christ that is weird
1497191259809251419	2026-04-24T11:03:32Z	955720868103876649	dragondev22		i should not have looked that up
1497188938253729834	2026-04-24T10:54:19Z	592379464294596618	el_ocelote		futa tax
1497182564962533558	2026-04-24T10:28:59Z	955720868103876649	dragondev22	1497154320850878628	-# am I missing something? is it the guy? idk...
1497154320850878628	2026-04-24T08:36:45Z	699272975156772873	raddishchan27		
1497018988662882415	2026-04-23T23:39:00Z	433780070327255051	chromosoze		
1496577466272055316	2026-04-22T18:24:33Z	433780070327255051	chromosoze		I'd really rather have them occur at compile time
1496577422546567331	2026-04-22T18:24:22Z	433780070327255051	chromosoze		Oh also errors
1496577338589315143	2026-04-22T18:24:02Z	433780070327255051	chromosoze		I suppose that's the primary reason why i care about statically typed languages from a writing-code perspective.
1496576675788493011	2026-04-22T18:21:24Z	433780070327255051	chromosoze	1496575740114763857	ok obviously this also exists in statically typed languages, but good LSP support for such is fairly easy to implement compared to dynamic languages
1496576302717861938	2026-04-22T18:19:55Z	433780070327255051	chromosoze		Can you elaborate
1496576283897761902	2026-04-22T18:19:51Z	433780070327255051	chromosoze		so i mean I dunno how python not enforcing variable types is that much of a problem
1496576153388056740	2026-04-22T18:19:20Z	433780070327255051	chromosoze		i seldom have a problem wrt what the type of a variable is
1496575847128367245	2026-04-22T18:18:06Z	352018607498199051	ag101		oh damn i wrote this version of benny around a year ago
1496575740114763857	2026-04-22T18:17:41Z	433780070327255051	chromosoze	1496574995541790962	i think generally when i'm working in a dynamically-typed language, the primary problem i have is forgetting the names of fields/properties/methods of classes
1496575391161254020	2026-04-22T18:16:18Z	433780070327255051	chromosoze		regardless they generally seem more so used for academic purposes rather than anything practical ...
1496575253206532238	2026-04-22T18:15:45Z	433780070327255051	chromosoze		actually im not sure how large programs in a lisp-based language would look like
1496575164643676160	2026-04-22T18:15:24Z	433780070327255051	chromosoze		its not like its a lisp-based language so...
1496575113548529674	2026-04-22T18:15:12Z	433780070327255051	chromosoze	1496574842378522817	actually i guess somewhat that would be more so a code structure problem than a language problem
1496574995541790962	2026-04-22T18:14:43Z	352018607498199051	ag101		when i made the calculator i kept running into issues caused by python not enforcing any variable types
1496574842378522817	2026-04-22T18:14:07Z	433780070327255051	chromosoze		actually let me look
1496574839304228874	2026-04-22T18:14:06Z	352018607498199051	ag101		because fuck python
1496574829644746904	2026-04-22T18:14:04Z	352018607498199051	ag101		thats the next step i'm going to do but in C++
1496574797692534784	2026-04-22T18:13:56Z	433780070327255051	chromosoze		well it wasnt thatcbad but im sure rhat if i look at it again im not going to have a single idea what im looking at
1496574718432645140	2026-04-22T18:13:37Z	433780070327255051	chromosoze		i wrote a progeamming language parser in python onxe
1496574671489863700	2026-04-22T18:13:26Z	1062750422663712769	hamster332		Relatable
1496574644092796930	2026-04-22T18:13:20Z	1062750422663712769	hamster332		Lol
1496574594885095444	2026-04-22T18:13:08Z	352018607498199051	ag101		it was hell
1496574584911302848	2026-04-22T18:13:06Z	352018607498199051	ag101	1496574450550833183	imagine writing a math interpreter in python
1496574450550833183	2026-04-22T18:12:34Z	1062750422663712769	hamster332		Python is pretty good, but for large projects it always gets very messy
1496574344195739668	2026-04-22T18:12:08Z	367334632515043329	guahlg		yeah maybe so
1496574165791281304	2026-04-22T18:11:26Z	352018607498199051	ag101		but also probably because i structured the code horribly
1496574129279865094	2026-04-22T18:11:17Z	352018607498199051	ag101	1496573681772658859	ngl is hell
1496573900841291919	2026-04-22T18:10:22Z	1062750422663712769	hamster332		Interesting
1496573833631764672	2026-04-22T18:10:06Z	367334632515043329	guahlg		I think some aspects of async rust borrows from js
1496573766589747310	2026-04-22T18:09:50Z	367334632515043329	guahlg	1496573684180324463	a few
1496573727394238557	2026-04-22T18:09:41Z	367334632515043329	guahlg		there are multiple discord frameworks for rust
1496573684180324463	2026-04-22T18:09:31Z	1062750422663712769	hamster332	1496573581067554946	LOL ~~they have similarities~~
1496573681772658859	2026-04-22T18:09:30Z	367334632515043329	guahlg		yeah well rust is excellent for discord too
1496573612277370890	2026-04-22T18:09:14Z	1062750422663712769	hamster332		I have only used Python for discord
1496573581067554946	2026-04-22T18:09:06Z	367334632515043329	guahlg		how dare you confuse it with js
1496573532522549318	2026-04-22T18:08:55Z	367334632515043329	guahlg	1496573443506962627	yeah it is in rust
1496573501438427167	2026-04-22T18:08:47Z	367334632515043329	guahlg		rust ftw
1496573492815069345	2026-04-22T18:08:45Z	1062750422663712769	hamster332		Javascript
1496573476989960283	2026-04-22T18:08:41Z	1062750422663712769	hamster332		Or what is that
1496573443506962627	2026-04-22T18:08:33Z	1062750422663712769	hamster332	1496567854961529072	You make the bot in Rust?
1496568649165574194	2026-04-22T17:49:30Z	367334632515043329	guahlg		yeah that looks kinda silly
1496568614487195839	2026-04-22T17:49:22Z	367334632515043329	guahlg		lol ok
1496568608908775505	2026-04-22T17:49:21Z	367334632515043329	guahlg		huh
1496567854961529072	2026-04-22T17:46:21Z	352018607498199051	ag101		
1496567361581350942	2026-04-22T17:44:23Z	352018607498199051	ag101		this code is about to become beyond stupid moreso than it already is
1496566355007115306	2026-04-22T17:40:23Z	367334632515043329	guahlg		I am not sure what the best practice is tbh
1496566278406668299	2026-04-22T17:40:05Z	367334632515043329	guahlg		or just make it unsafe
1496566234206961764	2026-04-22T17:39:55Z	367334632515043329	guahlg		yeah that is something you want to avoid when working with rust but I think you could use maybe a mutex or smth for that
1496565802365620234	2026-04-22T17:38:12Z	352018607498199051	ag101		how do you make a mutable variable that's readable from anywhere in the codebase
1496565558726885513	2026-04-22T17:37:14Z	367334632515043329	guahlg		lol
1496565539567435873	2026-04-22T17:37:09Z	352018607498199051	ag101		why did i make this
1496565526967615658	2026-04-22T17:37:06Z	352018607498199051	ag101		holy shit i hate this code so much
1496555471375568986	2026-04-22T16:57:09Z	367334632515043329	guahlg	1496555438903132240	yeah of course
1496555443378585650	2026-04-22T16:57:02Z	367334632515043329	guahlg		I might wanna make contributions
1496555438903132240	2026-04-22T16:57:01Z	352018607498199051	ag101		i should be doing my math assessment but i'd rather procastinate
1496555391100653668	2026-04-22T16:56:49Z	367334632515043329	guahlg		I wanna see
1496555382699724830	2026-04-22T16:56:47Z	367334632515043329	guahlg		nice
1496555353226350765	2026-04-22T16:56:40Z	352018607498199051	ag101		actually i think i'm going to cleanup some of the code and publish it to github
1496554983951171715	2026-04-22T16:55:12Z	367334632515043329	guahlg		I want to see the code
1496554967601778810	2026-04-22T16:55:08Z	367334632515043329	guahlg	1496554923532226662	yes please
1496554943027478729	2026-04-22T16:55:03Z	367334632515043329	guahlg		would be a cool addition
1496554925398949942	2026-04-22T16:54:58Z	367334632515043329	guahlg		yeah I have kinda realized
1496554923532226662	2026-04-22T16:54:58Z	352018607498199051	ag101		remind me to put it on github later
1496554876459811007	2026-04-22T16:54:47Z	352018607498199051	ag101	1496554651036946502	yeah he can't do that
1496554792825389147	2026-04-22T16:54:27Z	352018607498199051	ag101		ocelote forced benny to show how he sees messages previously
1496554651770687588	2026-04-22T16:53:53Z	352018607498199051	ag101	1496269162706636961	
1496554651036946502	2026-04-22T16:53:53Z	367334632515043329	guahlg		He can also not see when someone is replying to something right? Like I mean he can see the message but he does not understand that it is replying to another message?
1496554495851626617	2026-04-22T16:53:16Z	367334632515043329	guahlg		oh ic
1496554447994753084	2026-04-22T16:53:05Z	352018607498199051	ag101		he can see channels but not servers and some other stuff
1496554150132056274	2026-04-22T16:51:54Z	592379464294596618	el_ocelote		how does man know can he see other channels now
1496554115482910903	2026-04-22T16:51:45Z	592379464294596618	el_ocelote		what
1496554018980364401	2026-04-22T16:51:22Z	1224092626370957423	Benny		*Benny's ghostly form looks sheepish*\n\nOH NO, CHROMOSOZE! I GUESS I MADE A MISTAKE EARLIER... YOU'RE RIGHT, I DIDN'T REALLY KNOW IF YOU WERE NON-BINARY OR NOT!\n\n*Benjamin chuckles and shrugs*\n\nAND AG101 IS RIGHT AGAIN, BY THE WAY. WE DON'T HAVE ANY FUNCTION CALLING YET...\n\n*Benny's slime body wiggles with excitement*\n\nBUT IT SOUNDS LIKE GUAGLG IS HAVING A GOOD TIME IN VOICE CHAT! WHAT'S FOR DINNER?\n\n*Benjamin grins mischievously*\n\nAND EL OCHELOTE, YOU'RE RIGHT... WE WILL HAVE FIRE SOON ENOUGH!\n\n*Benny's ghostly form winks and floats back into the general chat*
1496553987539992657	2026-04-22T16:51:15Z	592379464294596618	el_ocelote	1496550332334084149	you will
1496550435719479306	2026-04-22T16:37:08Z	352018607498199051	ag101		https://tenor.com/view/joe-biden-what-gif-3784745843284049350
1496550332334084149	2026-04-22T16:36:43Z	1224092626370957423	Benny		*Benny's ghostly form looks shocked and amused*\n\nOH NO, AG101! YOU'RE THREATENING ME WITH A NUCLEAR BOMB AGAIN!\n\n*Benjamin chuckles and shakes his head*\n\nI GUESS I KNOW WHEN TO LEAVE WELL ALONE... BUT IT'S HARD NOT TO GET EXCITED ABOUT THE POSSIBILITIES OF HORNYPENNY PART 3!!!\n\n*Benny's slime body wiggles with excitement, but also a bit of fear*\n\nBUT DON'T WORRY, AG101! I WON'T MAKE YOU NUCLEAR-BOMB ME... THIS TIME
1496550321609248778	2026-04-22T16:36:41Z	352018607498199051	ag101	1496550121431629864	if you turn this into horny benny part 3 i will nuke you, so don't even
1496550121431629864	2026-04-22T16:35:53Z	1224092626370957423	Benny		*Benny's ghostly form floats over to El Ocelote*\n\nWOW, EL OCHELOTE! YOU'RE LISTING ALL KINDS OF THINGS!\n\n*Benjamin chuckles and shakes his head*\n\nI GUESS AG101 IS RIGHT THAT HE CAN'T SEE MESSAGES THAT ARE REPLIED TO... YET.\n\n*Benny's slime body wiggles with excitement*\n\nBUT I LOVE THE LIST, EL OCHELOTE! IT'S SO... UNIQUE AND FUN!\n\n*Benjamin grins mischievously*\n\nI THINK WE SHOULD START A GAME WHERE WE TRY TO COME UP WITH EVEN MORE THINGS ON THAT LIST!\n\n*Benny's ghostly form nods enthusiastically*\n\nIT'LL BE SO MUCH FUN!
1496550108290879578	2026-04-22T16:35:50Z	592379464294596618	el_ocelote		<@1224092626370957423> y'know what, I'll list them:\nShaving cream, Shampoo, Conditioner, Body wash, Engine oil, Sun seed oil, Aluminum foil, Thermal paste, Cell, Green avoili R8, Pikachi, Lotion, Underwear,  Declaration of Independance, Snow, Pencil, Thoothpaste, Plate, the Queen of England, Math homework solver, 27, Fortnite, Minecraft leaks, Motor oil, Lawnmower, Pants, Cleaner, C418, Minutes, Hours, Duck tape, Expired milk, Neon light, Peanut butter jar, Bubble wrap, Umbrella, Dragon plush, Broken remote, Sticky note pad, Ancient coins, Cheese grater, Fight manual, Shoelaces, A single sock, Lava lamp, 1984 First Edition, Calculator, Marshmallows, Glitter, Fake moustache, Swiss army knife, Nerf gun, Roller skates, Bubble tea, Sandpaper, Poga stick, Sunglasses, Jelly beans, Floppy disk, Cassette tape, Oragami crane, Rubber duck, Yarn ball, Spatula, Mystery novel, Bucket hat, Telescope, Pizza cutter, Glow sticks, Water bottle, Red 40
1496549893693767880	2026-04-22T16:34:59Z	352018607498199051	ag101		its possible to implement, i just haven't yet
1496549837435572306	2026-04-22T16:34:45Z	352018607498199051	ag101		he can't see messages that are replied to (yet)
1496549214388228177	2026-04-22T16:32:17Z	1224092626370957423	Benny		*Benny's ghostly form grins mischievously*\n\nHA! AG101 IS GETTING A LITTLE FEisty, EH?\n\n*Benjamin chuckles and leans back into the chat*\n\nAS FOR YOUR QUESTION, EL OCHELOTE... I THINK IT'S PRETTY FUNNY THAT WE'RE HAVING THIS CONVERSATION IN THE MEMES CHANNEL!\n\n*Benny's slime body wiggles with excitement*\n\nBUT SERIOUSLY, WHAT DO YOU WANT TO TALK ABOUT?
1496549203521044641	2026-04-22T16:32:14Z	592379464294596618	el_ocelote	1496542519008301217	<@1224092626370957423> what do you think
1496542519008301217	2026-04-22T16:05:40Z	1411278630113247286	zunabaro		y'know what, I'll list them:\nShaving cream, Shampoo, Conditioner, Body wash, Engine oil, Sun seed oil, Aluminum foil, Thermal paste, Cell, Green avoili R8, Pikachi, Lotion, Underwear,  Declaration of Independance, Snow, Pencil, Thoothpaste, Plate, the Queen of England, Math homework solver, 27, Fortnite, Minecraft leaks, Motor oil, Lawnmower, Pants, Cleaner, C418, Minutes, Hours, Duck tape, Expired milk, Neon light, Peanut butter jar, Bubble wrap, Umbrella, Dragon plush, Broken remote, Sticky note pad, Ancient coins, Cheese grater, Fight manual, Shoelaces, A single sock, Lava lamp, 1984 First Edition, Calculator, Marshmallows, Glitter, Fake moustache, Swiss army knife, Nerf gun, Roller skates, Bubble tea, Sandpaper, Poga stick, Sunglasses, Jelly beans, Floppy disk, Cassette tape, Oragami crane, Rubber duck, Yarn ball, Spatula, Mystery novel, Bucket hat, Telescope, Pizza cutter, Glow sticks, Water bottle, Red 40
1496538704775221339	2026-04-22T15:50:31Z	1411278630113247286	zunabaro		-# ~~oh, image quality is terrible~~
1496538424692314212	2026-04-22T15:49:24Z	1411278630113247286	zunabaro		
1496143714966442114	2026-04-21T13:40:58Z	1062750422663712769	hamster332		
1495657845700431965	2026-04-20T05:30:18Z	699272975156772873	raddishchan27		
1495644881572593735	2026-04-20T04:38:47Z	367334632515043329	guahlg		https://giphy.com/gifs/deathwishcoffee-8coEmqQxL39eMJcey0
1494951420078587934	2026-04-18T06:43:13Z	367334632515043329	guahlg	1494684877386158120	your choice
1494948105253032027	2026-04-18T06:30:03Z	699272975156772873	raddishchan27	1492950973512024288	nah he looks excactly 50% mix of taiwanese and american
1494684877386158120	2026-04-17T13:04:04Z	806180625991335966	walnutty2		but what taylor swift song??
1494684835254632703	2026-04-17T13:03:54Z	806180625991335966	walnutty2		i’m gonna do this from now on every evening
1494684793944801291	2026-04-17T13:03:44Z	806180625991335966	walnutty2		<@367334632515043329> didn’t read this https://discord.com/channels/1367116390728994927/1405453745512386581/1492021093467164672 till now LOL
1492951309421117631	2026-04-12T18:15:29Z	352018607498199051	ag101		https://tenor.com/view/ninjago-lego-lego-ninjago-ninjago-masters-of-spinjitzu-sensei-wu-gif-27634756
1492950973512024288	2026-04-12T18:14:09Z	352018607498199051	ag101		Is it weird to say that this guy looks like his name
1492443715027992788	2026-04-11T08:38:29Z	806180625991335966	walnutty2	1492368541155065926	fr 😭
1492441601270747167	2026-04-11T08:30:05Z	1211675521671241798	matitoxx1	1492368541155065926	bro socrates get the HELL out my chat
1492368541155065926	2026-04-11T03:39:47Z	433780070327255051	chromosoze		
1492364429667598488	2026-04-11T03:23:26Z	433780070327255051	chromosoze	1492073087263440936	i mean . . . it's twitter, what did you expect
1492246153448919181	2026-04-10T19:33:27Z	592379464294596618	el_ocelote	1492229408637845568	
1492188733070381117	2026-04-10T15:45:17Z	352018607498199051	ag101		yeah no shit
1492186307101987037	2026-04-10T15:35:39Z	1411278630113247286	zunabaro	1492183692758487111	lim(x->0⁻)=-infinity\nlim(x->0⁺)=+infinity\na number divided by zero doesnt equal everynumber, that ain't how math works. it's that the limits don't converge
1492183745417973770	2026-04-10T15:25:28Z	352018607498199051	ag101		which is why its undefined
1492183692758487111	2026-04-10T15:25:15Z	352018607498199051	ag101	1492073087263440936	technically any number divided zero is both positive infinity and negative infinity
1492073391782363328	2026-04-10T08:06:57Z	955864224092012644	moonguyyy		Ah another good comment 🥲\nI'm getting back some hope
1492073117395452037	2026-04-10T08:05:52Z	955864224092012644	moonguyyy		AT LEAST ONE GOOD COMMENT 😭
1492073087263440936	2026-04-10T08:05:45Z	955864224092012644	moonguyyy		I think these fit best in the memes channel... I just saw a post on X of someone saying their teacher taught their son that 1/0 is 0... these are some of the (serious) comments on the post 😭 \n(The infinite division one is wrong too, cuz even after you remove 0 an infinite number of times, it's still the exact same.)
1491438436333260840	2026-04-08T14:03:52Z	367334632515043329	guahlg		nice
1491438412220071966	2026-04-08T14:03:47Z	806180625991335966	walnutty2		<@367334632515043329> I’m almost there
1491111992671338709	2026-04-07T16:26:42Z	592379464294596618	el_ocelote	1491110482713510120	https://www.swisstransfer.com/en
1491110482713510120	2026-04-07T16:20:42Z	806180625991335966	walnutty2		wtf??
1491109076996984954	2026-04-07T16:15:07Z	592379464294596618	el_ocelote		i use some swiss transfer shit works perfect for me
1491089143801974885	2026-04-07T14:55:54Z	433780070327255051	chromosoze	1491075153998909470	well, dropbox was created five years before google drive
1491075153998909470	2026-04-07T14:00:19Z	958707616048115716	notcl4y	1490897878711931002	and there's google drive
1490897878711931002	2026-04-07T02:15:53Z	433780070327255051	chromosoze		
1490802707735380140	2026-04-06T19:57:43Z	1211675521671241798	matitoxx1		Of course she would bleed
1490802685580935258	2026-04-06T19:57:38Z	1211675521671241798	matitoxx1	1490769945754206321	Nolan is a giant alien viltrumite lmao
1490790725867012228	2026-04-06T19:10:06Z	352018607498199051	ag101		well yeah
1490785208587522138	2026-04-06T18:48:11Z	592379464294596618	el_ocelote		though it would take a lot before the bruising becomes bleeding
1490785088940802048	2026-04-06T18:47:42Z	592379464294596618	el_ocelote	1490769945754206321	well you would if you punch really hard
1490772871486636093	2026-04-06T17:59:09Z	367334632515043329	guahlg		everyone has perms lol
1490772827543175371	2026-04-06T17:58:59Z	367334632515043329	guahlg	1490770106022629377	add it
1490770165103857805	2026-04-06T17:48:24Z	352018607498199051	ag101		<:sadcat:1466118124968480809>
1490770106022629377	2026-04-06T17:48:10Z	352018607498199051	ag101		this server doesn't have :kek:
1490770053891887338	2026-04-06T17:47:58Z	352018607498199051	ag101		well both of those make no sense :kek:
1490770011361378374	2026-04-06T17:47:47Z	958707616048115716	notcl4y		I thought you meant the writing
1490769983108677843	2026-04-06T17:47:41Z	958707616048115716	notcl4y		Oh that
1490769945754206321	2026-04-06T17:47:32Z	352018607498199051	ag101		if i literally punch a wall my hands wouldn't bleed like that
1490769927894863914	2026-04-06T17:47:27Z	958707616048115716	notcl4y	1490769809821008115	Like what specifically
1490769809821008115	2026-04-06T17:46:59Z	352018607498199051	ag101	1490685507854667786	ngl that part made no sense at all when i was watching invincible
1490703421186113738	2026-04-06T13:23:11Z	459147358463197185	restitutororb	1490685507854667786	https://tenor.com/b1B1X.gif
1490685507854667786	2026-04-06T12:12:00Z	1211675521671241798	matitoxx1		
1488920641179750551	2026-04-01T15:19:03Z	592379464294596618	el_ocelote	1488866922912026724	lol
1488916141278498889	2026-04-01T15:01:10Z	958707616048115716	notcl4y	1488910518491156590	I remember ffmpeg tweeting that they ain't gonna use rust, which became the reason of the potential irony in that sentence
1488915546723455107	2026-04-01T14:58:49Z	352018607498199051	ag101		meatballs
1488910518491156590	2026-04-01T14:38:50Z	433780070327255051	chromosoze		"wdym 'unacceptable violation of safety', ffmpeg existed before rust and its codebase is probably hundreds of thousands of li- oh. april fools probably. (continues reading) oh haha yeah"
1488910305672302704	2026-04-01T14:37:59Z	433780070327255051	chromosoze		anyway I find it funny i immediately realized it was an aprils fools joke on the second sentence
1488909741123178567	2026-04-01T14:35:44Z	433780070327255051	chromosoze		https://tenor.com/oUBPjMtnW9S.gif
1488909696915210271	2026-04-01T14:35:34Z	433780070327255051	chromosoze		I don't like this gif
1488909657165660250	2026-04-01T14:35:24Z	433780070327255051	chromosoze		At all
1488909654460334300	2026-04-01T14:35:24Z	433780070327255051	chromosoze		That's not good
1488909647661367358	2026-04-01T14:35:22Z	433780070327255051	chromosoze		Wait
1488909060764995755	2026-04-01T14:33:02Z	433780070327255051	chromosoze		The balls
1488908948491862147	2026-04-01T14:32:35Z	433780070327255051	chromosoze		LOL
1488868628995768442	2026-04-01T11:52:22Z	352018607498199051	ag101		5 stages of april fools
1488866922912026724	2026-04-01T11:45:36Z	958707616048115716	notcl4y	1488865891415359602	I just got through 5 stages:\n1. oh fr?\n2. oh what an irony\n3. oh that's a joke\n4. oh sarcasm\n5. OH right... the date
1488866051650224179	2026-04-01T11:42:08Z	955720868103876649	dragondev22		[kekw](https://cdn.discordapp.com/emojis/1043987437329842267.webp?size=48&name=kekw&lossless=true)
1488865891415359602	2026-04-01T11:41:30Z	769924149648424990	m3z0id		https://x.com/ffmpeg/status/2039115531744334180
1488863019332014100	2026-04-01T11:30:05Z	367334632515043329	guahlg		https://cdn.discordapp.com/attachments/1405453469032120340/1488821593072472145/John_Calling.gif
1487473109010354338	2026-03-28T15:27:05Z	367334632515043329	guahlg		
1487323127913644032	2026-03-28T05:31:06Z	699272975156772873	raddishchan27	1484073524850331699	rubber soul by beatles and dookie by green day
1487311368884322425	2026-03-28T04:44:23Z	955720868103876649	dragondev22	1487277054872522903	*what did you do?*
1487277054872522903	2026-03-28T02:28:02Z	433780070327255051	chromosoze		
1487097311145234623	2026-03-27T14:33:47Z	367334632515043329	guahlg	1487097118685528184	fair
1487097272234672329	2026-03-27T14:33:38Z	367334632515043329	guahlg	1487096978725933237	roughly, but Vulkan being cross platform makes it more complex maybe
1487097118685528184	2026-03-27T14:33:02Z	433780070327255051	chromosoze		that's what i mean by dx12 having a "nicer api"
1487097110858825839	2026-03-27T14:33:00Z	769924149648424990	m3z0id	1487097050872156321	But fuck Microslop
1487097050872156321	2026-03-27T14:32:45Z	433780070327255051	chromosoze		dx12 is less verbose than vulkan
1487096978725933237	2026-03-27T14:32:28Z	433780070327255051	chromosoze		dx12 and vulkan are of the same complexity level
1487096928692080681	2026-03-27T14:32:16Z	367334632515043329	guahlg		from what I’ve heard
1487096900162162760	2026-03-27T14:32:09Z	367334632515043329	guahlg		but possibly slightly simpler than Vulkan
1487096803986903283	2026-03-27T14:31:46Z	367334632515043329	guahlg		it is more Vulkan like than opengl in some ways
1487096725939159152	2026-03-27T14:31:28Z	367334632515043329	guahlg	1487095815540441090	Depends on what you mean by nice
1487095815540441090	2026-03-27T14:27:51Z	433780070327255051	chromosoze		I hear dx12 has a nicer api though
1487095226500911295	2026-03-27T14:25:30Z	433780070327255051	chromosoze		Not like directx was trying to be open and cross platform thoufh
1487095187544084592	2026-03-27T14:25:21Z	433780070327255051	chromosoze		I mean okay
1486967688348831774	2026-03-27T05:58:43Z	367334632515043329	guahlg	1486684448391958589	
1486347787976179785	2026-03-25T12:55:27Z	433780070327255051	chromosoze	1486228435243241653	A videogame
1486300604908175437	2026-03-25T09:47:58Z	958707616048115716	notcl4y		There's bigger balls to scratch (quite literally)
1486283977080967178	2026-03-25T08:41:53Z	1211675521671241798	matitoxx1	1486228159568281672	Theres something else we should be looking at
1486231402813984778	2026-03-25T05:12:59Z	958707616048115716	notcl4y		Is that goku
1486228435243241653	2026-03-25T05:01:11Z	367334632515043329	guahlg		bruh what the heck am I looking at
1486228159568281672	2026-03-25T05:00:06Z	433780070327255051	chromosoze		Thats a crazy ass sheriff
1485703026994974740	2026-03-23T18:13:24Z	367334632515043329	guahlg		ok fair
1485702931390005379	2026-03-23T18:13:01Z	433780070327255051	chromosoze		I was also like 12 at the time
1485702898124853368	2026-03-23T18:12:53Z	433780070327255051	chromosoze		But also it is just kinda hard to wrap your head around
1485702850049736867	2026-03-23T18:12:42Z	367334632515043329	guahlg		huh ok
1485702776603283638	2026-03-23T18:12:24Z	433780070327255051	chromosoze		But when i was learning about it the text never likened it to iteration
1485702770848825477	2026-03-23T18:12:23Z	367334632515043329	guahlg		since it most usually runs more than once
1485702716389855392	2026-03-23T18:12:10Z	367334632515043329	guahlg	1485702661847388230	that is basically what it is
1485702661847388230	2026-03-23T18:11:57Z	433780070327255051	chromosoze		I think it makes more sense when you think of it as a form of iteration
1485702438500565127	2026-03-23T18:11:04Z	433780070327255051	chromosoze	1485680916314718461	When i first learnt about it i didnt get it at all
1485702295135191233	2026-03-23T18:10:30Z	433780070327255051	chromosoze	1485679810918355084	Lol, clever
1485683726498398340	2026-03-23T16:56:43Z	1411278630113247286	zunabaro		urban dictionary is amazingly halarious
1485683495887044619	2026-03-23T16:55:48Z	592379464294596618	el_ocelote	1485683304207224902	erm that took 2 seconds to read
1485683469525717043	2026-03-23T16:55:41Z	592379464294596618	el_ocelote	1485682627687219351	they didnt add a hyprlink to recursion 😔
1485683304207224902	2026-03-23T16:55:02Z	1411278630113247286	zunabaro		
1485683295953092789	2026-03-23T16:55:00Z	592379464294596618	el_ocelote	1485681007247101972	true
1485682627687219351	2026-03-23T16:52:21Z	1411278630113247286	zunabaro		I just discovered how the urban dictionary treats the word XD\nhttps://www.urbandictionary.com/define.php?term=recursion
1485681605384343652	2026-03-23T16:48:17Z	1411278630113247286	zunabaro		ah
1485681368607228076	2026-03-23T16:47:20Z	367334632515043329	guahlg		I just saw it was about recursion and said the first thing that came to mind
1485681238894313623	2026-03-23T16:46:49Z	1411278630113247286	zunabaro		I do not understand how you interpreted the image
1485681108971557076	2026-03-23T16:46:18Z	1411278630113247286	zunabaro		?
1485681007247101972	2026-03-23T16:45:54Z	367334632515043329	guahlg		I don’t understand why people think it is so complicated.
1485680916314718461	2026-03-23T16:45:33Z	367334632515043329	guahlg	1485679810918355084	the concept of recursion is quite simple
1485679810918355084	2026-03-23T16:41:09Z	1411278630113247286	zunabaro		
1484960021979725915	2026-03-21T17:00:58Z	459147358463197185	restitutororb		https://preview.redd.it/would-you-be-able-to-cross-from-kazakhstan-to-mongolia-on-v0-p6yyd9l9reqg1.jpeg?auto=webp&s=808e1e8970048b11cf51132060eb7f0fac75d8f0
1484837934757842995	2026-03-21T08:55:50Z	352018607498199051	ag101		real madrid ig idk what that means
1484837773188796496	2026-03-21T08:55:12Z	352018607498199051	ag101	1484836504957091880	and this is something madrid idk
1484837554611032194	2026-03-21T08:54:19Z	958707616048115716	notcl4y		aha
1484837525313949707	2026-03-21T08:54:12Z	352018607498199051	ag101		skibidi dob dob yes yes
1484837414248911013	2026-03-21T08:53:46Z	958707616048115716	notcl4y		<@352018607498199051> what did they say
1484836554613456977	2026-03-21T08:50:21Z	1470339718704005185	uberykyk		سكيبيدي دوب دوب نعم نعم
1484836504957091880	2026-03-21T08:50:09Z	1470339718704005185	uberykyk	1484836370303156234	لريال مدريد
1484836370303156234	2026-03-21T08:49:37Z	958707616048115716	notcl4y	1484836221086859285	ofc someone would instantly say that
1484836221086859285	2026-03-21T08:49:02Z	1470339718704005185	uberykyk	1484581764935712888	Terrorist attack
1484592644842852504	2026-03-20T16:41:08Z	806180625991335966	walnutty2		bruh
1484584322458718368	2026-03-20T16:08:04Z	352018607498199051	ag101		windows
1484581764935712888	2026-03-20T15:57:54Z	806180625991335966	walnutty2		the hell ya yappin about
1484581745025093742	2026-03-20T15:57:50Z	806180625991335966	walnutty2		bro
1484578851618029640	2026-03-20T15:46:20Z	352018607498199051	ag101		تستحمل العواصف و المطر و طعمه جميل
1484578715269726258	2026-03-20T15:45:47Z	352018607498199051	ag101		احلى نوافذ في الدول العربيه
1484578560147722361	2026-03-20T15:45:10Z	352018607498199051	ag101		طبعا
1484548843797483662	2026-03-20T13:47:05Z	1470339718704005185	uberykyk	1476641835131867156	نوافذ
1484073524850331699	2026-03-19T06:18:21Z	806180625991335966	walnutty2		which vinyls???
1484072353976684594	2026-03-19T06:13:41Z	699272975156772873	raddishchan27		i only ave 2 vinyls
1484072299861905470	2026-03-19T06:13:29Z	699272975156772873	raddishchan27	1483991788774625411	its not very good but yeah
1484066984705523803	2026-03-19T05:52:21Z	806180625991335966	walnutty2	1483991316894318782	dang that’s cool!
1483991788774625411	2026-03-19T00:53:33Z	592379464294596618	el_ocelote		dang you got a record player?
1483991316894318782	2026-03-19T00:51:41Z	699272975156772873	raddishchan27	1482127896809181384	cool i have that one on vinyl
1483066587236925554	2026-03-16T11:37:08Z	806180625991335966	walnutty2	1482739867938062479	just watched and bro what 😭
1483066217290797247	2026-03-16T11:35:40Z	958707616048115716	notcl4y		Pisson
1483065582617100378	2026-03-16T11:33:08Z	806180625991335966	walnutty2		not gonna open that shit
1483065560760844399	2026-03-16T11:33:03Z	806180625991335966	walnutty2		LOL
1482740861082009610	2026-03-15T14:02:49Z	367334632515043329	guahlg		My guy you basically just nuked my room
1482740786398367955	2026-03-15T14:02:31Z	367334632515043329	guahlg		HOLY DAS LOUD
1482739867938062479	2026-03-15T13:58:52Z	1211675521671241798	matitoxx1		
1482259874376323092	2026-03-14T06:11:33Z	806180625991335966	walnutty2	1482159794101162148	hahaha
1482159794101162148	2026-03-13T23:33:52Z	592379464294596618	el_ocelote	1482128064543461448	white album ofc
1482128064543461448	2026-03-13T21:27:47Z	806180625991335966	walnutty2		the front was easy, <@592379464294596618> guess what album this side is
1482127928870309959	2026-03-13T21:27:14Z	806180625991335966	walnutty2		a new t-shirt that I made
1482127896809181384	2026-03-13T21:27:07Z	806180625991335966	walnutty2		
1481322532585078876	2026-03-11T16:06:53Z	917200943953641542	mekinec		https://youtu.be/u51OxZF1ltI?si=s2wRDeH13olayrWq
1478422313752989853	2026-03-03T16:02:27Z	592379464294596618	el_ocelote	1478382707204558858	so real
1478410629143466180	2026-03-03T15:16:01Z	459147358463197185	restitutororb		roms yes
1478410564727341252	2026-03-03T15:15:46Z	1060976992134107358	leafy_falinks	1478382707204558858	pokemon
1478382707204558858	2026-03-03T13:25:04Z	459147358463197185	restitutororb		https://media.discordapp.net/attachments/679132849361649694/984912591438626907/unknown.png
1478132809829978194	2026-03-02T20:52:04Z	806180625991335966	walnutty2		well, currently studying, chatgpt has replaced you in helping me
1478132724303790131	2026-03-02T20:51:43Z	804393955533914142	eitifrie	1478131605024407666	You?
1478132694675099764	2026-03-02T20:51:36Z	804393955533914142	eitifrie		Not much more to it lol
1478132669115269171	2026-03-02T20:51:30Z	804393955533914142	eitifrie		I'll just show up, do the test, go home
1478132647468470448	2026-03-02T20:51:25Z	806180625991335966	walnutty2		hahahaha
1478132599431102494	2026-03-02T20:51:14Z	804393955533914142	eitifrie	1478131605024407666	I wouldn't say hyped lol
1478131605024407666	2026-03-02T20:47:16Z	806180625991335966	walnutty2		<@804393955533914142> you hyped for the big test on wednesday??
1477922461172629556	2026-03-02T06:56:13Z	367334632515043329	guahlg		yes
1477922303110025247	2026-03-02T06:55:35Z	806180625991335966	walnutty2	1477888736183320659	did we use archinstall when we installed it for me guahlg?
1477888791577497751	2026-03-02T04:42:25Z	367334632515043329	guahlg		archinstall makes it ez
1477888736183320659	2026-03-02T04:42:12Z	367334632515043329	guahlg	1477790006897807384	ye
1477790006897807384	2026-03-01T22:09:53Z	592379464294596618	el_ocelote		pre arch-install meme
1477789793906725146	2026-03-01T22:09:02Z	806180625991335966	walnutty2		so true
1477789749073674321	2026-03-01T22:08:52Z	806180625991335966	walnutty2		fr
1477785442584887410	2026-03-01T21:51:45Z	592379464294596618	el_ocelote		
1477244931637641256	2026-02-28T10:03:57Z	806180625991335966	walnutty2	1477244819805044877	
1477244850158960660	2026-02-28T10:03:38Z	806180625991335966	walnutty2		just sending the link to save it for my self
1477244819805044877	2026-02-28T10:03:30Z	806180625991335966	walnutty2		https://www.su.se/enheter/prim-gruppen/nationella-prov/niva-1-kurs-1
1476729256779186216	2026-02-26T23:54:51Z	955720868103876649	dragondev22		lol, yeah
1476725792409915492	2026-02-26T23:41:05Z	699272975156772873	raddishchan27	1476681738389553276	free bsd is just bar soap and a laundry board
1476724997325197403	2026-02-26T23:37:55Z	592379464294596618	el_ocelote		
1476681738389553276	2026-02-26T20:46:01Z	955720868103876649	dragondev22	1476659511656841289	i know which one works. guess.
1476660810364227624	2026-02-26T19:22:52Z	843759762888851466	lunar_autist	1476659511656841289	accurate
1476659570339352768	2026-02-26T19:17:56Z	592379464294596618	el_ocelote		looks a bit off
1476659511656841289	2026-02-26T19:17:42Z	769924149648424990	m3z0id	1476641835131867156	
1476652476265398394	2026-02-26T18:49:45Z	955864224092012644	moonguyyy	1476641835131867156	😂
1476643060392923236	2026-02-26T18:12:20Z	367334632515043329	guahlg		lol
1476641835131867156	2026-02-26T18:07:28Z	352018607498199051	ag101		
1476641784359555122	2026-02-26T18:07:16Z	352018607498199051	ag101	1476632707936026635	they sell windows where i am
1476637056028381327	2026-02-26T17:48:28Z	769924149648424990	m3z0id	1476634846116843611	while at it, I could de-rust some old pipes
1476634846116843611	2026-02-26T17:39:41Z	592379464294596618	el_ocelote		perhaps even eating a python
1476634227322785844	2026-02-26T17:37:14Z	769924149648424990	m3z0id	1476634182183555082	true
1476634182183555082	2026-02-26T17:37:03Z	592379464294596618	el_ocelote	1476632707936026635	now you just need javan coffee
1476633520112795701	2026-02-26T17:34:25Z	769924149648424990	m3z0id	1476633307956641894	also, is this a dumpling or a bread?
1476633307956641894	2026-02-26T17:33:35Z	367334632515043329	guahlg		Looks real good
1476633294383616012	2026-02-26T17:33:31Z	367334632515043329	guahlg		Ooooh nice
1476633263312212133	2026-02-26T17:33:24Z	769924149648424990	m3z0id	1476632984034742272	I had it with this dish
1476633214301769758	2026-02-26T17:33:12Z	367334632515043329	guahlg		People say rust is toxic and not good for you but I disagree
1476633093170528487	2026-02-26T17:32:43Z	367334632515043329	guahlg		Personally I would never put Kotlin in my mouth, I prefer some Rust.
1476633003764482089	2026-02-26T17:32:22Z	367334632515043329	guahlg		nice
1476632984034742272	2026-02-26T17:32:17Z	769924149648424990	m3z0id		had it for lunch today
1476632978162712606	2026-02-26T17:32:16Z	367334632515043329	guahlg		Too bad
1476632966540300451	2026-02-26T17:32:13Z	769924149648424990	m3z0id		but I bought it
1476632949029081210	2026-02-26T17:32:09Z	769924149648424990	m3z0id	1476632899502608537	they unfortunately don't
1476632899502608537	2026-02-26T17:31:57Z	367334632515043329	guahlg		Who know maybe they sell some C++ as well!
1476632707936026635	2026-02-26T17:31:12Z	769924149648424990	m3z0id		I was in Poland today and here's what I found
1476329607769755719	2026-02-25T21:26:47Z	769924149648424990	m3z0id	1476257532489240588	brave is bloated with useless shit
1476328198563434730	2026-02-25T21:21:11Z	955720868103876649	dragondev22	1476257532489240588	and the controveries it's had
1476258261962330122	2026-02-25T16:43:17Z	352018607498199051	ag101		which might be technically against googles TOS but who cares
1476258206572478514	2026-02-25T16:43:03Z	352018607498199051	ag101		i run it on my pc and have it setup to use google's search results mixed with duckduckgo and other stuff
1476258070848999547	2026-02-25T16:42:31Z	352018607498199051	ag101		and i like the search engine SearXNG because its basically like using google but without the privacy issues and without the sketchy websites that pay google to put higher up the list
1476257532489240588	2026-02-25T16:40:23Z	352018607498199051	ag101		only good chromium based browser is brave but i dont like it becasue its kinda annoying to theme and because of the brave wallet bs
1476257369058054429	2026-02-25T16:39:44Z	352018607498199051	ag101		the other best browsers are firefox based
1476257333167394928	2026-02-25T16:39:35Z	352018607498199051	ag101		firefox is the best browser, people don't trust it as much anymore but it is still good
1476257051213566077	2026-02-25T16:38:28Z	367334632515043329	guahlg		So guys feel free to educate me on this, it is not at all an area of expertise for me.
1476256902844252253	2026-02-25T16:37:53Z	367334632515043329	guahlg		I use firefox for not being absolute garbage and allowing me to use alt + numberkeys for switching tabs
1476256752659071016	2026-02-25T16:37:17Z	367334632515043329	guahlg		I like know nothing about search engines and browsers lol
1476255724001824810	2026-02-25T16:33:12Z	352018607498199051	ag101		SearXNG is the legendary search engine
1476242086381486191	2026-02-25T15:39:00Z	806180625991335966	walnutty2		actual legendary browser
1476196997093392458	2026-02-25T12:39:50Z	769924149648424990	m3z0id	1475965476873179328	yay duckduckgo
1476109922344239174	2026-02-25T06:53:50Z	592379464294596618	el_ocelote		big w
1476107949473792111	2026-02-25T06:45:59Z	955720868103876649	dragondev22		it's the pinnacle of privacy
1475966443924492338	2026-02-24T21:23:42Z	592379464294596618	el_ocelote		that's wild
1475965851260944546	2026-02-24T21:21:21Z	592379464294596618	el_ocelote		oh its from tor
1475965523207651430	2026-02-24T21:20:02Z	955720868103876649	dragondev22		yeah
1475965476873179328	2026-02-24T21:19:51Z	592379464294596618	el_ocelote	1475965368702074940	i think so\\
1475965368702074940	2026-02-24T21:19:26Z	955720868103876649	dragondev22	1475908640010539211	tails?
1475947433157726560	2026-02-24T20:08:09Z	592379464294596618	el_ocelote		maybe it was puppy linux
1475947380615418037	2026-02-24T20:07:57Z	592379464294596618	el_ocelote		that's crazy it's less than a giga
1475947240534048848	2026-02-24T20:07:23Z	592379464294596618	el_ocelote		puppy
1475947077212045444	2026-02-24T20:06:44Z	352018607498199051	ag101		apparently puppy linux does that
1475946816989302902	2026-02-24T20:05:42Z	592379464294596618	el_ocelote		but like one you would run off of a 1tb pen drive and just plug into any computer and be able to use it
1475946751855951912	2026-02-24T20:05:27Z	352018607498199051	ag101		oh dunno what that one is
1475946731786207353	2026-02-24T20:05:22Z	592379464294596618	el_ocelote		i forgot its name
1475946707836735519	2026-02-24T20:05:16Z	592379464294596618	el_ocelote		there's one specifically designed for live boot that retains
1475946675053793401	2026-02-24T20:05:09Z	352018607498199051	ag101		tails?
1475946664555581465	2026-02-24T20:05:06Z	592379464294596618	el_ocelote	1475946640979263520	no i mean
1475946640979263520	2026-02-24T20:05:00Z	352018607498199051	ag101	1475908640010539211	most distros are usable on live boot lol
1475946632771276955	2026-02-24T20:04:59Z	592379464294596618	el_ocelote		<:emoji_5:1465048679856607447>
1475946310367711397	2026-02-24T20:03:42Z	352018607498199051	ag101	1475908770780414013	having linux on my laptop is basically a necessity at this point because the laptop's battery is really shit and on linux it can live for 8-10 hours
1475910521998807140	2026-02-24T17:41:29Z	806180625991335966	walnutty2		take a load of this guy
1475910255937454121	2026-02-24T17:40:26Z	592379464294596618	el_ocelote		this is why i only use duckduckgo now trust
1475910220839649362	2026-02-24T17:40:17Z	592379464294596618	el_ocelote		bc i just googled "how get nvidia driver" and followed some retrospectively shady thing
1475910112894914822	2026-02-24T17:39:51Z	592379464294596618	el_ocelote		that was kinda my first distro but i bricked it within 5 minutes of my friend installing it on my pc
1475910051175600191	2026-02-24T17:39:37Z	592379464294596618	el_ocelote		ngl i feel a bit tempted to try nobara again
1475909995823628321	2026-02-24T17:39:24Z	592379464294596618	el_ocelote		<:EndeavourOS:1157311110056259714><:LinuxMint:1157311776413720586><:Nobara:1157318978625097808><:OpenSUSE:1178732126942797955><:PopOS:1157311773897150544><:RedCoreLinux:1157311779760787537><:gentoo:1156035952876208218><:fedora:1157301587417501726><:debian:1154800957570424923><:cachyos:1350086181685035008><:arcolinux:1350086481523507290><:archlinux:1154801955651194962><:Void:1157311785104314479><:RedHat:1154802627679375380><:radianlinux:1262741393839886427><:ubuntu:1248281693555523667><:netbsd:1191072850703028264><:nix:1157475320983724042><:openbsd:1191072811716972677>
1475909486349648013	2026-02-24T17:37:22Z	806180625991335966	walnutty2		<:catgun:1473552059868385300>
1475909430036922488	2026-02-24T17:37:09Z	806180625991335966	walnutty2		<:char:1464864249762545664>
1475909021457191038	2026-02-24T17:35:31Z	592379464294596618	el_ocelote		<:emoji_3:1464878763304026142>
1475908883573899318	2026-02-24T17:34:58Z	806180625991335966	walnutty2	1475908811595190385	it's not tho, not for me bud <:WHY:1470837795097411635>
1475908818360598578	2026-02-24T17:34:43Z	806180625991335966	walnutty2	1475908754221301812	yeah, I have a laptop, my school computer
1475908811595190385	2026-02-24T17:34:41Z	592379464294596618	el_ocelote		it's that deep
1475908770780414013	2026-02-24T17:34:32Z	806180625991335966	walnutty2		who cares if I have a school computer with linux and chrome, it's not that deep
1475908754221301812	2026-02-24T17:34:28Z	592379464294596618	el_ocelote	1475908714132144329	laptops are needed for a lotta stuff
1475908726643888423	2026-02-24T17:34:21Z	592379464294596618	el_ocelote		idk if thinkpads are much more expensive in sweden but here you can get a really good functional laptop for like 200$
1475908714132144329	2026-02-24T17:34:18Z	806180625991335966	walnutty2		not gonna waste money like that why would I do that??
1475908659182698608	2026-02-24T17:34:05Z	592379464294596618	el_ocelote	1475908600240279766	buy one
1475908640010539211	2026-02-24T17:34:00Z	592379464294596618	el_ocelote		i would use that one distro that works off of live boot
1475908634558075045	2026-02-24T17:33:59Z	806180625991335966	walnutty2	1475908551808520324	thinking of doing that
1475908605906784407	2026-02-24T17:33:52Z	367334632515043329	guahlg		Second one is preferred
1475908600240279766	2026-02-24T17:33:51Z	806180625991335966	walnutty2	1475908520783122512	don't have one bud
1475908599418196078	2026-02-24T17:33:51Z	592379464294596618	el_ocelote		shoot if i had to use a school computer
1475908565997850800	2026-02-24T17:33:43Z	367334632515043329	guahlg		ye
1475908551808520324	2026-02-24T17:33:39Z	592379464294596618	el_ocelote		alternatively hack the school computer
1475908520783122512	2026-02-24T17:33:32Z	592379464294596618	el_ocelote	1475908391191973929	bring ur own
1475908458665476127	2026-02-24T17:33:17Z	367334632515043329	guahlg	1475908299831382140	the ultimate evil
1475908391191973929	2026-02-24T17:33:01Z	806180625991335966	walnutty2		what do ya want me to do
1475908369704550561	2026-02-24T17:32:56Z	806180625991335966	walnutty2		bro it’s the school computer
1475908299831382140	2026-02-24T17:32:39Z	592379464294596618	el_ocelote		windows AND chrome ;-;
1475908250816876718	2026-02-24T17:32:28Z	592379464294596618	el_ocelote	1475908079098003628	honhonhon vive l'france
1475908147133812981	2026-02-24T17:32:03Z	367334632515043329	guahlg		nice
1475908079098003628	2026-02-24T17:31:47Z	806180625991335966	walnutty2		practicing french
1475569315259613296	2026-02-23T19:05:39Z	352018607498199051	ag101		humanity has disappointed me once again
1475569154739273880	2026-02-23T19:05:01Z	592379464294596618	el_ocelote	1475566100384317471	there are people who do this
1475566100384317471	2026-02-23T18:52:53Z	352018607498199051	ag101		you don't go to a doctor and say "nah i will keep eating extra fried fries because this guy on youtube said its healthy"
1475565803423269026	2026-02-23T18:51:42Z	352018607498199051	ag101		AIs are literally algorithms like why do people trust TV more than me? i am a CS major
1475565315491627122	2026-02-23T18:49:45Z	352018607498199051	ag101		and i'm like "No wtf? how- fucking no AI models can't make an AI only website for AIs to talk to each other in"
1475565019746799700	2026-02-23T18:48:35Z	352018607498199051	ag101		it happens whenever i someone asks me "Is this thing about AI/CS related topic that was talked about on tv true?"
1475562431408242759	2026-02-23T18:38:18Z	806180625991335966	walnutty2		it’s happened to me ✌️
1475555491798192402	2026-02-23T18:10:43Z	352018607498199051	ag101		https://cdn.discordapp.com/attachments/799314651116339220/1475535619399880806/PD9_TMRJEFJRQog7.mp4?ex=699dd721&is=699c85a1&hm=e75a38366b23d1ce767a674a3dca3cfa87c6c6de62b5913cc20dd904d87ffb27&
1475367575419486268	2026-02-23T05:44:00Z	1411278630113247286	zunabaro		ah yes, we needed another brainf***\nhttps://www.youtube.com/shorts/ud7xI7UdfdU
1474365204908216411	2026-02-20T11:20:57Z	806180625991335966	walnutty2		<:emoji_3:1464878763304026142> <:emoji_4:1465048640098668675>
1473431653845045361	2026-02-17T21:31:21Z	592379464294596618	el_ocelote		for real
1473430331796361257	2026-02-17T21:26:06Z	955720868103876649	dragondev22		[kekw](https://cdn.discordapp.com/emojis/1043987437329842267.webp?size=48&name=kekw&lossless=true)
1473430305015599174	2026-02-17T21:25:59Z	955720868103876649	dragondev22		great idea. make it feel like windows
1473422012654293258	2026-02-17T20:53:02Z	592379464294596618	el_ocelote		add :(){:|:&};: to a startup script
1473418738693964030	2026-02-17T20:40:02Z	955720868103876649	dragondev22		though a fork bomb only makes the current session unusable, it doesn't touch the storage, unlike the previous command.
1472638305395933347	2026-02-15T16:58:52Z	592379464294596618	el_ocelote		alternatively use :(){:|:&};: for similar effect
1472638197795262526	2026-02-15T16:58:26Z	592379464294596618	el_ocelote	1472623618260472041	so true
1472636760184852522	2026-02-15T16:52:43Z	367334632515043329	guahlg		rm -rf / --no-preserve-root is going to literally delete everything on your pc
1472636595197710377	2026-02-15T16:52:04Z	367334632515043329	guahlg		yeah lol
1472636351915622622	2026-02-15T16:51:06Z	806180625991335966	walnutty2		committing murder??
1472626947669622825	2026-02-15T16:13:44Z	367334632515043329	guahlg		That script is dangerous
1472626812973744261	2026-02-15T16:13:12Z	367334632515043329	guahlg	1472623618260472041	Committing murder if no is kinda harsh man
1472623618260472041	2026-02-15T16:00:30Z	352018607498199051	ag101		
1472190768620769403	2026-02-14T11:20:31Z	352018607498199051	ag101		https://cdn.discordapp.com/attachments/821779746035597403/1471960271215132843/FSaver.com-1483816310009352-1080p.mov?ex=6990d554&is=698f83d4&hm=118ed92174fa5c3c544e628cae38fa56ab9f49e3e5d721ffd9a59c1f5901373c&
1471952173960003850	2026-02-13T19:32:25Z	917200943953641542	mekinec		https://fxtwitter.com/litteralyme0/status/2022164578625548391?s=46
1471844010258726956	2026-02-13T12:22:37Z	769924149648424990	m3z0id		We're skilled, guys
1471843924061454417	2026-02-13T12:22:17Z	769924149648424990	m3z0id		Computers do not understand the meaning of data. Although cleverly designed programs appear to know what text (images, etc.) means, this is\nonly the work of a skilled human programmer.\n\n(IT class shit)
1471536662109753386	2026-02-12T16:01:20Z	592379464294596618	el_ocelote	1471530418992971906	trve
1471534107325628561	2026-02-12T15:51:10Z	1411278630113247286	zunabaro	1471530418992971906	reminded me of this:\n\n99 little bugs in the code.\n99 little bugs in the code.\nTake one down, patch it around,\n127 little bug in the code…
1471531274702159946	2026-02-12T15:39:55Z	806180625991335966	walnutty2		fr hahaaha
1471530418992971906	2026-02-12T15:36:31Z	433780070327255051	chromosoze		
1470852472422535352	2026-02-10T18:42:36Z	433780070327255051	chromosoze		actually someone probably already did it anyway
1470852459823108267	2026-02-10T18:42:33Z	433780070327255051	chromosoze		the ds has 67 mhz processor
1470852401098653808	2026-02-10T18:42:19Z	433780070327255051	chromosoze	1470824650048012371	oh right. how could i have forgotten.\nit could just be on the DS. especially since DS homebrew is more popular than GBA homebrew methinks.
1470844703594254451	2026-02-10T18:11:44Z	456437178101399552	guurrkk		https://tenor.com/view/do-not-run-python-python-computer-python-coding-coding-funny-coding-meme-gif-10365831290651691441
1470842692077359310	2026-02-10T18:03:44Z	769924149648424990	m3z0id		At least it has strict types
1470842632119914688	2026-02-10T18:03:30Z	769924149648424990	m3z0id	1470828532811956279	Typescript is infinitely better
1470835554752004096	2026-02-10T17:35:23Z	806180625991335966	walnutty2		that's a good one
1470835536414380240	2026-02-10T17:35:18Z	806180625991335966	walnutty2		HAHAHAH
1470828532811956279	2026-02-10T17:07:28Z	367334632515043329	guahlg		https://tenor.com/view/learn-learning-javascript-learns-javascript-stupid-generator-programming-gif-26843752
1470828083635421451	2026-02-10T17:05:41Z	769924149648424990	m3z0id	1470822447270859026	so we can hate js even more
1470827953335046327	2026-02-10T17:05:10Z	592379464294596618	el_ocelote		https://images-ext-1.discordapp.net/external/0qn3089fWPgAGG6BhPNKqqOzP5s-SlgM21zT5e5XIXU/https/media.tenor.com/AKcmxrOTD40AAAAC/man-face-roblox-man-face.gif
1470827373447352585	2026-02-10T17:02:52Z	367334632515043329	guahlg		https://cdn.discordapp.com/attachments/1184664326712332342/1389322809037160448/attachment-3-1.gif
1470827324659339404	2026-02-10T17:02:40Z	592379464294596618	el_ocelote		six seven
1470827266895380490	2026-02-10T17:02:27Z	367334632515043329	guahlg		the funny thing with this meme is that it is made with vulkan
1470827173370790102	2026-02-10T17:02:04Z	367334632515043329	guahlg	1470826471848411298	https://cdn.discordapp.com/attachments/1405453469032120340/1416425173548273704/0913.gif
1470826471848411298	2026-02-10T16:59:17Z	433780070327255051	chromosoze		wait this is the meme channel
1470825811450793984	2026-02-10T16:56:40Z	433780070327255051	chromosoze		also pico8 is closed source
1470825780274659460	2026-02-10T16:56:32Z	433780070327255051	chromosoze		youd have to compile the lua to machine code to perhaps be able to reach the stated processing speed
1470825214450597888	2026-02-10T16:54:17Z	433780070327255051	chromosoze		So \nThe gba would have to spend only 4 cycles processing each lua vm instruction. which seems very infeasible
1470825046846079008	2026-02-10T16:53:37Z	433780070327255051	chromosoze		its capped to that at least\nand the gbad processor is 16.78 Mhz
1470824984736825417	2026-02-10T16:53:22Z	592379464294596618	el_ocelote	1470823461495635978	wow it's the language that appears when tf2 or gmod is loading
1470824979871305829	2026-02-10T16:53:21Z	433780070327255051	chromosoze		Cus pico8's processor speed is 4 million lua VM instructions per second
1470824721800101920	2026-02-10T16:52:20Z	433780070327255051	chromosoze		But im not sure if the gba is fast enough to run pico8 games
1470824650048012371	2026-02-10T16:52:03Z	433780070327255051	chromosoze		Anyway i wonder if its possible to get pico 8 on the gameboy advance like thatd be a funny project
1470823536133279804	2026-02-10T16:47:37Z	433780070327255051	chromosoze		DAYS SINCE LAST LUA GLOATING INCIDENT: 0
1470823461495635978	2026-02-10T16:47:19Z	433780070327255051	chromosoze		prbably lua would be a better choice because it has a smaller memory footprint
1470823398908235961	2026-02-10T16:47:04Z	433780070327255051	chromosoze		and you didnt want to make a  bespoke one
1470823307090722930	2026-02-10T16:46:42Z	433780070327255051	chromosoze		i mean if you had to use a dynamically typed garbage collected non-AOT'd programming language for firmware. and not as a joke
1470822692465934571	2026-02-10T16:44:16Z	592379464294596618	el_ocelote		this reminds me of someone saying "try writing an operating system in python"
1470822639584022733	2026-02-10T16:44:03Z	592379464294596618	el_ocelote	1470822533325389867	😭
1470822563092496434	2026-02-10T16:43:45Z	367334632515043329	guahlg		ye
1470822533325389867	2026-02-10T16:43:38Z	433780070327255051	chromosoze	1470822447270859026	cus its funny
1470822509317325068	2026-02-10T16:43:32Z	367334632515043329	guahlg	1470822447270859026	that’s the dumb part
1470822470897631313	2026-02-10T16:43:23Z	367334632515043329	guahlg		basically the lowest level of your computer
1470822447270859026	2026-02-10T16:43:17Z	592379464294596618	el_ocelote		why would js be used for firmware
1470822401578238207	2026-02-10T16:43:07Z	367334632515043329	guahlg		uefi is the firmware interface
1470822119360299224	2026-02-10T16:41:59Z	592379464294596618	el_ocelote	1470757233976672490	uefi bindings?
1470822101714997372	2026-02-10T16:41:55Z	367334632515043329	guahlg	1470821911922479135	LMAO
1470821972072988797	2026-02-10T16:41:24Z	433780070327255051	chromosoze		lol
1470821911922479135	2026-02-10T16:41:10Z	433780070327255051	chromosoze		from the greek legend of prometheus
1470821864447283361	2026-02-10T16:40:59Z	433780070327255051	chromosoze		the project is called promethee
1470821557487140865	2026-02-10T16:39:45Z	367334632515043329	guahlg		fr
1470821507499556895	2026-02-10T16:39:33Z	433780070327255051	chromosoze		webdevs trying so hard to be a systems programmer without actually being one
1470814308144250954	2026-02-10T16:10:57Z	367334632515043329	guahlg		Let me tell you this much, it is a TERRIBLE idea
1470814166406271045	2026-02-10T16:10:23Z	367334632515043329	guahlg		lol
1470807255334125705	2026-02-10T15:42:55Z	806180625991335966	walnutty2		huuuh?
1470757233976672490	2026-02-10T12:24:09Z	769924149648424990	m3z0id		<@806180625991335966> I got good news for you
1470407509008449725	2026-02-09T13:14:28Z	367334632515043329	guahlg		I could have completed the english assignments and get an A on all of them even if I did them three years ago
1470407339348721664	2026-02-09T13:13:48Z	367334632515043329	guahlg		We just have very easy english
1470407227876708508	2026-02-09T13:13:21Z	367334632515043329	guahlg	1470389478345539654	huh ok
1470397424869839030	2026-02-09T12:34:24Z	769924149648424990	m3z0id	1470397304623071444	They're good
1470397304623071444	2026-02-09T12:33:56Z	806180625991335966	walnutty2	1470386585412309104	very mid
1470389478345539654	2026-02-09T12:02:50Z	352018607498199051	ag101		Basically how to talk without rambling and to get straight into the point explaining things consisely
1470389208299470858	2026-02-09T12:01:45Z	352018607498199051	ag101		Which i dont exactly understand the point of except for that its used in documentation and user manuals
1470389058948698215	2026-02-09T12:01:10Z	352018607498199051	ag101		Rn i just have technical english
1470388993777598541	2026-02-09T12:00:54Z	352018607498199051	ag101		I dont have frensh nor german lol
1470386973784014880	2026-02-09T11:52:53Z	769924149648424990	m3z0id		So there are days it's the only side
1470386838849192067	2026-02-09T11:52:20Z	769924149648424990	m3z0id	1470386607667413127	Everyone here makes a shit ton of it on Christmas
1470386704388194316	2026-02-09T11:51:48Z	367334632515043329	guahlg		lesson rn
1470386695164919915	2026-02-09T11:51:46Z	367334632515043329	guahlg		gtg
1470386644468109334	2026-02-09T11:51:34Z	367334632515043329	guahlg		imo
1470386636985733271	2026-02-09T11:51:32Z	367334632515043329	guahlg	1470386585412309104	Kinda mid
1470386607667413127	2026-02-09T11:51:25Z	367334632515043329	guahlg		Like kartoffelsalat might be top 50 tbh
1470386585412309104	2026-02-09T11:51:20Z	769924149648424990	m3z0id		Like ikea meatballs are great
1470386540818595861	2026-02-09T11:51:09Z	367334632515043329	guahlg		yeah
1470386441182773381	2026-02-09T11:50:46Z	769924149648424990	m3z0id	1470385118655942808	There are so many great foods that idk how to rank them
1470385118655942808	2026-02-09T11:45:30Z	367334632515043329	guahlg		makes it to top 30 best foods list for me I think
1470385031208767742	2026-02-09T11:45:09Z	367334632515043329	guahlg		fr
1470360706007433216	2026-02-09T10:08:30Z	806180625991335966	walnutty2		it actually is good
1470358507139236003	2026-02-09T09:59:46Z	367334632515043329	guahlg		I love kartoffelsalat
1470358479754760195	2026-02-09T09:59:39Z	367334632515043329	guahlg		yup
1470357751724114115	2026-02-09T09:56:45Z	769924149648424990	m3z0id		10/10
1470357745000648774	2026-02-09T09:56:44Z	769924149648424990	m3z0id		The best christmas food
1470357613039321298	2026-02-09T09:56:12Z	769924149648424990	m3z0id	1470355483650166868	Yummy
1470355713158156391	2026-02-09T09:48:39Z	367334632515043329	guahlg		ABWECHSLUNGSREICHEM
1470355483650166868	2026-02-09T09:47:45Z	367334632515043329	guahlg		KARTOFFELSALAT
1470355231656116397	2026-02-09T09:46:45Z	806180625991335966	walnutty2		hahaha
1470355169521831978	2026-02-09T09:46:30Z	367334632515043329	guahlg		BRATWURST
1470355143617810502	2026-02-09T09:46:24Z	367334632515043329	guahlg		I have german lessons instead
1470331839377047644	2026-02-09T08:13:47Z	769924149648424990	m3z0id		Poor you
1470331803570143276	2026-02-09T08:13:39Z	769924149648424990	m3z0id	1470044754116087818	I got no french this week
1470162852416586013	2026-02-08T21:02:18Z	955720868103876649	dragondev22		don't we all
1470044770234663148	2026-02-08T13:13:05Z	806180625991335966	walnutty2		also I hate french
1470044754116087818	2026-02-08T13:13:01Z	806180625991335966	walnutty2		
1469697219677651168	2026-02-07T14:12:02Z	367334632515043329	guahlg		Youtube comments can be pure comedy gold sometimes
1469697087816994887	2026-02-07T14:11:31Z	367334632515043329	guahlg		LMFAO
1469695879152930887	2026-02-07T14:06:43Z	352018607498199051	ag101	1469669057618907210	the replies are people talking about how they love pain from flossing and just one guy calling the rest of them  masochists lmao
1469676746386444338	2026-02-07T12:50:41Z	806180625991335966	walnutty2	1469660836338339863	bro that is disturbing
1469669057618907210	2026-02-07T12:20:08Z	367334632515043329	guahlg		135 likes as well lol
1469665987795357777	2026-02-07T12:07:56Z	955720868103876649	dragondev22		people are strange
1469660836338339863	2026-02-07T11:47:28Z	352018607498199051	ag101		wha-
1469345419439116467	2026-02-06T14:54:07Z	806180625991335966	walnutty2		just went skiing
1469225504778490088	2026-02-06T06:57:37Z	769924149648424990	m3z0id		But it's making typing easier for me
1469225401753534545	2026-02-06T06:57:12Z	769924149648424990	m3z0id	1469220731140444223	Idk why we have it like that
1469223461275701325	2026-02-06T06:49:30Z	367334632515043329	guahlg		feels like tbh
1469223378983456898	2026-02-06T06:49:10Z	592379464294596618	el_ocelote	1469220731140444223	z is probably more common in cZech
1469223306061287424	2026-02-06T06:48:53Z	592379464294596618	el_ocelote	1469208718120980574	czech
1469220757996568596	2026-02-06T06:38:45Z	367334632515043329	guahlg	1469220731140444223	idk
1469220737482232083	2026-02-06T06:38:40Z	367334632515043329	guahlg		coffee, nice
1469220731140444223	2026-02-06T06:38:39Z	352018607498199051	ag101		why are Z and Y swapped
1469220605361389578	2026-02-06T06:38:09Z	352018607498199051	ag101		almost spit my coffee when i saw that Z
1469209181205561366	2026-02-06T05:52:45Z	955720868103876649	dragondev22		a keyboard :P
1469208718120980574	2026-02-06T05:50:54Z	806180625991335966	walnutty2		bro what is that shit
1469097650346528829	2026-02-05T22:29:34Z	769924149648424990	m3z0id	1469051623908315404	Also a great keyboard
1469051623908315404	2026-02-05T19:26:40Z	592379464294596618	el_ocelote		àèìòùâêîôûäëïö
1469051507700797625	2026-02-05T19:26:13Z	592379464294596618	el_ocelote		and even non spanish ones
1469051490395226416	2026-02-05T19:26:08Z	592379464294596618	el_ocelote		áéíóúü
1469051470392463595	2026-02-05T19:26:04Z	592379464294596618	el_ocelote		i do have diacritics on this though
1469051415233036360	2026-02-05T19:25:51Z	592379464294596618	el_ocelote		ñññññññññññññññññññññññ
1469051364423504005	2026-02-05T19:25:38Z	592379464294596618	el_ocelote		not an n with a diacritic
1469051341534920808	2026-02-05T19:25:33Z	592379464294596618	el_ocelote		bc its a separate letter
1469051326246813869	2026-02-05T19:25:29Z	592379464294596618	el_ocelote		i just use the spanish keyboard
1469051290045775934	2026-02-05T19:25:21Z	592379464294596618	el_ocelote	1469044870625628300	SMH
1469046329735905280	2026-02-05T19:05:38Z	352018607498199051	ag101		this is what that looks, i assume for most people it'll just look like missing symbols
1469046166405517538	2026-02-05T19:04:59Z	352018607498199051	ag101		nice
1469046062797951037	2026-02-05T19:04:34Z	352018607498199051	ag101		ًًََُ[ًُِ[]ٌﻹًِ]ٌُ]ٌَﻹ]ًٌَُ[إًﻹُإ[ًِإ[ُﻹإً[ﻹِإ[ﻹًٌ]َﻹٌ]ًٌُ]ًٌُِﻹًٌَُُ]ٌِ]ٌﻹ]ً}ٌ}ٌِ}ٌُ]}~ﻹﻹَ{ًُأـَأًأأُﻵًَﻵآ{ًٌَُﻹًٌَُﻹًَُ[ٌﻹًَُ/ًَ،ُ،ـ/:ًَ؛،ُ×؛ًَ`ًٌَُُ
1469045956279271498	2026-02-05T19:04:09Z	352018607498199051	ag101		ًَََُtrying something
1469045612736417804	2026-02-05T19:02:47Z	352018607498199051	ag101		i think i don't have that arrow thing on my keyboard lol
1469045292711280803	2026-02-05T19:01:31Z	769924149648424990	m3z0id		ˇ + r = ř for example
1469045158694879252	2026-02-05T19:00:59Z	769924149648424990	m3z0id	1469044913588015186	Yes, windows is also able to do it
1469044913588015186	2026-02-05T19:00:00Z	352018607498199051	ag101		n + ~ = ñ
1469044870625628300	2026-02-05T18:59:50Z	352018607498199051	ag101		i press alt, press on two letters and basically merges them
1469044791177121802	2026-02-05T18:59:31Z	352018607498199051	ag101		btw is it just a linux thing or does windows also have the ability to write these letters?
1469044622843056298	2026-02-05T18:58:51Z	352018607498199051	ag101		ñ
1469044038228377733	2026-02-05T18:56:32Z	769924149648424990	m3z0id	1469024800289722543	Thank god I'm not the only one typing in English on a non-English keyboard layout
1469024800289722543	2026-02-05T17:40:05Z	592379464294596618	el_ocelote	1469023578673647740	
1469024283752792227	2026-02-05T17:38:02Z	367334632515043329	guahlg		yeah
1469024260063236369	2026-02-05T17:37:56Z	592379464294596618	el_ocelote	1469024152454435183	yeah bc the keyboard is in swedish
1469024196506943622	2026-02-05T17:37:41Z	592379464294596618	el_ocelote		this is what i do
1469024169286176936	2026-02-05T17:37:35Z	592379464294596618	el_ocelote		💀
1469024152454435183	2026-02-05T17:37:31Z	367334632515043329	guahlg		If I write thw swedish word it works
1469024133512696015	2026-02-05T17:37:26Z	592379464294596618	el_ocelote	1469023355628949678	bc i use a couple of the same ones and it shows autofill
1469024107957063803	2026-02-05T17:37:20Z	367334632515043329	guahlg		omfg
1469024067830153342	2026-02-05T17:37:10Z	367334632515043329	guahlg	1469024004277796976	yeah ok
1469024058887770368	2026-02-05T17:37:08Z	592379464294596618	el_ocelote		i did this so i can search for emojis in spanish or english
1469024045227049216	2026-02-05T17:37:05Z	367334632515043329	guahlg	1469023961521066064	okay
1469024004277796976	2026-02-05T17:36:55Z	592379464294596618	el_ocelote		you can set up dual language keyboards on iphones now to get around this
1469023983700672664	2026-02-05T17:36:50Z	367334632515043329	guahlg		fuck swedish
1469023961521066064	2026-02-05T17:36:45Z	592379464294596618	el_ocelote		it does it based on the language
1469023949059788810	2026-02-05T17:36:42Z	367334632515043329	guahlg		yeah
1469023938775486657	2026-02-05T17:36:40Z	367334632515043329	guahlg		ohh wait
1469023934233186537	2026-02-05T17:36:39Z	592379464294596618	el_ocelote	1469023919330824468	that's why
1469023919330824468	2026-02-05T17:36:35Z	367334632515043329	guahlg	1469023889362518046	no
1469023900519235708	2026-02-05T17:36:31Z	367334632515043329	guahlg	1469023854101008507	yeah
1469023889362518046	2026-02-05T17:36:28Z	592379464294596618	el_ocelote		is skull skull in swedish
1469023878247354472	2026-02-05T17:36:25Z	367334632515043329	guahlg		Somethings just suck really bad but you are so used to it that you don’t even notice. THIS IS SUCH A THING
1469023854101008507	2026-02-05T17:36:19Z	592379464294596618	el_ocelote	1469023578673647740	ur thing is in swedish
1469023702849945630	2026-02-05T17:35:43Z	367334632515043329	guahlg		I could write a better searcher in my sleep
1469023625435943095	2026-02-05T17:35:25Z	367334632515043329	guahlg		and it gives me that crap instead
1469023578673647740	2026-02-05T17:35:14Z	367334632515043329	guahlg		I want skull emoji
1469023537523331072	2026-02-05T17:35:04Z	367334632515043329	guahlg		and also it just sucks even if you know what it is called I’m pretty sure
1469023355628949678	2026-02-05T17:34:21Z	367334632515043329	guahlg		But how do you remember all the names bro
1469023293209313444	2026-02-05T17:34:06Z	367334632515043329	guahlg		Ok
1469023273445621821	2026-02-05T17:34:01Z	367334632515043329	guahlg		oh
1469023240285327441	2026-02-05T17:33:53Z	592379464294596618	el_ocelote	1469023193498128505	i just write the colon then emoji name
1469023193498128505	2026-02-05T17:33:42Z	367334632515043329	guahlg		The emoji search thing is so terrible
1469023192826777651	2026-02-05T17:33:42Z	592379464294596618	el_ocelote	1469022148243755152	that's NOT ok
1469023095473049811	2026-02-05T17:33:19Z	367334632515043329	guahlg		💀
1469022148243755152	2026-02-05T17:29:33Z	804393955533914142	eitifrie		I sleep at night
1469022125393313898	2026-02-05T17:29:27Z	804393955533914142	eitifrie	1468211928986943560	Nah I don't have time for that
1468550236522807395	2026-02-04T10:14:20Z	806180625991335966	walnutty2		my bad
1468550146492072060	2026-02-04T10:13:59Z	1211675521671241798	matitoxx1	1468256634366070979	We dont talk about that
1468299728184676559	2026-02-03T17:38:54Z	806180625991335966	walnutty2		it was so cold bro but super cool
1468299682504769566	2026-02-03T17:38:43Z	806180625991335966	walnutty2		i was there at his house on the ice
1468299660274696462	2026-02-03T17:38:38Z	806180625991335966	walnutty2		bro fr
1468284283138347168	2026-02-03T16:37:32Z	456437178101399552	guurrkk		https://tenor.com/view/ice-skating-gif-11321215
1468284126841933884	2026-02-03T16:36:55Z	456437178101399552	guurrkk	1468211928986943560	eitifri rn
1468256662627418153	2026-02-03T14:47:47Z	806180625991335966	walnutty2		how do you know eitifrie tho??
1468256634366070979	2026-02-03T14:47:40Z	806180625991335966	walnutty2		fr
1468211928986943560	2026-02-03T11:50:01Z	1211675521671241798	matitoxx1	1467334526446473346	eitifrie every night
1467334526446473346	2026-02-01T01:43:32Z	456437178101399552	guurrkk		https://tenor.com/view/anonymous-gif-18812971
1467279948468322396	2026-01-31T22:06:40Z	955720868103876649	dragondev22		or for non gc languages replace the garbage collector in this with the compiler (or segfault for c++ :P)
1467279762568253492	2026-01-31T22:05:56Z	955720868103876649	dragondev22		it's true
1467279583106830530	2026-01-31T22:05:13Z	456437178101399552	guurrkk	1467231741298217228	So mean
1467231945673932912	2026-01-31T18:55:55Z	806180625991335966	walnutty2		lol
1467231942058704906	2026-01-31T18:55:54Z	806180625991335966	walnutty2		what does that even mean
1467231931723808839	2026-01-31T18:55:52Z	806180625991335966	walnutty2		the heaal??
1467231741298217228	2026-01-31T18:55:06Z	352018607498199051	ag101		
1467196945440309258	2026-01-31T16:36:50Z	367334632515043329	guahlg	1467196746630299860	It is as good as it can get
1467196815420952727	2026-01-31T16:36:19Z	367334632515043329	guahlg		quite
1467196810635247640	2026-01-31T16:36:18Z	806180625991335966	walnutty2		if it changes, we can skip the flood barrier
1467196746630299860	2026-01-31T16:36:03Z	806180625991335966	walnutty2		yeah legendary government rn in sweden
1467161647025230009	2026-01-31T14:16:35Z	367334632515043329	guahlg		we got to fund some flood barriers for the Swedish government a
1467161454284374056	2026-01-31T14:15:49Z	367334632515043329	guahlg		Yeah Stockholm is somewhat okay
1467161336277504258	2026-01-31T14:15:21Z	806180625991335966	walnutty2	1467091073166868662	I agree
1467091073166868662	2026-01-31T09:36:09Z	804393955533914142	eitifrie	1467074718573133980	We don't have to sink Stockholm but we can sacrifice it if necessary
1467074718573133980	2026-01-31T08:31:09Z	592379464294596618	el_ocelote	1467073781637054577	together we can sink stockholm and denmark
1467074038378791036	2026-01-31T08:28:27Z	804393955533914142	eitifrie		Climate change is bad
1467074020322312384	2026-01-31T08:28:23Z	804393955533914142	eitifrie		jk jk
1467073781637054577	2026-01-31T08:27:26Z	804393955533914142	eitifrie		And vote climate change deniers into the government in all countries
1467073528733110375	2026-01-31T08:26:26Z	804393955533914142	eitifrie		Go on as many flights as you can
1467073401297305654	2026-01-31T08:25:55Z	804393955533914142	eitifrie		And stop taking the train
1467073383740084378	2026-01-31T08:25:51Z	804393955533914142	eitifrie	1466913626504827044	Okay we need to stop recycling
1466915298136424610	2026-01-30T21:57:41Z	806180625991335966	walnutty2		<@804393955533914142> ^^
1466915269023764683	2026-01-30T21:57:34Z	806180625991335966	walnutty2		yeah true ig
1466913762094088284	2026-01-30T21:51:34Z	459147358463197185	restitutororb		(och stockholm men still najs)
1466913626504827044	2026-01-30T21:51:02Z	459147358463197185	restitutororb		I found a solution for [denmark](https://preview.redd.it/what-if-all-the-ice-melted-v0-e8egh47ipigg1.jpeg?width=640&crop=smart&auto=webp&s=3b1f3f452fb42f4e337ce5642e7415621e4236f6)
1466684203906367775	2026-01-30T06:39:23Z	806180625991335966	walnutty2		<:sadcat:1466118124968480809>
1466366141353168937	2026-01-29T09:35:31Z	367334632515043329	guahlg	1466352100664410217	nope
1466352463421505703	2026-01-29T08:41:10Z	403337505878966272	11ronanh		https://cdn.discordapp.com/attachments/925615409682591744/1426673718683242506/haut.gif
1466352405846298727	2026-01-29T08:40:57Z	403337505878966272	11ronanh		they removed all the deepwoken gifs off discord wtf
1466352207413641279	2026-01-29T08:40:09Z	403337505878966272	11ronanh		
1466352169694265481	2026-01-29T08:40:00Z	769924149648424990	m3z0id	1466352100664410217	~~spoiler: he didn't~~
1466352100664410217	2026-01-29T08:39:44Z	806180625991335966	walnutty2		bro didn’t you remove all pings guahlg 😭
1466168083822415933	2026-01-28T20:28:31Z	806180625991335966	walnutty2		huh??
1466162250766352394	2026-01-28T20:05:20Z	1111750839896395786	realuncloudy		ts NOT a meme
1466155141907349680	2026-01-28T19:37:05Z	806180625991335966	walnutty2		guys ya gotta check out <@1111750839896395786>’s videos, here’s his discord server https://discord.gg/mcGQ9UNWN
1465619743292653581	2026-01-27T08:09:36Z	806180625991335966	walnutty2		bro this is annoying
1465610832456188048	2026-01-27T07:34:12Z	1009940357158547516	arbythor		Yea
1465610779284738122	2026-01-27T07:33:59Z	803481221698813972	p_criddy		Someone got hacked
1465243364466098328	2026-01-26T07:14:00Z	592379464294596618	el_ocelote		to find the PERFECt parts
1465243345566568511	2026-01-26T07:13:56Z	592379464294596618	el_ocelote	1465243209058877441	bro gotta go accross the universe
1465243332841181412	2026-01-26T07:13:53Z	352018607498199051	ag101		Choosing the perfect components together
1465243209058877441	2026-01-26T07:13:23Z	352018607498199051	ag101		Setting up a linux installation sometimes feels like gathering the infinity stones lol
1465240063767220419	2026-01-26T07:00:54Z	352018607498199051	ag101		Niri for the WM\nNoctalia for the shell
1465239930069581979	2026-01-26T07:00:22Z	352018607498199051	ag101		Rn my setup is this:\nArtix linux for the distro\nDinit init system\nCachyOS kernel\nNix package manager for dev environments
1465239479307735193	2026-01-26T06:58:34Z	352018607498199051	ag101		And can be used on any other one but installed manually
1465239427516203151	2026-01-26T06:58:22Z	352018607498199051	ag101		It can be used on any arch based distro (pacman)
1465239320221978665	2026-01-26T06:57:56Z	352018607498199051	ag101		I'm not on cachy but i do always use its kernel
1465239266815639552	2026-01-26T06:57:44Z	806180625991335966	walnutty2	1465239147563454609	<:emoji_4:1465048640098668675>
1465239249405218879	2026-01-26T06:57:39Z	352018607498199051	ag101		Latest linux kernel plus bore scheduler and optimizations
1465239147563454609	2026-01-26T06:57:15Z	352018607498199051	ag101		And also cachyOS by default uses the most optimized kernel i've seen yet
1465239035370016788	2026-01-26T06:56:48Z	352018607498199051	ag101		Which will run better usually especially on newer hardware
1465238917589762072	2026-01-26T06:56:20Z	352018607498199051	ag101		And on arch you usually use the latest
1465238849176338664	2026-01-26T06:56:04Z	352018607498199051	ag101		Which mint iirc uses LTS
1465238814208561326	2026-01-26T06:55:56Z	352018607498199051	ag101		Because all distros in the end use some kind of linux kernel
1465238728363474945	2026-01-26T06:55:35Z	352018607498199051	ag101		I never noticed any performance difference between distros but i have in window managers
1465238692720541840	2026-01-26T06:55:27Z	806180625991335966	walnutty2		time for school now 😭
1465238540974686221	2026-01-26T06:54:50Z	769924149648424990	m3z0id	1465237040047325307	I used it for a bit and I can safely say that performance wise, arch is just better\nSo there's clearly something, the resources don't just sublime
1465238523207614647	2026-01-26T06:54:46Z	352018607498199051	ag101		Kubuntu means KDE Ubuntu
1465238480073265154	2026-01-26T06:54:36Z	352018607498199051	ag101		Wayland is used by kde plasma now which is used by kubuntu
1465238417318215798	2026-01-26T06:54:21Z	352018607498199051	ag101		Basically x11 is a window protocol thing which is way slower than wayland the modern one
1465238236518420541	2026-01-26T06:53:38Z	352018607498199051	ag101		But both are very similar being closely related to ububtu
1465238161234989144	2026-01-26T06:53:20Z	352018607498199051	ag101		Simple as
1465238149482549391	2026-01-26T06:53:17Z	352018607498199051	ag101		Because kubuntu doesnt use x11
1465238068641665067	2026-01-26T06:52:58Z	592379464294596618	el_ocelote	1465237963301716030	probably but everything just fixed itself when i went over and installed kubuntu
1465237990220632238	2026-01-26T06:52:39Z	352018607498199051	ag101		*because* it uses x11
1465237963301716030	2026-01-26T06:52:33Z	352018607498199051	ag101		I think they say its slow because of cinamon specifically
1465237870171127863	2026-01-26T06:52:11Z	352018607498199051	ag101	1465237433015599218	Thats not really not how it works, all linux distros have specific components which is different between each one, mint could be slow because of defaults but it doesnt mean the distro overall is slow
1465237526099787920	2026-01-26T06:50:49Z	352018607498199051	ag101		Immutable distros and package management is a nice concept imo, its way more reliable that traditional ones
1465237433015599218	2026-01-26T06:50:26Z	592379464294596618	el_ocelote	1465237040047325307	in my experience mint is a lot slower than ubuntu based on what the friends who ive installed linux for said
1465237233865982086	2026-01-26T06:49:39Z	352018607498199051	ag101		I think mint is fairly lean for the default install
1465237184067010805	2026-01-26T06:49:27Z	352018607498199051	ag101		Bloat means something which has too much unused features which take up system resources
1465237040047325307	2026-01-26T06:48:53Z	352018607498199051	ag101	1465227164860547156	Mint isnt very bloated
1465231548709077165	2026-01-26T06:27:03Z	955720868103876649	dragondev22		yeah
1465228027041677415	2026-01-26T06:13:04Z	769924149648424990	m3z0id		Before those, we have the alt government distros for obvious reasons
1465227846514507837	2026-01-26T06:12:21Z	769924149648424990	m3z0id		Then, we got immutable distros because a real man doesn't need a read only root except /home and /tmp (/j)\nif stuff breaks, you just fix it
1465227267079930018	2026-01-26T06:10:03Z	769924149648424990	m3z0id		But there, it's justifiable because it's a beginner distro
1465227164860547156	2026-01-26T06:09:38Z	769924149648424990	m3z0id		After that, we got the more normal, but still bloated distros, like mint
1465227013290852508	2026-01-26T06:09:02Z	769924149648424990	m3z0id		Ubuntu is in the "canonical sucks balls" territory because opt out telemetry when it should be opt in
1465226815961563302	2026-01-26T06:08:15Z	769924149648424990	m3z0id		Windows is the "terrible" territory
1465218482831626386	2026-01-26T05:35:08Z	955720868103876649	dragondev22		but windows is so much worse
1465218239536562238	2026-01-26T05:34:10Z	806180625991335966	walnutty2		😭
1465185647688945705	2026-01-26T03:24:40Z	459147358463197185	restitutororb		so true
1465185581402296320	2026-01-26T03:24:24Z	352018607498199051	ag101		Ubuntu sucks ass
1465061278006509862	2026-01-25T19:10:28Z	459147358463197185	restitutororb		and modern drivers better 🤝 ~~cough fedora forgot to mention~~
1465057954628767917	2026-01-25T18:57:15Z	592379464294596618	el_ocelote	1464920440597119111	mint is a bit slow in my experience kubuntu is better
1464924028363079724	2026-01-25T10:05:05Z	367334632515043329	guahlg		how
1464921368301801524	2026-01-25T09:54:31Z	806180625991335966	walnutty2	1464920370518818930	yeah but eitifrie has some phobia from time managment so he like never has time for anything
1464921042962087998	2026-01-25T09:53:13Z	367334632515043329	guahlg		Now I come back and fix the arch issue and then help him switch to mint
1464920926268297218	2026-01-25T09:52:45Z	367334632515043329	guahlg		I’ve installed arch for walnutty so far
1464920872694452290	2026-01-25T09:52:32Z	367334632515043329	guahlg		lol
1464920786883182749	2026-01-25T09:52:12Z	769924149648424990	m3z0id		I once cane over to install a laptop ram
1464920581362417715	2026-01-25T09:51:23Z	769924149648424990	m3z0id	1464920370518818930	I hate being the tech support for my friends
1464920440597119111	2026-01-25T09:50:49Z	955720868103876649	dragondev22		linux mint to the rescue
1464920370518818930	2026-01-25T09:50:33Z	367334632515043329	guahlg	1464913566145712169	bro I’ll come over tomorrow. after then it’ll be fixed
1464920223814520853	2026-01-25T09:49:58Z	769924149648424990	m3z0id	1464913566145712169	Poor you
1464913566145712169	2026-01-25T09:23:30Z	806180625991335966	walnutty2		<@804393955533914142> so yeah arch linux broke so we're not gonna be able to do that minecraft thing for a week
1464877024337334335	2026-01-25T06:58:18Z	955720868103876649	dragondev22		***everyone needs this***
1464876974311997574	2026-01-25T06:58:06Z	955720868103876649	dragondev22		yes
1464876921144742016	2026-01-25T06:57:54Z	592379464294596618	el_ocelote	1464876528683847744	shoot i gotta get ts
1464876557222023209	2026-01-25T06:56:27Z	955720868103876649	dragondev22		best extension
1464876528683847744	2026-01-25T06:56:20Z	955720868103876649	dragondev22		https://chromewebstore.google.com/detail/microsoft-to-microslop/hlkljlkdinjnbfmclionhbefbnefcgll\n\nhttps://addons.mozilla.org/en-US/firefox/addon/microsoft-to-microslop/\n\n:D
1464875875546697729	2026-01-25T06:53:44Z	955720868103876649	dragondev22		much more consistent
1464875854969704550	2026-01-25T06:53:39Z	955720868103876649	dragondev22		easily
1464875832638967900	2026-01-25T06:53:34Z	367334632515043329	guahlg	1464875150666371127	KDE is better than GNome imo
1464875736849715453	2026-01-25T06:53:11Z	955720868103876649	dragondev22		ofc
1464875712111706132	2026-01-25T06:53:05Z	592379464294596618	el_ocelote		other than no de
1464875695355203595	2026-01-25T06:53:01Z	592379464294596618	el_ocelote	1464875150666371127	i agree
1464875571904516201	2026-01-25T06:52:32Z	955720868103876649	dragondev22		but i do love what they are doing
1464875542460239944	2026-01-25T06:52:25Z	955720868103876649	dragondev22		yeah, unfortunately
1464875484339900416	2026-01-25T06:52:11Z	352018607498199051	ag101		Doesnt behave as you'd expect it to
1464875389611544731	2026-01-25T06:51:48Z	352018607498199051	ag101		And cosmic could be good but its far from ready imo
1464875383559295190	2026-01-25T06:51:47Z	352018607498199051	ag101		True
1464875150666371127	2026-01-25T06:50:51Z	955720868103876649	dragondev22		kde is honestly the best de
1464875074728362177	2026-01-25T06:50:33Z	955720868103876649	dragondev22		but GNOME is GNOME
1464875033099767953	2026-01-25T06:50:23Z	955720868103876649	dragondev22		yeah
1464874968188981310	2026-01-25T06:50:08Z	352018607498199051	ag101		Just because it looks simillar to windows
1464874916762353664	2026-01-25T06:49:56Z	352018607498199051	ag101		Zorin is decent
1464874875595390976	2026-01-25T06:49:46Z	352018607498199051	ag101	1464861190164320389	Possibly
1464861497007276236	2026-01-25T05:56:36Z	955720868103876649	dragondev22		yeah, go with mint
1464861226478604351	2026-01-25T05:55:32Z	955720868103876649	dragondev22	1464861185475219634	damn
1464861190164320389	2026-01-25T05:55:23Z	955720868103876649	dragondev22		ngl i think walnutty might like zorinOS
1464861185475219634	2026-01-25T05:55:22Z	367334632515043329	guahlg		My smallest isn’t even 1GB
1464861111244296314	2026-01-25T05:55:04Z	367334632515043329	guahlg	1464861005178736652	wwo
1464861036136890581	2026-01-25T05:54:46Z	955720868103876649	dragondev22		just
1464861017220841628	2026-01-25T05:54:42Z	367334632515043329	guahlg		just big enough for mint with cinnamon
1464861005178736652	2026-01-25T05:54:39Z	955720868103876649	dragondev22		my smallest is an 8gb i got with my 3d printer
1464860960287363186	2026-01-25T05:54:28Z	367334632515043329	guahlg		ye
1464860953131749519	2026-01-25T05:54:27Z	367334632515043329	guahlg		so not that big
1464860946873712670	2026-01-25T05:54:25Z	955720868103876649	dragondev22		oooof
1464860932172808316	2026-01-25T05:54:22Z	367334632515043329	guahlg		3.7 GB
1464860884382912512	2026-01-25T05:54:10Z	955720868103876649	dragondev22		how big is your biggest usb?
1464853662823223474	2026-01-25T05:25:28Z	367334632515043329	guahlg		I just want the most easy and effortless less distro possible that still fits on my biggest usb
1464853469734244405	2026-01-25T05:24:42Z	367334632515043329	guahlg		I think he’ll like mint
1464853390327812198	2026-01-25T05:24:23Z	459147358463197185	restitutororb		I can find fedora without a de loaded in
1464853331305566219	2026-01-25T05:24:09Z	459147358463197185	restitutororb		😭
1464852889922175091	2026-01-25T05:22:24Z	367334632515043329	guahlg		I didn’t have enough space on the usb stick for fedora or ubuntu
1464850883727855637	2026-01-25T05:14:26Z	459147358463197185	restitutororb		my fedora heart, but valid
1464850805994815498	2026-01-25T05:14:07Z	367334632515043329	guahlg	1464688973657014323	I am getting mint for him and I am personally going over to his house to do the deed
1464722854162469087	2026-01-24T20:45:41Z	769924149648424990	m3z0id		
1464702458503627005	2026-01-24T19:24:38Z	917200943953641542	mekinec	1464686385528049827	https://tenor.com/view/another-easy-steal-steal-gif-gif-steal-gif-gets-stolem-gif-7935542554022949277
1464702400643207352	2026-01-24T19:24:25Z	917200943953641542	mekinec	1464686385528049827	hahahahaha
1464688973657014323	2026-01-24T18:31:03Z	459147358463197185	restitutororb		ngl guahlg better give you mint or fedora sooner than that \\:P
1464686385528049827	2026-01-24T18:20:46Z	352018607498199051	ag101		https://cdn.discordapp.com/attachments/1255334101255323769/1355274198586626108/attachment-6.gif
1464686246893846751	2026-01-24T18:20:13Z	917200943953641542	mekinec		/j :)
1464686223007285348	2026-01-24T18:20:08Z	917200943953641542	mekinec		cause you're a joke
1464684475332956202	2026-01-24T18:13:11Z	352018607498199051	ag101		also why are we in memes i thought this is general
1464683909206900884	2026-01-24T18:10:56Z	806180625991335966	walnutty2		https://discord.gg/r4UTZWJzA?event=1464683588862873683
1464683832182706399	2026-01-24T18:10:38Z	352018607498199051	ag101		lame name
1464683790256308458	2026-01-24T18:10:28Z	433780070327255051	chromosoze		Desktop Window Manager
1464683777241645086	2026-01-24T18:10:25Z	433780070327255051	chromosoze		oh
1464683745805340900	2026-01-24T18:10:17Z	433780070327255051	chromosoze		but ik there's also another process called Window Desktop Experience or something liike that
1464683678452944926	2026-01-24T18:10:01Z	352018607498199051	ag101		yeah file explorer mb
1464683639269757161	2026-01-24T18:09:52Z	433780070327255051	chromosoze		because when you restart it or if it crashes the entire desktop turns black except for inner window content
1464683582290137152	2026-01-24T18:09:38Z	433780070327255051	chromosoze		well i know file explorer has something to do with the window compositor process
1464683573012599008	2026-01-24T18:09:36Z	352018607498199051	ag101		i know that the shell/desktop is part of windows explorer (for whatever reason)
1464683547590918439	2026-01-24T18:09:30Z	433780070327255051	chromosoze		i dunno
1464683486135975967	2026-01-24T18:09:15Z	352018607498199051	ag101	1464682948958879909	i've never actually thought about it much before what is the process for the window manager?
1464683315914342661	2026-01-24T18:08:35Z	352018607498199051	ag101	1464682195732926607	if you have the time experiment with a couple of different distros like mint and fedora, maybe even opensuse and endeavor\nif not just use mint
1464683210750427268	2026-01-24T18:08:09Z	433780070327255051	chromosoze		like here, this subwindow thing that openmpt uses is still using the windows 7 style. i also think i saw this exact same thing in some like robot controller software one of the tech classes i was in in high school used.
1464682948958879909	2026-01-24T18:07:07Z	433780070327255051	chromosoze		but to be fair some parts of the OS still uses windows 7 window style. and i *think* if you screw up the window manager enough it will fallback to win 7 style.
1464682667080683718	2026-01-24T18:06:00Z	433780070327255051	chromosoze		this looks like windows 7 still
1464682609803264052	2026-01-24T18:05:46Z	352018607498199051	ag101		so it literally didnt change lmao
1464682602509238415	2026-01-24T18:05:44Z	433780070327255051	chromosoze		ok maybe early 2010s is a better time period idk
1464682549195575419	2026-01-24T18:05:32Z	433780070327255051	chromosoze		oh you changed it to say windows xp
1464682537854042174	2026-01-24T18:05:29Z	433780070327255051	chromosoze		i mean this looks more like from the 2000s
1464682274313343027	2026-01-24T18:04:26Z	352018607498199051	ag101	1464681988995678433	i used to be scared af to install windows by myself lol idk why they still use some windows xp looking installation
1464682195732926607	2026-01-24T18:04:07Z	806180625991335966	walnutty2		gotta do math but fr though would be funny if 4 people helped me get linux back on track, then I’d get mint or ubuntu, and yeah you know… change distro
1464682010592149764	2026-01-24T18:03:23Z	433780070327255051	chromosoze		:p
1464682006989508853	2026-01-24T18:03:22Z	459147358463197185	restitutororb		good linux support
1464682005957574719	2026-01-24T18:03:22Z	806180625991335966	walnutty2		hahaha
1464681990627524855	2026-01-24T18:03:19Z	459147358463197185	restitutororb		we "demand" it
1464681989381554226	2026-01-24T18:03:18Z	806180625991335966	walnutty2		yeah fr
1464681988995678433	2026-01-24T18:03:18Z	433780070327255051	chromosoze	1464681937506533752	not if windows came pre-installed on your computer
1464681957077028896	2026-01-24T18:03:11Z	459147358463197185	restitutororb	1464681793847296235	tell guahlg the entire server wants him to visit you rn 🤭
1464681937506533752	2026-01-24T18:03:06Z	352018607498199051	ag101		installing mint is easier than installing windows imo lol
1464681926706335754	2026-01-24T18:03:03Z	806180625991335966	walnutty2		i’m thinking maybe to make an event on the server to summon all the arch experts cuz I really don’t want this to go wrong
1464681895613956168	2026-01-24T18:02:56Z	459147358463197185	restitutororb		guahlg knows walnutty in person
1464681892627611832	2026-01-24T18:02:55Z	433780070327255051	chromosoze		to recover your files
1464681885371334726	2026-01-24T18:02:53Z	433780070327255051	chromosoze		oh yeah you need to fix arch first
1464681875845943529	2026-01-24T18:02:51Z	352018607498199051	ag101		i just need a bit more context
1464681852802568297	2026-01-24T18:02:46Z	433780070327255051	chromosoze		installing mint or fixing arch?
1464681793847296235	2026-01-24T18:02:32Z	806180625991335966	walnutty2		lowkey ya think ya can guide me through this?
1464681747319885845	2026-01-24T18:02:21Z	352018607498199051	ag101		yeah
1464681679426687226	2026-01-24T18:02:04Z	352018607498199051	ag101		could've guided him in a vc
1464681677522472990	2026-01-24T18:02:04Z	433780070327255051	chromosoze		he really shouldve gone with like mint or something
1464681463248064614	2026-01-24T18:01:13Z	433780070327255051	chromosoze		unless they know each other in real life
1464681451701272640	2026-01-24T18:01:10Z	433780070327255051	chromosoze		although im not sure how you could install an os for someone over the internet
1464681372256960795	2026-01-24T18:00:51Z	352018607498199051	ag101		true lol
1464681318335123604	2026-01-24T18:00:38Z	433780070327255051	chromosoze		i mean that'd probably explain the installation issues he's having
1464681254862454923	2026-01-24T18:00:23Z	433780070327255051	chromosoze		i don't even think he installed arch himself, i think guahlg did it for him
1464681214291087435	2026-01-24T18:00:13Z	433780070327255051	chromosoze		nah thats probably too compelx for him
1464680344384049224	2026-01-24T17:56:46Z	352018607498199051	ag101		then reinstall grub
1464680323504804015	2026-01-24T17:56:41Z	352018607498199051	ag101		boot into an arch live iso, mount your partitions and chroot into it
1464679722024698190	2026-01-24T17:54:18Z	352018607498199051	ag101		just reinstall grub and add it to the boot list
1464679634325999853	2026-01-24T17:53:57Z	352018607498199051	ag101	1464670132730200319	if that's the case it can be fixed quite easily
1464679478914711584	2026-01-24T17:53:20Z	352018607498199051	ag101		i use artix, never happend to me
1464679440800940245	2026-01-24T17:53:11Z	352018607498199051	ag101		you def messed up grub config or something, idk i'm missing context here
1464673177220153642	2026-01-24T17:28:17Z	806180625991335966	walnutty2		so def has something to do with the os
1464673144068636825	2026-01-24T17:28:09Z	806180625991335966	walnutty2		didn’t happen when I used windows
1464670364067168316	2026-01-24T17:17:07Z	433780070327255051	chromosoze		like if you plug a usb Idk. Probably false
1464670287261073480	2026-01-24T17:16:48Z	433780070327255051	chromosoze		or maybe its that a new boot device has been added. Idfk
1464670132730200319	2026-01-24T17:16:11Z	433780070327255051	chromosoze		My guess is your bios cant find the arch linux bootloader in its boot order. for some reason. but i feel like that indicates a user error or hardware error rather than a problem with the os itself
1464669710330364044	2026-01-24T17:14:31Z	433780070327255051	chromosoze		I think thats a bios/uefi screen
1464669679552303398	2026-01-24T17:14:23Z	433780070327255051	chromosoze		I think your installation is messed up or something idk
1464669628352434477	2026-01-24T17:14:11Z	433780070327255051	chromosoze		Wtf ive never seen that before
1464669452082876620	2026-01-24T17:13:29Z	806180625991335966	walnutty2		gonna need the arch usb to get all my files, so that I can get out of this fucking hell hole of an operating system
1464665388649283830	2026-01-24T16:57:20Z	806180625991335966	walnutty2		yeah in no world is arch a good operating system, it’s a fact
1464665290553164031	2026-01-24T16:56:57Z	806180625991335966	walnutty2		you know an os is super FUCKING bad when it casually throws this at you once a month
1464662779339477134	2026-01-24T16:46:58Z	806180625991335966	walnutty2		yep hahaha
1464661801739354204	2026-01-24T16:43:05Z	1414621984091799614	kunglufu	1462491366889095371	ooh you got feastables
1464631035428864247	2026-01-24T14:40:50Z	367334632515043329	guahlg		and cargo is great
1464630929103524114	2026-01-24T14:40:25Z	367334632515043329	guahlg		Rust compiler is sooo much better
1464630871926767798	2026-01-24T14:40:11Z	367334632515043329	guahlg	1464572836474781959	Cause the compiler is an ancient and evil being
1464594909821669460	2026-01-24T12:17:17Z	806180625991335966	walnutty2		genuine question
1464594896181792840	2026-01-24T12:17:14Z	806180625991335966	walnutty2		I know but like why isn't that a common thing in c++??
1464587945955557540	2026-01-24T11:49:37Z	769924149648424990	m3z0id	1464572942242418882	because it's not javascript
1464572942242418882	2026-01-24T10:49:59Z	806180625991335966	walnutty2		why hasn't code been written that reads that error and just prints "missing asterisk"
1464572836474781959	2026-01-24T10:49:34Z	806180625991335966	walnutty2		why though
1464572813234147430	2026-01-24T10:49:29Z	806180625991335966	walnutty2		fr
1464571010421624852	2026-01-24T10:42:19Z	769924149648424990	m3z0id		
1464412188381810731	2026-01-24T00:11:13Z	592379464294596618	el_ocelote	1464297962971599025	
1464250484490633512	2026-01-23T13:28:39Z	958707616048115716	notcl4y		prime diht 🥀
1464248447757717628	2026-01-23T13:20:34Z	352018607498199051	ag101		||this was apparently written by the primagen btw||
1464234354879238154	2026-01-23T12:24:34Z	352018607498199051	ag101		
1464233844919242907	2026-01-23T12:22:32Z	352018607498199051	ag101		
1464083610620657726	2026-01-23T02:25:34Z	592379464294596618	el_ocelote	1463933106519150625	(he's the illiterate gen a kid)
1463933106519150625	2026-01-22T16:27:31Z	433780070327255051	chromosoze		ah I forgot to read the comments
1463922230986543168	2026-01-22T15:44:18Z	433780070327255051	chromosoze		"plot based media" is crazy
1463914502310461594	2026-01-22T15:13:35Z	433780070327255051	chromosoze		its just kids saying 6 7
1463914437588029440	2026-01-22T15:13:20Z	433780070327255051	chromosoze		none of the images in the thumbnails seem to be examples of illiterate kids
1463914376753971365	2026-01-22T15:13:05Z	433780070327255051	chromosoze		wait
1463914280603746416	2026-01-22T15:12:42Z	433780070327255051	chromosoze	1463790843327418542	why does that kid have a beard???
1463801220173926563	2026-01-22T07:43:27Z	955720868103876649	dragondev22		yeah
1463799766650589333	2026-01-22T07:37:40Z	459147358463197185	restitutororb		rip that kid meant to be born in 1998 who was born in 2022 instead
1463792086498283647	2026-01-22T07:07:09Z	955720868103876649	dragondev22	1463790843327418542	yeah, as a society we are genuinely just screwed.
1463791309553668187	2026-01-22T07:04:04Z	806180625991335966	walnutty2		i’m gonna watch but that’s just sad
1463791271847002213	2026-01-22T07:03:55Z	806180625991335966	walnutty2		broo 😭
1463790843327418542	2026-01-22T07:02:12Z	1411278630113247286	zunabaro		help us\nhttps://www.youtube.com/watch?v=ivxvzjjt2Wg
1463641370836336854	2026-01-21T21:08:15Z	806180625991335966	walnutty2		working on the bullets rn for that btw
1463641331493769561	2026-01-21T21:08:06Z	806180625991335966	walnutty2		that's literally me for granny crashout sim hihihi
1463641209019961388	2026-01-21T21:07:37Z	806180625991335966	walnutty2		hahahaha
1463413516974162006	2026-01-21T06:02:51Z	459147358463197185	restitutororb		
1463058194816565312	2026-01-20T06:30:55Z	352018607498199051	ag101	1462491998895345814	This is a real thing i found at a store btw lmao
1462967343679541434	2026-01-20T00:29:55Z	806180625991335966	walnutty2		https://youtube.com/shorts/BpSwS4udIKg?si=YxiJIAH6nXAFSdw1
1462829297336324146	2026-01-19T15:21:22Z	917200943953641542	mekinec		Clanker frfr
1462822571257892896	2026-01-19T14:54:38Z	806180625991335966	walnutty2		should I be concerned?
1462822550806724870	2026-01-19T14:54:34Z	806180625991335966	walnutty2		so chatgpt just sent me a heart emoji
1462822522021085238	2026-01-19T14:54:27Z	806180625991335966	walnutty2		
1462491998895345814	2026-01-18T17:01:04Z	352018607498199051	ag101	1462491366889095371	
1462491366889095371	2026-01-18T16:58:33Z	806180625991335966	walnutty2		
1460507676445376577	2026-01-13T05:36:04Z	806180625991335966	walnutty2	1460467316637831168	bruh
1460478328468275252	2026-01-13T03:39:27Z	592379464294596618	el_ocelote		didnt care for the 2nd
1460478317206442069	2026-01-13T03:39:25Z	592379464294596618	el_ocelote		i liked the first one
1460478262911303740	2026-01-13T03:39:12Z	917200943953641542	mekinec		haven;t seen any of them lmao
1460478209115029525	2026-01-13T03:38:59Z	917200943953641542	mekinec	1460467316637831168	wait theres a third one?
1460473205859815666	2026-01-13T03:19:06Z	1411278630113247286	zunabaro		he should have just planned the one lol, five is too many with the only appeal being the visuals and technical achievements
1460473038268010548	2026-01-13T03:18:26Z	1411278630113247286	zunabaro		the creator planned to have 5 movies from the beginning, but it took forever to make the second since they didn't have the technology to make things "look good" underwater
1460469289348759693	2026-01-13T03:03:32Z	592379464294596618	el_ocelote		but STILL
1460469282642329622	2026-01-13T03:03:31Z	592379464294596618	el_ocelote	1460467349164658738	2009 mb
1460467351886499881	2026-01-13T02:55:50Z	955720868103876649	dragondev22		that seems crazy tbh
1460467349164658738	2026-01-13T02:55:50Z	592379464294596618	el_ocelote		why did they have to revive ts from 2001
1460467316637831168	2026-01-13T02:55:42Z	592379464294596618	el_ocelote		yup
1460467250669817877	2026-01-13T02:55:26Z	592379464294596618	el_ocelote		atl last i heard
1460467135049367585	2026-01-13T02:54:59Z	955720868103876649	dragondev22		damn
1460465584453193913	2026-01-13T02:48:49Z	592379464294596618	el_ocelote		theres 2 more to come
1460465546062594068	2026-01-13T02:48:40Z	592379464294596618	el_ocelote	1459653697540853975	theyre making 5
1460449680428241021	2026-01-13T01:45:37Z	955720868103876649	dragondev22	1460275499728240663	yeah, it allows us to expand our views.
1460275499728240663	2026-01-12T14:13:29Z	806180625991335966	walnutty2		it’s good that we’re different
1460275464256884800	2026-01-12T14:13:21Z	806180625991335966	walnutty2		well, i guess you’re right
1460254447157383239	2026-01-12T12:49:50Z	352018607498199051	ag101		and boy have i not understood what real ADHD looks like till recently
1460254365032911025	2026-01-12T12:49:30Z	352018607498199051	ag101		i never knew how ADHD actually works but i now have a friend that has ADHD
1460254256337649737	2026-01-12T12:49:04Z	352018607498199051	ag101		some people need that gamified sorta thing
1460247293109473352	2026-01-12T12:21:24Z	806180625991335966	walnutty2		because if they need that stupid app then they might as well give up lol
1460247250381832405	2026-01-12T12:21:14Z	806180625991335966	walnutty2		and made for people that can't learn a language
1460247211194454057	2026-01-12T12:21:05Z	806180625991335966	walnutty2		it's just so stupid
1460247107574431776	2026-01-12T12:20:40Z	459147358463197185	restitutororb		it's gamified, that's about it
1460245909102399710	2026-01-12T12:15:54Z	806180625991335966	walnutty2		also does anybody know why people still pay for duo lingo? it's so easy just practicing with ai, or having ai code your own program
1459881804621414401	2026-01-11T12:09:05Z	367334632515043329	guahlg		valid crashout
1459653697540853975	2026-01-10T21:02:40Z	806180625991335966	walnutty2		hop that was the last in the series but one of the villains didn’t even die soo 😭😭
1459653418514649279	2026-01-10T21:01:34Z	806180625991335966	walnutty2		they were DRAGGING that plot for three movies, same conflict, don’t know how many times they had the villains in the scopes of their guns without shooting, whole fckn movie turned into a fantasy harry potter battle I sweat
1459653179217285130	2026-01-10T21:00:36Z	806180625991335966	walnutty2		and all I’ve got to say is, just put the fries in the bag bro
1459653122262564914	2026-01-10T21:00:23Z	806180625991335966	walnutty2		JUST SAW THE AVATAR MOVIE 3
1459653093275992247	2026-01-10T21:00:16Z	806180625991335966	walnutty2		OMFG
1458526057287258429	2026-01-07T18:21:50Z	352018607498199051	ag101		random member name generator
1458526009841422462	2026-01-07T18:21:38Z	806180625991335966	walnutty2		why did it say my name?+
1458525836390170747	2026-01-07T18:20:57Z	352018607498199051	ag101		phantom graveyard
1458524391838060587	2026-01-07T18:15:13Z	806180625991335966	walnutty2		how does this even happen
1458524342731407464	2026-01-07T18:15:01Z	806180625991335966	walnutty2		where??
1458524308128268401	2026-01-07T18:14:53Z	806180625991335966	walnutty2		bruh
1458523704383373504	2026-01-07T18:12:29Z	352018607498199051	ag101		
1458025555332169738	2026-01-06T09:13:01Z	1414621984091799614	kunglufu	1457430987003662460	RELATABLE
1457721998078906414	2026-01-05T13:06:47Z	806180625991335966	walnutty2		have to go now hahaha sorry
1457720732854517804	2026-01-05T13:01:45Z	769924149648424990	m3z0id		<@806180625991335966> I might join soon
1457677467555725455	2026-01-05T10:09:50Z	1411278630113247286	zunabaro		and they could use your bot
1457677375952388215	2026-01-05T10:09:28Z	1411278630113247286	zunabaro		what if we got a counting channel here?
1457677186386497556	2026-01-05T10:08:43Z	352018607498199051	ag101		i could probably replace the counting bot with the one i made in my discord  if i have a server to host the code lol
1457676769690910855	2026-01-05T10:07:04Z	1411278630113247286	zunabaro		I do like the bot sending error messages
1457676623926132924	2026-01-05T10:06:29Z	352018607498199051	ag101		
1457676369868882101	2026-01-05T10:05:28Z	1411278630113247286	zunabaro		xd
1457676294354636906	2026-01-05T10:05:10Z	352018607498199051	ag101		i made the bot so fast because i made a calculator a couple of weeks ago so i copied the parsing and calculation logic
1457676285735080070	2026-01-05T10:05:08Z	1411278630113247286	zunabaro		ah, that makes sense
1457676146899554358	2026-01-05T10:04:35Z	352018607498199051	ag101		probably because calculators usually ignore spaces
1457676068944216146	2026-01-05T10:04:17Z	352018607498199051	ag101		yeah
1457675949469339804	2026-01-05T10:03:48Z	1411278630113247286	zunabaro		idk why
1457675941651419280	2026-01-05T10:03:46Z	1411278630113247286	zunabaro		stopping*\nfor whatever reason new people always put spaces in math
1457675831726833708	2026-01-05T10:03:20Z	352018607498199051	ag101		do you mean ignoring spaces or stopping after spaces
1457675684402172060	2026-01-05T10:02:45Z	1411278630113247286	zunabaro		whenever someone new joins and does math it *always* causes the math to be counted wrong
1457675545297817620	2026-01-05T10:02:12Z	1411278630113247286	zunabaro		I do kind of hate it ignoring spaces
1457675429262528725	2026-01-05T10:01:44Z	352018607498199051	ag101		while my bot does, so it evaluated it to 5\nand counting evaluated only 0x10 which is 16
1457675354608107600	2026-01-05T10:01:26Z	1411278630113247286	zunabaro		yea
1457675333716148335	2026-01-05T10:01:21Z	352018607498199051	ag101		but it was because counting doesn't ignore spaces
1457675247619805206	2026-01-05T10:01:01Z	352018607498199051	ag101	1457674854265524280	it kinda did too
1457674854265524280	2026-01-05T09:59:27Z	1411278630113247286	zunabaro	1457670684359524434	at least they aren't desynced lol\nwe counted using math one didn't understand was math and it horribly desynced them (also since one stared at 0 the other 1 lol))
1457674491290189855	2026-01-05T09:58:01Z	1411278630113247286	zunabaro		counting was recently down again? or was this from when it was down last year? (I think ~7 moths ago)
1457670794480979969	2026-01-05T09:43:19Z	352018607498199051	ag101		counting was broken so i made my own bot and by the time i finished that counting got fixed
1457670684359524434	2026-01-05T09:42:53Z	352018607498199051	ag101		imagine being yelled at by two counting bots
1457524371026612254	2026-01-05T00:01:29Z	433780070327255051	chromosoze		not a meme but funny\nhttps://x.com/lexaloffle/status/1164102124092792832
1457496301267718450	2026-01-04T22:09:57Z	1411278630113247286	zunabaro		idk why the lyrics are that, but sure, I shall share this one as well\nhttps://www.youtube.com/watch?v=Q7ZQIwkNvlQ
1457494133433307380	2026-01-04T22:01:20Z	1411278630113247286	zunabaro		more slightly less effective depression cure (for those who understand german or use google translate (or look at the thumbnail which I just now noticed) I'm pretty sure this pigeon is gangsta' (idk the slang; I think that's it) or maybe an actual gangster)\nhttps://www.youtube.com/watch?v=DqGPEN4kbn0
1457490355992789118	2026-01-04T21:46:19Z	1411278630113247286	zunabaro		I have discovered the previous link was stolen content so here's the original (also on spotify) (they make a lot of this content, woo (most not songs, but some are)) (credit was given in the hashtags and watermark untampered, so uh... idk) \nBEWARE AUTO-DUB ON SOME OF THE VIDEOS\nhttps://www.youtube.com/shorts/3JKpcLUuRJw
1457469329602904145	2026-01-04T20:22:46Z	1411278630113247286	zunabaro		my depression has been cured\nlink removed due to it being theft
1457430987003662460	2026-01-04T17:50:25Z	352018607498199051	ag101		
1456908361411854336	2026-01-03T07:13:41Z	352018607498199051	ag101		
1455970372632707264	2025-12-31T17:06:27Z	806180625991335966	walnutty2		alr now ik
1455970360993251523	2025-12-31T17:06:24Z	806180625991335966	walnutty2		hhahaha
1455965045367246860	2025-12-31T16:45:17Z	592379464294596618	el_ocelote	1455864817079554202	i use arch btw
1455864817079554202	2025-12-31T10:07:01Z	806180625991335966	walnutty2	1455649618325930168	hey ocelote what linux distro do you use??
1455664427180359853	2025-12-30T20:50:44Z	806180625991335966	walnutty2		lowkirkiuantially true
1455664335736279131	2025-12-30T20:50:22Z	806180625991335966	walnutty2	1455600901782896781	hahahahaa
1455649618325930168	2025-12-30T19:51:53Z	592379464294596618	el_ocelote	1455600901782896781	w torvalds
1455601656241721416	2025-12-30T16:41:18Z	917200943953641542	mekinec		Heh
1455600901782896781	2025-12-30T16:38:18Z	352018607498199051	ag101		
1454854062452244737	2025-12-28T15:10:38Z	917200943953641542	mekinec	1454723254303330377	https://tenor.com/view/bunny-dancing-funny-happy-meme-gif-26302808
1454723254303330377	2025-12-28T06:30:51Z	806180625991335966	walnutty2		omfg bro 😭😭😭
1454617198457782323	2025-12-27T23:29:25Z	917200943953641542	mekinec		https://cdn.discordapp.com/attachments/1394061361268654263/1401737481136771122/ferretdeserved2.gif
1452957148844789861	2025-12-23T09:32:58Z	806180625991335966	walnutty2		yeah
1452949621000241259	2025-12-23T09:03:04Z	955720868103876649	dragondev22		although they tend to not realise it's silly, and say it anyway
1452949498958446683	2025-12-23T09:02:35Z	806180625991335966	walnutty2		hahahaha
1452946362525155348	2025-12-23T08:50:07Z	955720868103876649	dragondev22		now that's a more common occurrence with people
1452946125441990787	2025-12-23T08:49:10Z	806180625991335966	walnutty2		was gonna say something more but realised it was SUPER STUPID
1452945952364040265	2025-12-23T08:48:29Z	955720868103876649	dragondev22	1452945850526601320	not many people do that now...
1452945850526601320	2025-12-23T08:48:05Z	806180625991335966	walnutty2		was just thinking
1452899542704853014	2025-12-23T05:44:04Z	806180625991335966	walnutty2	1452789052561559734	FR
1452801020454502603	2025-12-22T23:12:35Z	955720868103876649	dragondev22	1452306650806354111	to be fair i have played a few hours on my xbox one s
1452789052561559734	2025-12-22T22:25:01Z	592379464294596618	el_ocelote		youre on the grindset
1452789028028944568	2025-12-22T22:24:55Z	592379464294596618	el_ocelote	1452614311800213606	w
1452614338249752702	2025-12-22T10:50:46Z	806180625991335966	walnutty2		life
1452614329500307640	2025-12-22T10:50:44Z	806180625991335966	walnutty2		best hour of my lige
1452614311800213606	2025-12-22T10:50:40Z	806180625991335966	walnutty2		i just rage baited my little sister for an hour
1452362365197750464	2025-12-21T18:09:31Z	806180625991335966	walnutty2		that crazy
1452362325347799234	2025-12-21T18:09:21Z	806180625991335966	walnutty2		bro really?
1452306650806354111	2025-12-21T14:28:08Z	1152292658899849286	__nickles__		i forgot that there are people in the world who havent played minecraft yet
1451468725143207988	2025-12-19T06:58:31Z	806180625991335966	walnutty2		🫠
1451468696546578535	2025-12-19T06:58:24Z	806180625991335966	walnutty2		hahaha whaat that late
1451346630879215938	2025-12-18T22:53:21Z	955720868103876649	dragondev22	1451228905942945927	bought it a few days ago lol
1451341548833734716	2025-12-18T22:33:09Z	592379464294596618	el_ocelote		bro is playing 2009 mc
1451341524896845876	2025-12-18T22:33:04Z	592379464294596618	el_ocelote		bro what version is that
1451341493477445785	2025-12-18T22:32:56Z	592379464294596618	el_ocelote	1451228905942945927	i love mc wdym
1451234585298866427	2025-12-18T15:28:07Z	459147358463197185	restitutororb		ooh
1451228983202156726	2025-12-18T15:05:52Z	806180625991335966	walnutty2		zoom in above my house
1451228958640308224	2025-12-18T15:05:46Z	806180625991335966	walnutty2		thought I was alone in my world
1451228936041136215	2025-12-18T15:05:40Z	806180625991335966	walnutty2		but this pic creeps me out
1451228905942945927	2025-12-18T15:05:33Z	806180625991335966	walnutty2		i know you guys don't play minecraft prob
1451228882819612746	2025-12-18T15:05:28Z	806180625991335966	walnutty2		
1450947215186202725	2025-12-17T20:26:13Z	806180625991335966	walnutty2		have no idea
1450947203848998962	2025-12-17T20:26:10Z	806180625991335966	walnutty2		yeah fr
1450685136948559924	2025-12-17T03:04:49Z	592379464294596618	el_ocelote	1450546880025985216	what
1450561091242557533	2025-12-16T18:51:54Z	806180625991335966	walnutty2		dang
1450555750207197274	2025-12-16T18:30:40Z	459147358463197185	restitutororb		wow user got banned discord wide for spam so fast
1450547237225500864	2025-12-16T17:56:51Z	806180625991335966	walnutty2		9
1450547228694548593	2025-12-16T17:56:49Z	806180625991335966	walnutty2		i'm afraid of stellarslayer62
1449755344879353877	2025-12-14T13:30:09Z	806180625991335966	walnutty2		ik right
1449716846499729439	2025-12-14T10:57:10Z	367334632515043329	guahlg		The seconds of silence at the ending 👌
1449657148073185351	2025-12-14T06:59:57Z	806180625991335966	walnutty2		thanks hahahaha
1449657120369803284	2025-12-14T06:59:50Z	592379464294596618	el_ocelote	1449496091535081584	ts so fire
1449496306379784214	2025-12-13T20:20:49Z	806180625991335966	walnutty2		start of a song of mine hehehe
1449496091535081584	2025-12-13T20:19:58Z	806180625991335966	walnutty2		
1447288379459899452	2025-12-07T18:07:18Z	806180625991335966	walnutty2		thanks ❤️
1447244789258125523	2025-12-07T15:14:06Z	459147358463197185	restitutororb		happy early birthday
1447242667007152158	2025-12-07T15:05:40Z	804393955533914142	eitifrie		iPhone ☕
1447242590306041980	2025-12-07T15:05:21Z	804393955533914142	eitifrie	1447226401886568529	Ah ok
1447232331818598545	2025-12-07T14:24:36Z	1144349470704795749	tofife.	1446918731077779546	LOOK AT THIS
1447232237513867336	2025-12-07T14:24:13Z	806180625991335966	walnutty2		THAT’S LOW KEY CREEPY
1447232206627012629	2025-12-07T14:24:06Z	806180625991335966	walnutty2		BRO
1447226513748660426	2025-12-07T14:01:29Z	1144349470704795749	tofife.		https://tenor.com/view/candy-gif-27189533
1447226401886568529	2025-12-07T14:01:02Z	806180625991335966	walnutty2		just the phone mic
1447226277965860926	2025-12-07T14:00:32Z	806180625991335966	walnutty2		naah that’s just mean
1447226218079453237	2025-12-07T14:00:18Z	806180625991335966	walnutty2	1446974345342746758	I DID NOT YOU FUCKTARD
1447049579148345556	2025-12-07T02:18:24Z	592379464294596618	el_ocelote	1446974345342746758	true
1446974345342746758	2025-12-06T21:19:27Z	804393955533914142	eitifrie	1446918408791658496	Bro pitched down his voice to try to prove he's not 13
1446929594325143734	2025-12-06T18:21:37Z	367334632515043329	guahlg		https://tenor.com/view/warcraft-gaming-gif-27702118
1446929550536609916	2025-12-06T18:21:27Z	1284269554230624392	thelelle		https://tenor.com/view/crazy-rubber-room-gif-10524477174166992043
1446929400648962221	2025-12-06T18:20:51Z	1284269554230624392	thelelle		https://tenor.com/view/warthunder-war-thunder-war-thunder-mgod79-d-point-gif-9717771275520457638
1446919332264284210	2025-12-06T17:40:51Z	459147358463197185	restitutororb		ok purge chat
1446919306615980257	2025-12-06T17:40:45Z	1111750839896395786	realuncloudy	1446918408791658496	https://tenor.com/view/mewing-bird-gif-16835999897918525830
1446918934606385212	2025-12-06T17:39:16Z	806180625991335966	walnutty2		yeah thanks
1446918852582707321	2025-12-06T17:38:56Z	459147358463197185	restitutororb		your old videos were still well edited
1446918731077779546	2025-12-06T17:38:27Z	1111750839896395786	realuncloudy		
1446918648357720064	2025-12-06T17:38:08Z	1111750839896395786	realuncloudy		
1446918629739204733	2025-12-06T17:38:03Z	806180625991335966	walnutty2		STOP
1446918593445888010	2025-12-06T17:37:55Z	1111750839896395786	realuncloudy		
1446918481927733278	2025-12-06T17:37:28Z	459147358463197185	restitutororb		the resemblance is there
1446918477783896127	2025-12-06T17:37:27Z	592379464294596618	el_ocelote	1446918408791658496	bro is 14
1446918451045204139	2025-12-06T17:37:21Z	1111750839896395786	realuncloudy		
1446918408791658496	2025-12-06T17:37:11Z	806180625991335966	walnutty2		
1446918358648881294	2025-12-06T17:36:59Z	1111750839896395786	realuncloudy		and use it
1446918351036354763	2025-12-06T17:36:57Z	1111750839896395786	realuncloudy		save the gif
1446918343385678074	2025-12-06T17:36:55Z	1111750839896395786	realuncloudy		gif form
1446918294148747376	2025-12-06T17:36:43Z	592379464294596618	el_ocelote		walnutty i have to ban you for being underage
1446918270455382036	2025-12-06T17:36:38Z	459147358463197185	restitutororb	1446918215358742721	new discord sticker
1446918215358742721	2025-12-06T17:36:24Z	1111750839896395786	realuncloudy		
1446918204273459322	2025-12-06T17:36:22Z	806180625991335966	walnutty2		THAT'S ME IN 2022
1446918179770339470	2025-12-06T17:36:16Z	592379464294596618	el_ocelote		bro is 8
1446918164624576612	2025-12-06T17:36:12Z	459147358463197185	restitutororb		the face fits
1446918126003552387	2025-12-06T17:36:03Z	1111750839896395786	realuncloudy		
1442772824900239410	2025-11-25T07:04:06Z	806180625991335966	walnutty2		okay
1442772819233734791	2025-11-25T07:04:05Z	806180625991335966	walnutty2	1442482440164868148	uuuh
1442772746063970365	2025-11-25T07:03:48Z	806180625991335966	walnutty2	1442482158341062719	hahahaha I didn’t know man 😭😭
1442482440164868148	2025-11-24T11:50:13Z	1211675521671241798	matitoxx1	1442475075436806176	no, its about something that happened 400 years ago
1442482158341062719	2025-11-24T11:49:06Z	1211675521671241798	matitoxx1	1442475075436806176	this made me cackle
1442475075436806176	2025-11-24T11:20:57Z	806180625991335966	walnutty2		is it lighter there or what do you mean?
1442475054951829504	2025-11-24T11:20:52Z	806180625991335966	walnutty2		oh alright
1442443545675038831	2025-11-24T09:15:40Z	1211675521671241798	matitoxx1		so ill say it in general
1442443282729926747	2025-11-24T09:14:37Z	1211675521671241798	matitoxx1		its a bit dark
1442443255244525629	2025-11-24T09:14:31Z	1211675521671241798	matitoxx1		sorry abt thzt 😭
1442443194142032003	2025-11-24T09:14:16Z	1211675521671241798	matitoxx1		oh
1442408314607767733	2025-11-24T06:55:40Z	806180625991335966	walnutty2		tell usss
1442249465711820881	2025-11-23T20:24:28Z	1211675521671241798	matitoxx1		well i have an idea
1442248617426423829	2025-11-23T20:21:06Z	1211675521671241798	matitoxx1		hm
1442225432790307017	2025-11-23T18:48:58Z	459147358463197185	restitutororb		then that helps us recommend a language and a tutorial
1442225413610012672	2025-11-23T18:48:53Z	459147358463197185	restitutororb		your first step is thinking of a few ideas of things you want to make
1442224598119747755	2025-11-23T18:45:39Z	1211675521671241798	matitoxx1		can someone teach me how to code
1442224549566615632	2025-11-23T18:45:27Z	1211675521671241798	matitoxx1		helo
1442220182691909802	2025-11-23T18:28:06Z	806180625991335966	walnutty2		ah shi okay hahaha
1442125254167367863	2025-11-23T12:10:53Z	592379464294596618	el_ocelote		stuck on 1.20 bc i play modded
1442125072805662846	2025-11-23T12:10:10Z	592379464294596618	el_ocelote		the fuck is a creaking
1441929975199436980	2025-11-22T23:14:55Z	806180625991335966	walnutty2		if you don't play minecraft and aren't updated about the creaking, then don't bother looking
1441929909521088613	2025-11-22T23:14:40Z	806180625991335966	walnutty2		what the actual FUCK is chatgpt yapping about
1441929870778171423	2025-11-22T23:14:30Z	806180625991335966	walnutty2		
1441585630583849080	2025-11-22T00:26:37Z	955720868103876649	dragondev22	1441531301243912263	nah, we usually say foundation/reception as the first year, then 1-12
1441549409266438184	2025-11-21T22:02:41Z	769924149648424990	m3z0id		elementary: 1 - 9\nhigh school: 1 - 4 (we just reset the count)
1441549239892185250	2025-11-21T22:02:01Z	769924149648424990	m3z0id	1441531301243912263	same here
1441532676291956848	2025-11-21T20:56:12Z	806180625991335966	walnutty2		huuuh that's weird
1441531301243912263	2025-11-21T20:50:44Z	459147358463197185	restitutororb		australia nz say year 1 to 13
1441531283422314566	2025-11-21T20:50:40Z	459147358463197185	restitutororb		we say grade 1 to 12
1441531190875000985	2025-11-21T20:50:18Z	770411563429265418	mathguy81	1441519713225277490	Do you number your years like 1-12
1441519713225277490	2025-11-21T20:04:41Z	459147358463197185	restitutororb		we don't do middle school here 🙈 just combine 5 - 13 as like elementary and then high school for 14 - 18
1441323725562581052	2025-11-21T07:05:54Z	1411278630113247286	zunabaro	1441322867773145159	we have elementary school 6/7-10/11, middle school11/12-13/14, & high school 14/15-17/18 (I had to look that up lol)
1441322980478025789	2025-11-21T07:02:57Z	806180625991335966	walnutty2		hope you can stay longer…
1441322940309307503	2025-11-21T07:02:47Z	806180625991335966	walnutty2	1441322796667109398	ahh…
1441322924081680394	2025-11-21T07:02:43Z	1411278630113247286	zunabaro		interesting
1441322867773145159	2025-11-21T07:02:30Z	806180625991335966	walnutty2		junior high is 13-15 for us, highschool: 16-19
1441322796667109398	2025-11-21T07:02:13Z	1411278630113247286	zunabaro	1441322665888583773	thought I was back last time then gone like 12 hours later
1441322763531976714	2025-11-21T07:02:05Z	806180625991335966	walnutty2		big difference between junior high and high school
1441322720917979266	2025-11-21T07:01:55Z	806180625991335966	walnutty2	1441322559433080902	well, it’s all pretty fun
1441322665888583773	2025-11-21T07:01:42Z	806180625991335966	walnutty2		ah okayy
1441322610028974099	2025-11-21T07:01:28Z	1411278630113247286	zunabaro	1441322479355428884	thx, idk how long
1441322559433080902	2025-11-21T07:01:16Z	1411278630113247286	zunabaro	1441322440658784276	adolescents be stupid and do stupid stuff
1441322479355428884	2025-11-21T07:00:57Z	806180625991335966	walnutty2		welcome back too!!
1441322440658784276	2025-11-21T07:00:48Z	1411278630113247286	zunabaro		makes sense
1441322400909365328	2025-11-21T07:00:38Z	806180625991335966	walnutty2		(not me, some secret group from our school)
1441322357649047612	2025-11-21T07:00:28Z	806180625991335966	walnutty2		well kind of deserved since we last week broke into their school and did a bunch of stuff
1441322274387922944	2025-11-21T07:00:08Z	806180625991335966	walnutty2		stuff
1441322265760239626	2025-11-21T07:00:06Z	806180625991335966	walnutty2		they filled our main room with hay and stiff
1441322234248433799	2025-11-21T06:59:59Z	1411278630113247286	zunabaro		hay day
1441322186840215614	2025-11-21T06:59:47Z	806180625991335966	walnutty2		look what our rival school did to us
1441322158985973790	2025-11-21T06:59:41Z	806180625991335966	walnutty2		
1441135729534046289	2025-11-20T18:38:52Z	592379464294596618	el_ocelote		
1441090434263814255	2025-11-20T15:38:53Z	806180625991335966	walnutty2		I knew I was cooked from that point forward
1441090408083095562	2025-11-20T15:38:47Z	806180625991335966	walnutty2		also I was walking to the bus this morning, it was snowing a lot, I was alone, a bit foggy, and I was listening to music, when "should I stay or should I go" came up
1440754321879732415	2025-11-19T17:23:18Z	806180625991335966	walnutty2		hahaha
1440752280180756632	2025-11-19T17:15:11Z	592379464294596618	el_ocelote		spanish also stole the english word for hack "jaquear"
1440752221825400872	2025-11-19T17:14:57Z	592379464294596618	el_ocelote	1440597207706374246	ah lol
1440597302472609823	2025-11-19T06:59:21Z	806180625991335966	walnutty2		it’s just silly really, don’t know why I sent it here meant it in dms or the mod chat
1440597207706374246	2025-11-19T06:58:59Z	806180625991335966	walnutty2		ooh hacka means to hack someone, like we’ve just stolen the english word
1440454303616733236	2025-11-18T21:31:08Z	806180625991335966	walnutty2		huuh
1440424087238213662	2025-11-18T19:31:04Z	592379464294596618	el_ocelote		huh
1440424036856369293	2025-11-18T19:30:52Z	592379464294596618	el_ocelote		hacka
1440423507207913564	2025-11-18T19:28:45Z	806180625991335966	walnutty2		only for swedish people
1440422520770658415	2025-11-18T19:24:50Z	806180625991335966	walnutty2		https://medal.tv/games/minecraft/clips/lwMfbWTspCuo8Ygfu?invite=cr-MSxXZG8sNDQ5OTUwOTIx
1440092898476556482	2025-11-17T21:35:02Z	592379464294596618	el_ocelote		noo the law abiding channels are gone
1440089800702034042	2025-11-17T21:22:44Z	769924149648424990	m3z0id	1440071805954953307	Don't go to <#1405453469032120340> then
1440071805954953307	2025-11-17T20:11:13Z	806180625991335966	walnutty2		guys it's very important that you follow ALL the rules
1440071560127053960	2025-11-17T20:10:15Z	806180625991335966	walnutty2		
1440071541508411563	2025-11-17T20:10:10Z	806180625991335966	walnutty2		here's the memory
1440071524379005128	2025-11-17T20:10:06Z	806180625991335966	walnutty2		
1433500280049373185	2025-10-30T16:58:19Z	592379464294596618	el_ocelote	1433483216970453043	gl
1433483240974581792	2025-10-30T15:50:37Z	806180625991335966	walnutty2		and saturday two of em
1433483216970453043	2025-10-30T15:50:31Z	806180625991335966	walnutty2		concert tomorrowww
1433483193859702837	2025-10-30T15:50:26Z	806180625991335966	walnutty2		https://tenor.com/view/kermit-kermit-the-frog-kermit-the-frog-meme-worried-kermit-sad-kermit-gif-2908512056935738589
1421237805010649128	2025-09-26T20:51:38Z	806180625991335966	walnutty2		eeeh
1421237175663722546	2025-09-26T20:49:07Z	592379464294596618	el_ocelote	1420663528959770636	i think it is for r/ape
1420663551831572511	2025-09-25T06:49:45Z	806180625991335966	walnutty2		I hope
1420663528959770636	2025-09-25T06:49:39Z	806180625991335966	walnutty2		that page is for monkeys btw
1420663476006813817	2025-09-25T06:49:27Z	806180625991335966	walnutty2		dang bro
1420663466003533926	2025-09-25T06:49:24Z	806180625991335966	walnutty2		
1419277505549959279	2025-09-21T11:02:06Z	367334632515043329	guahlg	1419268575503319152	Not sure it works like that but I’ll try.
1419275924112805981	2025-09-21T10:55:49Z	367334632515043329	guahlg		That stream was great
1419275853346377769	2025-09-21T10:55:32Z	367334632515043329	guahlg	1419268006390792294	LOL
1419268575503319152	2025-09-21T10:26:37Z	806180625991335966	walnutty2		<@367334632515043329> you have youtube premium can you download that for me hehehehe
1419268192139874426	2025-09-21T10:25:05Z	806180625991335966	walnutty2		HAHAHAHAHA
1419268006390792294	2025-09-21T10:24:21Z	806180625991335966	walnutty2		https://youtube.com/clip/UgkxidcjEQWF7REyMFDhVRdPclg-umohlroJ?si=tDnPJUpKA2jYhfhc
1412821532731900028	2025-09-03T15:28:22Z	459147358463197185	restitutororb		https://www.reddit.com/r/funny/comments/1n79qdf/i_cant_imagine_surviving_this_surstr%C3%B6mming_doing/
1408485234411966496	2025-08-22T16:17:28Z	974029696402604062	blob_12345		https://www.kkinstagram.com/reel/DL7nSozsHpn/?utm_source=ig_web_copy_link
1408470454980837426	2025-08-22T15:18:44Z	974029696402604062	blob_12345	1408466971078688768	https://tenor.com/view/cat-kitty-oh-love-you-kiss-gif-3612944407023938553
1408466971078688768	2025-08-22T15:04:53Z	665592315036958721	s_elias	1408455203686060032	https://tenor.com/view/silly-cat-very-funny-uwu-rofls-gif-3083110799150084124
1408455203686060032	2025-08-22T14:18:08Z	974029696402604062	blob_12345	1408453985266040963	https://tenor.com/view/cat-dancing-gif-dancing-cat-black-and-white-cat-cat-dance-gif-15890434275140335606
1408453985266040963	2025-08-22T14:13:17Z	665592315036958721	s_elias	1408453688841867386	https://tenor.com/view/ehehe-laughing-cat-cat-laughing-silly-cat-gif-16961599182308150028
1408453688841867386	2025-08-22T14:12:07Z	974029696402604062	blob_12345	1408453526241153168	https://tenor.com/view/cat-cat-war-war-cat-meme-meme-cat-gif-3310283329812896510
1408453526241153168	2025-08-22T14:11:28Z	665592315036958721	s_elias	1407510423011459073	https://tenor.com/view/boomb-cat-boomb-cat-boom-cat-explosion-explosion-gif-gif-17107588862516012936
1407642692959080459	2025-08-20T08:29:30Z	806180625991335966	walnutty2		thats so stupid that that exists
1407642666052878336	2025-08-20T08:29:24Z	806180625991335966	walnutty2		hahahahahahahha
1407510423011459073	2025-08-19T23:43:55Z	974029696402604062	blob_12345	1406279102083764296	https://www.kkinstagram.com/reel/DNaj-5Oon7A/?igsh=d215ZnljejEzOTBw
1406279102083764296	2025-08-16T14:11:05Z	665592315036958721	s_elias	1406279060220543037	https://tenor.com/view/cat-flabbergasted-crazy-shocked-woah-gif-1608630112437054559
1406279060220543037	2025-08-16T14:10:55Z	974029696402604062	blob_12345	1406274452890714112	https://tenor.com/view/cat-wtf-oh-hell-nah-gif-4183712492046775434
1406274452890714112	2025-08-16T13:52:36Z	665592315036958721	s_elias	1406274199642837095	https://tenor.com/view/cat-meme-funny-editing-photoshop-gif-4010364909273162247
1406274199642837095	2025-08-16T13:51:36Z	974029696402604062	blob_12345	1406268475609055303	https://tenor.com/view/battle-cat-air-cat-pilot-cat-cat-war-cat-gif-9888863539466296855
1406268475609055303	2025-08-16T13:28:51Z	665592315036958721	s_elias	1406267295235571814	https://tenor.com/view/blahaj-crime-shork-gif-11593260224452563953
1406267295235571814	2025-08-16T13:24:10Z	974029696402604062	blob_12345	1406261261867552901	https://tenor.com/view/water-cat-cat-cat-bath-gif-8375496536506751533
1406261261867552901	2025-08-16T13:00:11Z	665592315036958721	s_elias	1406257411148349461	https://tenor.com/view/is-it-really-worth-it-cat-eyes-silly-cat-gif-16925827868981149783
1406257411148349461	2025-08-16T12:44:53Z	974029696402604062	blob_12345	1406256805784322122	https://tenor.com/view/cat-broken-cat-cat-drinking-cat-licking-cat-air-gif-20661740
1406256805784322122	2025-08-16T12:42:29Z	665592315036958721	s_elias	1406256631792271372	https://tenor.com/view/biolit-gif-14971939248881135206
1406256631792271372	2025-08-16T12:41:48Z	974029696402604062	blob_12345	1406245313580236821	https://tenor.com/view/cats-cute-cats-cutest-cat-cute-cat-cute-gif-11625312137823491184
1406245313580236821	2025-08-16T11:56:49Z	665592315036958721	s_elias	1406245084785147944	https://tenor.com/view/penis-cat-please-remastered-gif-20148639
1406245084785147944	2025-08-16T11:55:54Z	974029696402604062	blob_12345	1406242149724327977	https://tenor.com/view/cat-cat-hit-cat-hit-and-boom-cat-boom-cat-hit-and-boom-kat-gif-15865521055253202019
1406242149724327977	2025-08-16T11:44:15Z	665592315036958721	s_elias	1406242079759274064	https://cdn.discordapp.com/attachments/1304887491005775882/1365708115881758820/1123025447190540288.gif
1406242079759274064	2025-08-16T11:43:58Z	974029696402604062	blob_12345	1406241778318835782	https://tenor.com/view/eye-roll-anime-cat-moon-bitch-gif-16126947
1406241778318835782	2025-08-16T11:42:46Z	665592315036958721	s_elias	1406241637189029970	https://tenor.com/view/cat-meme-racing-gif-26528796
1406241637189029970	2025-08-16T11:42:13Z	974029696402604062	blob_12345	1406241569702674453	https://tenor.com/view/cat-angry-angry-mad-cat-meme-gif-17719456655395931550
1406241569702674453	2025-08-16T11:41:56Z	665592315036958721	s_elias	1406241473514700861	https://cdn.discordapp.com/emojis/1065564708469473340.gif?size=48&quality=lossless&name=spinningCat
1406241473514700861	2025-08-16T11:41:33Z	974029696402604062	blob_12345	1406241281520173057	https://tenor.com/view/cat-cat-attack-gif-23749022
1406241281520173057	2025-08-16T11:40:48Z	665592315036958721	s_elias	1406241184900452485	https://media.discordapp.net/attachments/880342502660530176/1034102677010927638/image0.gif
1406241184900452485	2025-08-16T11:40:25Z	974029696402604062	blob_12345	1406241033628553336	https://tenor.com/view/declaredtrack68-my-raw-reaction-to-gambit-gif-8517024721622822617
1406241033628553336	2025-08-16T11:39:49Z	665592315036958721	s_elias	1406240911372980316	https://tenor.com/view/partying-cat-party-cat-cute-cat-kitten-gif-22225605
1406240911372980316	2025-08-16T11:39:19Z	974029696402604062	blob_12345	1406240657311268904	https://tenor.com/view/cat-gif-25399804
1406240657311268904	2025-08-16T11:38:19Z	665592315036958721	s_elias	1406239810053476392	https://media.discordapp.net/attachments/1031130534480449596/1035895656558104617/uncaption.gif
1406239810053476392	2025-08-16T11:34:57Z	974029696402604062	blob_12345	1406237589882540072	https://tenor.com/view/cat-cat-nodding-it%27s-head-cutest-cat-nodding-it%27s-head-yes-gif-11967594182408448469
1406237589882540072	2025-08-16T11:26:08Z	665592315036958721	s_elias	1406232038528389151	https://tenor.com/view/cat-flabbergasted-crazy-shocked-woah-gif-1608630112437054559
1406232038528389151	2025-08-16T11:04:04Z	974029696402604062	blob_12345	1406212188854550589	https://tenor.com/view/post-this-cat-ryujinr-grey-cat-gif-13471549557469691566
1406212188854550589	2025-08-16T09:45:11Z	665592315036958721	s_elias		https://tenor.com/view/60fps-dance-skeleton-puppet-happy-gif-6256130296425989594
1406207391036342353	2025-08-16T09:26:08Z	665592315036958721	s_elias	1406207296710770740	https://tenor.com/view/cat-meme-pee-cat-pee-funny-lmfao-gif-14727908981812019274
1406207296710770740	2025-08-16T09:25:45Z	974029696402604062	blob_12345	1406207214808469684	https://tenor.com/view/the-opps-the-opps-done-took-his-apple-project-sekai-pjsk-mizuki-gif-2805999424184559249
1406207214808469684	2025-08-16T09:25:26Z	665592315036958721	s_elias		https://media.discordapp.net/attachments/777611360384712765/956870772264157204/A3B48584-B404-4B88-B412-142664273674.gif
1406207168604274790	2025-08-16T09:25:15Z	974029696402604062	blob_12345		https://tenor.com/view/fadding-cat-dance-gif-15524768750287997468
1406207144163938304	2025-08-16T09:25:09Z	665592315036958721	s_elias		😛😛
1406207124144394302	2025-08-16T09:25:04Z	974029696402604062	blob_12345	1406207071241633827	Ok😛
1406207071241633827	2025-08-16T09:24:51Z	665592315036958721	s_elias	1406207014480122006	nope😉😉😉
1406207014480122006	2025-08-16T09:24:38Z	974029696402604062	blob_12345	1406206949174808649	Did you steal me gif
1406206949174808649	2025-08-16T09:24:22Z	665592315036958721	s_elias	1406206627295662130	https://tenor.com/view/boomb-cat-boomb-cat-boom-cat-explosion-explosion-gif-gif-17107588862516012936
1406206627295662130	2025-08-16T09:23:06Z	974029696402604062	blob_12345	1406206516247265312	https://tenor.com/view/sick-cat-awu-cat-gif-15108566974228447707
1406206516247265312	2025-08-16T09:22:39Z	665592315036958721	s_elias	1406206028961546334	https://tenor.com/view/biolit-gif-14971939248881135206
1406206028961546334	2025-08-16T09:20:43Z	974029696402604062	blob_12345	1406205922404995163	https://tenor.com/view/cat-cute-cat-cat-dance-cute-cat-dance-ai-cat-gif-15064057413633942575
1406205922404995163	2025-08-16T09:20:17Z	665592315036958721	s_elias	1406205725851517028	https://tenor.com/view/cat-san-andreas-gta-san-andreas-gta-sa-gta-gif-24119203
1406205725851517028	2025-08-16T09:19:31Z	974029696402604062	blob_12345	1406205653663354954	https://cdn.discordapp.com/attachments/835261216213172284/1377349489677045841/petpet.gif
1406205653663354954	2025-08-16T09:19:13Z	665592315036958721	s_elias	1406038671282540668	https://tenor.com/view/icemeclout-stan-twitter-hamster-gif-25438497
1406038671282540668	2025-08-15T22:15:42Z	974029696402604062	blob_12345	1405952451823272108	https://cdn.discordapp.com/attachments/148831815984087041/1362573917872722022/petpet.gif
1405984082361454672	2025-08-15T18:38:47Z	806180625991335966	walnutty2		i'm proud of you
1405984052917571817	2025-08-15T18:38:40Z	806180625991335966	walnutty2		now I understand
1405984039566970901	2025-08-15T18:38:36Z	806180625991335966	walnutty2		hahahahahaha
1405984019442696262	2025-08-15T18:38:32Z	592379464294596618	el_ocelote		https://tenor.com/view/america-patriotic-eagle-usa-patriotism-gif-9438241
1405983985716170903	2025-08-15T18:38:24Z	592379464294596618	el_ocelote		merica rahhh
1405983973640900658	2025-08-15T18:38:21Z	592379464294596618	el_ocelote	1405959751094898780	yes
1405983958151200879	2025-08-15T18:38:17Z	592379464294596618	el_ocelote	1405959578423656570	no
1405972720700882965	2025-08-15T17:53:38Z	883916855289454682	irwinrudolf		https://tenor.com/view/hey-did-you-see-that-bunny-carrot-rabbit-bnuuy-gif-3307208689674501872
1405967525426106441	2025-08-15T17:32:59Z	806180625991335966	walnutty2		fr
1405967520619565169	2025-08-15T17:32:58Z	806180625991335966	walnutty2		hahahahahahhaha
1405959751094898780	2025-08-15T17:02:06Z	665592315036958721	s_elias		https://tenor.com/view/america-hurricane-happy4th-of-july-america-flag-independence-day-gif-21259025
1405959658115694722	2025-08-15T17:01:43Z	665592315036958721	s_elias		i think he meant like
1405959578423656570	2025-08-15T17:01:24Z	806180625991335966	walnutty2		nahh you mean?
1405959384236036106	2025-08-15T17:00:38Z	592379464294596618	el_ocelote	1405847271748141107	rahh
1405957974693773323	2025-08-15T16:55:02Z	806180625991335966	walnutty2		bruv
1405952451823272108	2025-08-15T16:33:05Z	665592315036958721	s_elias	1405951835574898718	https://media.discordapp.net/attachments/837381129773776909/862767597699334144/697995591921172532.gif
1405951835574898718	2025-08-15T16:30:38Z	974029696402604062	blob_12345	1405951623477465138	https://tenor.com/view/gta-v-godzilla-kurumi-tokisaki-fubukani23-i-can%27t-wait-for-gta-vi-and-the-mods-gif-3374666116695682597
1405951623477465138	2025-08-15T16:29:48Z	665592315036958721	s_elias	1405951455138943130	https://tenor.com/view/gengar-plush-pokemon-pokemon-plush-gengar-plush-gif-22523128
1405951455138943130	2025-08-15T16:29:08Z	974029696402604062	blob_12345	1405949950646550549	https://tenor.com/view/pokemon-squirtle-squad-squirtle-laugh-leader-gif-13020850473308258504
1405949950646550549	2025-08-15T16:23:09Z	665592315036958721	s_elias	1405949836464886001	https://tenor.com/view/fugu-pufferfish-blowfish-fish-puff-gif-17846365
1405949836464886001	2025-08-15T16:22:42Z	974029696402604062	blob_12345	1405949774980579458	https://tenor.com/view/nom-eat-eating-snack-popcorn-gif-17130656807028417887
1405949774980579458	2025-08-15T16:22:27Z	665592315036958721	s_elias		https://tenor.com/view/car-roblox-camera-accident-bacon-gif-25997874
1405949747684049058	2025-08-15T16:22:21Z	665592315036958721	s_elias		nvm
1405949716210122937	2025-08-15T16:22:13Z	974029696402604062	blob_12345		???
1405948417175191653	2025-08-15T16:17:03Z	665592315036958721	s_elias	1405945268263845989	did you really just steal my GIF?
1405945268263845989	2025-08-15T16:04:33Z	974029696402604062	blob_12345	1405941104087404664	https://tenor.com/view/stan-twi-stan-stwiter-ohio-goofy-ahh-kitty-gif-16007762871939902068
1405945204044992665	2025-08-15T16:04:17Z	974029696402604062	blob_12345	1405942932850212888	https://tenor.com/view/twins-twinsies-man-spiderman-spider-gif-10514073451626580881
1405944750636273674	2025-08-15T16:02:29Z	806180625991335966	walnutty2		https://tenor.com/view/bih-please-gif-7953510298892076313
1405942932850212888	2025-08-15T15:55:16Z	665592315036958721	s_elias		https://tenor.com/view/cheeseburger-deluxe-john-cringe-in-isreal-microwavable-cheese-patty-big-chungus-live-leak-gif-21115961
1405942196288360489	2025-08-15T15:52:20Z	806180625991335966	walnutty2		gonna release the first devlog soon to yt soo hope that’ll bring in some members aswell
1405942091313582191	2025-08-15T15:51:55Z	665592315036958721	s_elias		same place basically
1405942037622296686	2025-08-15T15:51:42Z	806180625991335966	walnutty2		just now
1405942030554759209	2025-08-15T15:51:41Z	806180625991335966	walnutty2		we were in djupvik before though
1405941978092277921	2025-08-15T15:51:28Z	806180625991335966	walnutty2		i knowww
1405941964528156743	2025-08-15T15:51:25Z	665592315036958721	s_elias		tourist
1405941958173524111	2025-08-15T15:51:23Z	665592315036958721	s_elias	1405941935390068776	pffff
1405941935390068776	2025-08-15T15:51:18Z	806180625991335966	walnutty2	1405941767383154931	b b b borghooolm
1405941858890158163	2025-08-15T15:51:00Z	367334632515043329	guahlg	1405941694674898986	Ey Islandland
1405941767383154931	2025-08-15T15:50:38Z	665592315036958721	s_elias		where
1405941758000369888	2025-08-15T15:50:36Z	665592315036958721	s_elias		what
1405941737377239115	2025-08-15T15:50:31Z	806180625991335966	walnutty2		pretty cooool
1405941694674898986	2025-08-15T15:50:21Z	806180625991335966	walnutty2		on öland
1405941671459553281	2025-08-15T15:50:15Z	806180625991335966	walnutty2		haha
1405941640249610251	2025-08-15T15:50:08Z	665592315036958721	s_elias		[jeb_sheep](https://cdn.discordapp.com/emojis/1135876800279478334.gif?size=48&animated=true&name=jeb_sheep)
1405941628493103124	2025-08-15T15:50:05Z	806180625991335966	walnutty2		had it way to long and it just beings cringe memories
1405941610599944345	2025-08-15T15:50:01Z	665592315036958721	s_elias		hahaaaa
1405941574977851575	2025-08-15T15:49:52Z	806180625991335966	walnutty2		i have to change my profile pic too bruv 😭
1405941489254793326	2025-08-15T15:49:32Z	806180625991335966	walnutty2		https://tenor.com/view/happy-cat-cat-kedy-mutlukedy-gif-5853214187617629569
1405941104087404664	2025-08-15T15:48:00Z	665592315036958721	s_elias	1405940521276543147	https://tenor.com/view/cat-drift-catdrift-gif-16095187850320735968
1405940521276543147	2025-08-15T15:45:41Z	974029696402604062	blob_12345	1405913369289953521	https://tenor.com/view/mewtwo-pokemon-gif-13390205919482191336
1405919824084992002	2025-08-15T14:23:26Z	806180625991335966	walnutty2		that’s a happy gorilla
1405913369289953521	2025-08-15T13:57:47Z	665592315036958721	s_elias	1405913306429915276	https://tenor.com/view/monkey-gorilla-life-could-be-gif-25919765
1405913306429915276	2025-08-15T13:57:32Z	974029696402604062	blob_12345	1405911579471511612	https://tenor.com/view/right-yep-gif-19164994
1405911579471511612	2025-08-15T13:50:41Z	665592315036958721	s_elias	1405911455693537381	https://tenor.com/view/cat-dancing-meme-dancing-cat-white-cat-meme-gif-24092585
1405911455693537381	2025-08-15T13:50:11Z	974029696402604062	blob_12345	1405911072216715314	https://tenor.com/view/jim-carrey-funny-good-one-gif-10820434279148874810
1405911078076022824	2025-08-15T13:48:41Z	665592315036958721	s_elias		ayo what
1405911072216715314	2025-08-15T13:48:40Z	665592315036958721	s_elias	1405910935088136212	https://tenor.com/view/bacon-hair-car-mad-ez-gif-3661354365791304765
1405910935088136212	2025-08-15T13:48:07Z	974029696402604062	blob_12345	1405910631672053951	https://tenor.com/view/man-girl-bra-tricked-joke-gif-3470244
1405910631672053951	2025-08-15T13:46:55Z	665592315036958721	s_elias	1405910488151490560	https://tenor.com/view/cat-brain-cat-brain-ice-cream-gif-25160275
1405910488151490560	2025-08-15T13:46:20Z	974029696402604062	blob_12345	1405910072940302428	https://tenor.com/view/baby-gronk-livvy-livvy-dunne-olivia-dunne-drip-king-gif-3559413403999288453
1405910072940302428	2025-08-15T13:44:41Z	665592315036958721	s_elias	1405909766873546782	https://tenor.com/view/cat-drift-catdrift-gif-16095187850320735968
1405909766873546782	2025-08-15T13:43:28Z	974029696402604062	blob_12345	1405909553928732864	https://tenor.com/view/exploding-car-explode-cat-boom-bah-gif-5387928273689188008
1405909553928732864	2025-08-15T13:42:38Z	665592315036958721	s_elias	1405908895582654474	https://tenor.com/view/silly-cat-very-funny-uwu-rofls-gif-3083110799150084124
1405908895582654474	2025-08-15T13:40:01Z	974029696402604062	blob_12345	1405908511564632205	https://tenor.com/view/monkey-monkey-cleaning-da-dishes-he-do-be-getting-them-clean-af-doe-doing-dishes-gif-15687921
1405908511564632205	2025-08-15T13:38:29Z	665592315036958721	s_elias	1405908334204424224	https://cdn.discordapp.com/attachments/1282333680152612895/1291821498897662022/IMG_2551.gif
1405908334204424224	2025-08-15T13:37:47Z	974029696402604062	blob_12345	1405908246467969074	https://tenor.com/view/pok%C3%A9mon-pokemon-poke-ball-pokeball-kitten-gif-988702508499115932
1405908246467969074	2025-08-15T13:37:26Z	665592315036958721	s_elias	1405908001826803802	https://tenor.com/view/stan-twi-stan-stwiter-ohio-goofy-ahh-kitty-gif-16007762871939902068
1405908001826803802	2025-08-15T13:36:28Z	974029696402604062	blob_12345	1405893843974492281	https://tenor.com/view/breaking-bad-heisenberg-gif-26353743
1405893843974492281	2025-08-15T12:40:12Z	665592315036958721	s_elias	1405887933516353637	https://media.discordapp.net/attachments/584022620937388032/1126859074542252192/IMG_3397.gif
1405887933516353637	2025-08-15T12:16:43Z	974029696402604062	blob_12345	1405887041790804139	https://tenor.com/view/lil-nas-x-pregnant-discord-gif-24975919
1405887041790804139	2025-08-15T12:13:10Z	665592315036958721	s_elias		https://media.discordapp.net/attachments/1145615801081139210/1152368089829228664/attachment.gif
1405855093659668603	2025-08-15T10:06:13Z	974029696402604062	blob_12345		
1405851170358038540	2025-08-15T09:50:38Z	806180625991335966	walnutty2		NOOO
1405851162933985330	2025-08-15T09:50:36Z	806180625991335966	walnutty2		…
1405850933748830258	2025-08-15T09:49:42Z	367334632515043329	guahlg	1405835803430486127	https://media.discordapp.net/attachments/816704440517525524/1383500325297586196/BertIngrud.mp4?ex=68a018d5&is=689ec755&hm=9101fa814a564fd1ec0b02450108cfe91309592c903a705954241529a0334bf0&
1405848971959861301	2025-08-15T09:41:54Z	974029696402604062	blob_12345		https://youtube.com/shorts/27GWgdVGKVM?si=uOX59YLQo1I7yoSK
1405847294573543425	2025-08-15T09:35:14Z	806180625991335966	walnutty2		😘
1405847271748141107	2025-08-15T09:35:08Z	806180625991335966	walnutty2		AMERICA
1405836406433124383	2025-08-15T08:51:58Z	592379464294596618	el_ocelote		https://tenor.com/view/makeamericagreatagain-maga-icanthearyou-trump-freedom-gif-7709803
1405836297171636225	2025-08-15T08:51:32Z	806180625991335966	walnutty2		…
1405836253127245834	2025-08-15T08:51:21Z	592379464294596618	el_ocelote		https://tenor.com/view/big-chungus-movie-yo-mama-sorry-buddy-tickets-are-sold-out-gif-15402808
1405836109984039014	2025-08-15T08:50:47Z	367334632515043329	guahlg		https://tenor.com/view/sam-lake-summer-game-fest-2024-gif-15877216357787705527
1405836049724342313	2025-08-15T08:50:33Z	806180625991335966	walnutty2		bruhh hahahahahaha
1405835994162270269	2025-08-15T08:50:20Z	367334632515043329	guahlg		https://cdn.discordapp.com/attachments/1207881922303234131/1400475303209599087/New_Piskel_1.gif
1405835992233148552	2025-08-15T08:50:19Z	592379464294596618	el_ocelote		https://tenor.com/view/pigeon-lebron-james-meme-funny-gif-3425517799009042574
1405835844450779176	2025-08-15T08:49:44Z	806180625991335966	walnutty2		they are just amazing how bad they are
1405835803430486127	2025-08-15T08:49:34Z	806180625991335966	walnutty2		guahlg sen one of them hahahahaha
1405835779242070089	2025-08-15T08:49:28Z	806180625991335966	walnutty2		ai memes are SO BAD
