1489305293471879328	2026-04-02T16:47:31Z	1144349470704795749	tofife.		<@439205512425504771>
1488102837798834257	2026-03-30T09:09:24Z	955720868103876649	dragondev22		😁
1488102506155479130	2026-03-30T09:08:05Z	955720868103876649	dragondev22	1487015337156153445	
1487015370526294036	2026-03-27T09:08:11Z	955720868103876649	dragondev22		😁
1487015337156153445	2026-03-27T09:08:03Z	955720868103876649	dragondev22		
1474664056785735830	2026-02-21T07:08:29Z	806180625991335966	walnutty2		bruh
1474664034245541908	2026-02-21T07:08:23Z	439205512425504771	NotSoBot	1474664019322470462	
1474664019322470462	2026-02-21T07:08:20Z	806180625991335966	walnutty2		.edit WINTER CLOTHES, SUMMER CLOTHES. MORE
1474663969154142280	2026-02-21T07:08:08Z	439205512425504771	NotSoBot	1474663954285465631	
1474663954285465631	2026-02-21T07:08:04Z	806180625991335966	walnutty2		.edit EVEN MORE CLOTHES
1474663926389280893	2026-02-21T07:07:57Z	439205512425504771	NotSoBot	1474663910782140488	
1474663910782140488	2026-02-21T07:07:54Z	806180625991335966	walnutty2		.edit give her SUPER MANY CLOTHES
1474663863294361621	2026-02-21T07:07:42Z	806180625991335966	walnutty2		now we're good
1474663853236424775	2026-02-21T07:07:40Z	806180625991335966	walnutty2		nice
1474663837490741292	2026-02-21T07:07:36Z	439205512425504771	NotSoBot	1474663820969644134	
1474663820969644134	2026-02-21T07:07:32Z	806180625991335966	walnutty2		.edit put clothes on that bitch
1474654499871391816	2026-02-21T06:30:30Z	592379464294596618	el_ocelote		six seven
1474514484784529521	2026-02-20T21:14:08Z	367334632515043329	guahlg		Sorry humanity
1474514448193421442	2026-02-20T21:13:59Z	367334632515043329	guahlg		kinda had to try that sorry guys, this bot has like no restrictions apparently
1474513708104286250	2026-02-20T21:11:03Z	439205512425504771	NotSoBot	1474513692543549544	
1474513692543549544	2026-02-20T21:10:59Z	367334632515043329	guahlg	1474512162050281635	.edit remove the blue cloth and make it super realistic.
1474512522047394015	2026-02-20T21:06:20Z	439205512425504771	NotSoBot	1474512509422670118	
1474512509422670118	2026-02-20T21:06:17Z	367334632515043329	guahlg		.edit
1474512307257348318	2026-02-20T21:05:29Z	439205512425504771	NotSoBot	1474512290899558606	
1474512290899558606	2026-02-20T21:05:25Z	367334632515043329	guahlg		.edit
1474512272436236420	2026-02-20T21:05:20Z	439205512425504771	NotSoBot	1474512258695565333	
1474512258695565333	2026-02-20T21:05:17Z	367334632515043329	guahlg		.edit
1474512162050281635	2026-02-20T21:04:54Z	439205512425504771	NotSoBot	1474512140910985449	
1474512140910985449	2026-02-20T21:04:49Z	367334632515043329	guahlg	1474510190895173917	.edit
1474511935318921454	2026-02-20T21:04:00Z	367334632515043329	guahlg		.edir make it super creepy and realistic
1474511871984926937	2026-02-20T21:03:45Z	439205512425504771	NotSoBot	1474511856554213620	
1474511856554213620	2026-02-20T21:03:41Z	367334632515043329	guahlg		.edit make it even more ordinary
1474511803995262976	2026-02-20T21:03:29Z	439205512425504771	NotSoBot	1474511789848002690	
1474511789848002690	2026-02-20T21:03:25Z	367334632515043329	guahlg		.edit make it super normal
1474511722684481711	2026-02-20T21:03:09Z	439205512425504771	NotSoBot	1474511706377031791	
1474511706377031791	2026-02-20T21:03:05Z	367334632515043329	guahlg		.edit make it creepy
1474511518350708926	2026-02-20T21:02:21Z	439205512425504771	NotSoBot	1474511498985341149	
1474511498985341149	2026-02-20T21:02:16Z	367334632515043329	guahlg		.edit make it completely normal and realistic and normal
1474511420421832800	2026-02-20T21:01:57Z	439205512425504771	NotSoBot	1474511400360481062	
1474511400360481062	2026-02-20T21:01:52Z	367334632515043329	guahlg		.edit make it creepy
1474511365480907070	2026-02-20T21:01:44Z	439205512425504771	NotSoBot	1474511349877838039	
1474511349877838039	2026-02-20T21:01:40Z	367334632515043329	guahlg		.edit make it norma
1474511324787507200	2026-02-20T21:01:34Z	439205512425504771	NotSoBot	1474511308840894547	
1474511308840894547	2026-02-20T21:01:31Z	367334632515043329	guahlg		.edit make it creepy
1474511230243705115	2026-02-20T21:01:12Z	439205512425504771	NotSoBot	1474511209620308250	
1474511209620308250	2026-02-20T21:01:07Z	367334632515043329	guahlg		.edit make it happy and normal
1474511037146333184	2026-02-20T21:00:26Z	367334632515043329	guahlg		.edit make it happy and more normal
1474510956070441104	2026-02-20T21:00:07Z	367334632515043329	guahlg		
1474510876999422092	2026-02-20T20:59:48Z	367334632515043329	guahlg		.edit make it happy
1474510745860309043	2026-02-20T20:59:16Z	367334632515043329	guahlg		.edit make it happy
1474510724041539907	2026-02-20T20:59:11Z	367334632515043329	guahlg		.edit make it happy
1474510616478744850	2026-02-20T20:58:46Z	367334632515043329	guahlg	1474509222854262908	.edit make it happy
1474510500711632953	2026-02-20T20:58:18Z	439205512425504771	NotSoBot	1474510405195006179	
1474510478012059832	2026-02-20T20:58:13Z	806180625991335966	walnutty2		i think we should delete this channel now
1474510415060009062	2026-02-20T20:57:58Z	439205512425504771	NotSoBot	1474510351226765504	
1474510405195006179	2026-02-20T20:57:55Z	806180625991335966	walnutty2		.edit now make it really creepy
1474510351226765504	2026-02-20T20:57:42Z	806180625991335966	walnutty2		.edit now make it really creepy
1474510350824243210	2026-02-20T20:57:42Z	439205512425504771	NotSoBot	1474510257249062974	
1474510257249062974	2026-02-20T20:57:20Z	806180625991335966	walnutty2		.edit now make it really creepy
1474510190895173917	2026-02-20T20:57:04Z	439205512425504771	NotSoBot	1474510133047328791	
1474510133047328791	2026-02-20T20:56:50Z	806180625991335966	walnutty2		.edit make it happier
1474510080413007973	2026-02-20T20:56:38Z	439205512425504771	NotSoBot	1474509941589938326	
1474510065468838009	2026-02-20T20:56:34Z	439205512425504771	NotSoBot	1474509909730132010	
1474510041418567892	2026-02-20T20:56:28Z	439205512425504771	NotSoBot	1474509898111783196	
1474510002029990176	2026-02-20T20:56:19Z	439205512425504771	NotSoBot	1474509870525972520	
1474509958232932547	2026-02-20T20:56:09Z	439205512425504771	NotSoBot	1474509826540437757	
1474509944643518629	2026-02-20T20:56:05Z	439205512425504771	NotSoBot	1474509776070377523	
1474509941589938326	2026-02-20T20:56:05Z	806180625991335966	walnutty2		.edit make it creepier, in a suptle way
1474509909730132010	2026-02-20T20:55:57Z	367334632515043329	guahlg		.edit make it super creepy
1474509909692514479	2026-02-20T20:55:57Z	439205512425504771	NotSoBot	1474509706050535567	
1474509898111783196	2026-02-20T20:55:54Z	806180625991335966	walnutty2		.edit make it creepier, in a suptle way
1474509870525972520	2026-02-20T20:55:48Z	367334632515043329	guahlg		.edit make it creepier
1474509826540437757	2026-02-20T20:55:37Z	367334632515043329	guahlg		.edit make it creepier please
1474509776070377523	2026-02-20T20:55:25Z	806180625991335966	walnutty2		.edit make it creepier, in a sutle way
1474509706050535567	2026-02-20T20:55:08Z	806180625991335966	walnutty2		.edit make it creepier, in a sutle way
1474509656280928256	2026-02-20T20:54:57Z	367334632515043329	guahlg		
1474509636102000772	2026-02-20T20:54:52Z	806180625991335966	walnutty2		fr
1474509603281699100	2026-02-20T20:54:44Z	367334632515043329	guahlg		what the actual fuck is this bot generating rn
1474509595660648711	2026-02-20T20:54:42Z	439205512425504771	NotSoBot	1474509567273730181	
1474509567273730181	2026-02-20T20:54:35Z	806180625991335966	walnutty2		.edit change the style completely, 1980's
1474509544859107593	2026-02-20T20:54:30Z	439205512425504771	NotSoBot	1474509537376735415	
1474509537376735415	2026-02-20T20:54:28Z	806180625991335966	walnutty2		.edit change the style completely, 1980's
1474509281574387732	2026-02-20T20:53:27Z	439205512425504771	NotSoBot	1474509257079521290	
1474509271084568766	2026-02-20T20:53:25Z	439205512425504771	NotSoBot	1474509214406672388	
1474509257079521290	2026-02-20T20:53:21Z	769924149648424990	m3z0id		.edit add harry potter
1474509244144423195	2026-02-20T20:53:18Z	439205512425504771	NotSoBot	1474509117254275289	
1474509222854262908	2026-02-20T20:53:13Z	439205512425504771	NotSoBot	1474509101055873156	
1474509214406672388	2026-02-20T20:53:11Z	806180625991335966	walnutty2		.edit uncanny valley
1474509117254275289	2026-02-20T20:52:48Z	367334632515043329	guahlg		.edit make it more scary and uncanny valley
1474509101143818251	2026-02-20T20:52:44Z	439205512425504771	NotSoBot	1474508995833368718	
1474509101055873156	2026-02-20T20:52:44Z	806180625991335966	walnutty2		.edit make it more funny hihihi hahaha
1474508995833368718	2026-02-20T20:52:19Z	806180625991335966	walnutty2		.edit so make it more innocent
1474508978753896644	2026-02-20T20:52:15Z	367334632515043329	guahlg		
1474508940015308922	2026-02-20T20:52:06Z	439205512425504771	NotSoBot	1474508934994854172	
1474508934994854172	2026-02-20T20:52:05Z	806180625991335966	walnutty2		.edit i don't know just change it up a bit
1474508929915687146	2026-02-20T20:52:03Z	439205512425504771	NotSoBot	1474508923435225233	
1474508923435225233	2026-02-20T20:52:02Z	806180625991335966	walnutty2		.edit i don't know just change it up a bit
1474508906511335677	2026-02-20T20:51:58Z	439205512425504771	NotSoBot	1474508900115153092	
1474508900115153092	2026-02-20T20:51:56Z	806180625991335966	walnutty2		.edit i don't know just change it up a bit
1474508863830229215	2026-02-20T20:51:48Z	439205512425504771	NotSoBot	1474508856225960061	
1474508856225960061	2026-02-20T20:51:46Z	806180625991335966	walnutty2		.edit make it happy yayy
1474508847531167960	2026-02-20T20:51:44Z	439205512425504771	NotSoBot	1474508837447929928	
1474508837447929928	2026-02-20T20:51:41Z	806180625991335966	walnutty2		.edit make it happy yayy
1474508813469224971	2026-02-20T20:51:36Z	439205512425504771	NotSoBot	1474508804618981579	
1474508809891352647	2026-02-20T20:51:35Z	806180625991335966	walnutty2		.edit make it happy yayy
1474508804618981579	2026-02-20T20:51:34Z	367334632515043329	guahlg		.edit make it super scary and make it eat children
1474508771467333714	2026-02-20T20:51:26Z	439205512425504771	NotSoBot	1474508764827877598	
1474508764827877598	2026-02-20T20:51:24Z	806180625991335966	walnutty2		.edit make it happier like in a dream
1474508758100082953	2026-02-20T20:51:22Z	439205512425504771	NotSoBot	1474508750839746626	
1474508750839746626	2026-02-20T20:51:21Z	806180625991335966	walnutty2		.edit make it happier like in a dream
1474508726802317474	2026-02-20T20:51:15Z	439205512425504771	NotSoBot	1474508716370825289	
1474508716370825289	2026-02-20T20:51:13Z	806180625991335966	walnutty2		.edit make it happier like in a dream
1474508698184585389	2026-02-20T20:51:08Z	439205512425504771	NotSoBot	1474508691184029868	
1474508691184029868	2026-02-20T20:51:07Z	806180625991335966	walnutty2		.edit make it happier like in a dream
1474508678316036111	2026-02-20T20:51:03Z	439205512425504771	NotSoBot	1474508670518689989	
1474508670518689989	2026-02-20T20:51:02Z	806180625991335966	walnutty2		.edit make it happier like in a dream
1474508665699565669	2026-02-20T20:51:00Z	439205512425504771	NotSoBot	1474508654571946074	
1474508662163771523	2026-02-20T20:51:00Z	439205512425504771	NotSoBot	1474508633692704939	
1474508654571946074	2026-02-20T20:50:58Z	806180625991335966	walnutty2		.edit make it happier like in a dream
1474508650931421388	2026-02-20T20:50:57Z	439205512425504771	NotSoBot	1474508511953162392	
1474508644950347926	2026-02-20T20:50:56Z	439205512425504771	NotSoBot	1474508599337156793	
1474508633692704939	2026-02-20T20:50:53Z	806180625991335966	walnutty2		.edit make it happier like in a dream
1474508624511369439	2026-02-20T20:50:51Z	439205512425504771	NotSoBot	1474508441400905936	
1474508615984615566	2026-02-20T20:50:49Z	439205512425504771	NotSoBot	1474508402452463648	
1474508599337156793	2026-02-20T20:50:45Z	806180625991335966	walnutty2		.edit make it happier like in a dream
1474508511953162392	2026-02-20T20:50:24Z	806180625991335966	walnutty2		.edit make it happier like in a dream
1474508495549235395	2026-02-20T20:50:20Z	439205512425504771	NotSoBot	1474508364594806908	
1474508461311000678	2026-02-20T20:50:12Z	439205512425504771	NotSoBot	1474508331421794399	
1474508448107597965	2026-02-20T20:50:09Z	806180625991335966	walnutty2		.edit make it happier like a dream
1474508441400905936	2026-02-20T20:50:07Z	367334632515043329	guahlg		.edit make it super happy
1474508402452463648	2026-02-20T20:49:58Z	367334632515043329	guahlg		.edit make it happy
1474508364594806908	2026-02-20T20:49:49Z	367334632515043329	guahlg		.edit make it happy
1474508331421794399	2026-02-20T20:49:41Z	806180625991335966	walnutty2		.edit make it happier
1474508326879363145	2026-02-20T20:49:40Z	439205512425504771	NotSoBot	1474508321363857652	
1474508321363857652	2026-02-20T20:49:38Z	806180625991335966	walnutty2		.edit make it happier
1474508307694882876	2026-02-20T20:49:35Z	439205512425504771	NotSoBot	1474508301223067729	
1474508301223067729	2026-02-20T20:49:34Z	806180625991335966	walnutty2		.edit make it happier
1474508277499822211	2026-02-20T20:49:28Z	439205512425504771	NotSoBot	1474508270243680296	
1474508270243680296	2026-02-20T20:49:26Z	806180625991335966	walnutty2		.edit make it happier
1474508187741982770	2026-02-20T20:49:06Z	439205512425504771	NotSoBot	1474508168456441926	
1474508168456441926	2026-02-20T20:49:02Z	806180625991335966	walnutty2		.edit make it more disturbing
1474508158834708623	2026-02-20T20:49:00Z	439205512425504771	NotSoBot	1474508151440281883	
1474508151440281883	2026-02-20T20:48:58Z	806180625991335966	walnutty2		.edit make it more disturbing
1474508115520258088	2026-02-20T20:48:49Z	439205512425504771	NotSoBot	1474508107723051178	
1474508107723051178	2026-02-20T20:48:47Z	806180625991335966	walnutty2		.edit make it more disturbing
1474508079323283540	2026-02-20T20:48:41Z	439205512425504771	NotSoBot	1474508071970799823	
1474508071970799823	2026-02-20T20:48:39Z	806180625991335966	walnutty2		.edit make it more like a nightmare
1474507848615723170	2026-02-20T20:47:46Z	439205512425504771	NotSoBot	1474507832161337611	
1474507832161337611	2026-02-20T20:47:42Z	806180625991335966	walnutty2		.edit make the kid really chill
1474507794056216759	2026-02-20T20:47:33Z	439205512425504771	NotSoBot	1474507787567370341	
1474507787567370341	2026-02-20T20:47:31Z	806180625991335966	walnutty2		.edit make it more disturbing
1474507762728829122	2026-02-20T20:47:25Z	439205512425504771	NotSoBot	1474507755594317904	
1474507755594317904	2026-02-20T20:47:23Z	806180625991335966	walnutty2		.edit make it more disturbing
1474507723956686992	2026-02-20T20:47:16Z	806180625991335966	walnutty2		that is the most disturbing photo I've ever sean
1474507585347522785	2026-02-20T20:46:43Z	439205512425504771	NotSoBot	1474507418317750506	
1474507521615073472	2026-02-20T20:46:28Z	439205512425504771	NotSoBot	1474507381181518018	
1474507520742527307	2026-02-20T20:46:27Z	439205512425504771	NotSoBot	1474507477587460107	
1474507477587460107	2026-02-20T20:46:17Z	806180625991335966	walnutty2		.edit put a kid in the bed
1474507418317750506	2026-02-20T20:46:03Z	806180625991335966	walnutty2		.edit put a kid in the bed
1474507392409538774	2026-02-20T20:45:57Z	439205512425504771	NotSoBot	1474507232690573596	
1474507381181518018	2026-02-20T20:45:54Z	806180625991335966	walnutty2		.edit put a kid in the bed
1474507301120512159	2026-02-20T20:45:35Z	439205512425504771	NotSoBot	1474507283944964262	
1474507283944964262	2026-02-20T20:45:31Z	806180625991335966	walnutty2		.edit make her stand beside a kids bed
1474507232690573596	2026-02-20T20:45:19Z	806180625991335966	walnutty2		.edit make her stand beside a kids bed
1474507166541938779	2026-02-20T20:45:03Z	439205512425504771	NotSoBot	1474507160447746158	
1474507160447746158	2026-02-20T20:45:02Z	806180625991335966	walnutty2		.edit make her stand above somebodies bed
1474507106706264084	2026-02-20T20:44:49Z	806180625991335966	walnutty2		i am not gonna be able to sleep tonight
1474507050418573392	2026-02-20T20:44:35Z	439205512425504771	NotSoBot	1474506877508391154	
1474507045381079182	2026-02-20T20:44:34Z	439205512425504771	NotSoBot	1474507007129161780	
1474507025051549957	2026-02-20T20:44:29Z	439205512425504771	NotSoBot	1474506934374764604	
1474507021561757717	2026-02-20T20:44:28Z	439205512425504771	NotSoBot	1474506809128652882	
1474507007129161780	2026-02-20T20:44:25Z	806180625991335966	walnutty2		.edit make the eyes really big and creepy
1474506934374764604	2026-02-20T20:44:08Z	806180625991335966	walnutty2		.edit make the eyes really big and creepy realistic please
1474506925168132279	2026-02-20T20:44:05Z	439205512425504771	NotSoBot	1474506742678290575	
1474506877508391154	2026-02-20T20:43:54Z	806180625991335966	walnutty2		.edit make the eyes really big and creepy, realistic
1474506838857744616	2026-02-20T20:43:45Z	806180625991335966	walnutty2		i swear this bot hates me
1474506809128652882	2026-02-20T20:43:38Z	806180625991335966	walnutty2		.edit make the eyes really big and creepy, realistic
1474506742678290575	2026-02-20T20:43:22Z	806180625991335966	walnutty2		.edit make the eyes really big and creepy, realistic
1474506686869012492	2026-02-20T20:43:09Z	439205512425504771	NotSoBot	1474506667419762849	
1474506667419762849	2026-02-20T20:43:04Z	806180625991335966	walnutty2		.edit make it sleep paralysis mode
1474506599409389763	2026-02-20T20:42:48Z	439205512425504771	NotSoBot	1474506555327123659	
1474506584980983891	2026-02-20T20:42:44Z	439205512425504771	NotSoBot	1474506448330428528	
1474506555327123659	2026-02-20T20:42:37Z	367334632515043329	guahlg		.edit please make it creepy you sweet sweet bot
1474506550952595691	2026-02-20T20:42:36Z	439205512425504771	NotSoBot	1474506365170090014	
1474506516710166732	2026-02-20T20:42:28Z	439205512425504771	NotSoBot	1474506316503584850	
1474506467947315424	2026-02-20T20:42:16Z	806180625991335966	walnutty2		.edit hello
1474506448330428528	2026-02-20T20:42:12Z	806180625991335966	walnutty2		.edit make the person a bit creepier please
1474506365170090014	2026-02-20T20:41:52Z	806180625991335966	walnutty2		.edit make the person a bit creepier please
1474506316503584850	2026-02-20T20:41:40Z	806180625991335966	walnutty2		.edit make the person just a bit creepier please
1474506114535002276	2026-02-20T20:40:52Z	439205512425504771	NotSoBot	1474506092779278547	
1474506102996467958	2026-02-20T20:40:49Z	439205512425504771	NotSoBot	1474506057408708922	
1474506092779278547	2026-02-20T20:40:47Z	367334632515043329	guahlg		.edit fucking make the fucking picture and make it fucking creepy you fucking idiot stupif bot
1474506083912646809	2026-02-20T20:40:45Z	439205512425504771	NotSoBot	1474506014991716412	
1474506078635954207	2026-02-20T20:40:44Z	439205512425504771	NotSoBot	1474505881981943818	
1474506057408708922	2026-02-20T20:40:39Z	806180625991335966	walnutty2		.edit even creepier, really realistic please
1474506055315886293	2026-02-20T20:40:38Z	439205512425504771	NotSoBot	1474505955365355552	
1474506043517047036	2026-02-20T20:40:35Z	439205512425504771	NotSoBot	1474505718144041154	
1474506014991716412	2026-02-20T20:40:28Z	806180625991335966	walnutty2		.edit even creepier, really realistic
1474505955365355552	2026-02-20T20:40:14Z	806180625991335966	walnutty2		.edit even creepier, really realistic
1474505881981943818	2026-02-20T20:39:57Z	367334632515043329	guahlg		.edit make it creepier please
1474505718144041154	2026-02-20T20:39:18Z	806180625991335966	walnutty2	1474505642495574046	.edit even creepier, really realistic
1474505642495574046	2026-02-20T20:39:00Z	439205512425504771	NotSoBot	1474505617862426837	
1474505625261310087	2026-02-20T20:38:56Z	367334632515043329	guahlg	1474505527433367614	.edit make sleep paralysis version
1474505617862426837	2026-02-20T20:38:54Z	806180625991335966	walnutty2		.edit make her a sleep paralysis nightmare
1474505535188631775	2026-02-20T20:38:34Z	439205512425504771	NotSoBot	1474505527433367614	
1474505527433367614	2026-02-20T20:38:32Z	806180625991335966	walnutty2		.edit make her a sleep paralysis nightmare
1474505384722173973	2026-02-20T20:37:58Z	439205512425504771	NotSoBot	1474505337750028554	
1474505337750028554	2026-02-20T20:37:47Z	367334632515043329	guahlg		.edit make sleep paralysis version
1474505004210589698	2026-02-20T20:36:27Z	439205512425504771	NotSoBot	1474504983708831834	
1474504983708831834	2026-02-20T20:36:23Z	367334632515043329	guahlg		.edit make it really creepy and realistic please
1474504878880461091	2026-02-20T20:35:58Z	806180625991335966	walnutty2	1474504761008066581	.edit, make it creepy, like nightmare fuel
1474504774094290975	2026-02-20T20:35:33Z	439205512425504771	NotSoBot	1474504704338952277	
1474504761008066581	2026-02-20T20:35:29Z	439205512425504771	NotSoBot	1474504570628472951	
1474504704338952277	2026-02-20T20:35:16Z	367334632515043329	guahlg		.edit make a homo erectus
1474504625510945059	2026-02-20T20:34:57Z	439205512425504771	NotSoBot	1474504461312332051	
1474504576211095647	2026-02-20T20:34:45Z	806180625991335966	walnutty2		.edit make her beautiful
1474504570628472951	2026-02-20T20:34:44Z	367334632515043329	guahlg		.edit make a homo erectus
1474504461312332051	2026-02-20T20:34:18Z	806180625991335966	walnutty2		.edit make her homo erectus
1474504414311092284	2026-02-20T20:34:07Z	439205512425504771	NotSoBot	1474504395952619732	
1474504395952619732	2026-02-20T20:34:02Z	806180625991335966	walnutty2		.edit
1474504327069434103	2026-02-20T20:33:46Z	439205512425504771	NotSoBot	1474504320673124497	
1474504320673124497	2026-02-20T20:33:45Z	367334632515043329	guahlg		.edit
1474504298124677151	2026-02-20T20:33:39Z	367334632515043329	guahlg		
1474504233519677655	2026-02-20T20:33:24Z	439205512425504771	NotSoBot	1474504225865072640	
1474504225865072640	2026-02-20T20:33:22Z	367334632515043329	guahlg		.edit make it a homo erectus
1474504185260015720	2026-02-20T20:33:12Z	367334632515043329	guahlg		
1474181715936284798	2026-02-19T23:11:50Z	1411278630113247286	zunabaro	1474181584260436011	<@806180625991335966>
1474181584260436011	2026-02-19T23:11:18Z	439205512425504771	NotSoBot	1474181548260593684	
1474181548260593684	2026-02-19T23:11:10Z	1411278630113247286	zunabaro	1474180291466891287	.edit replace the black with Walnutty's face
1474181328210497566	2026-02-19T23:10:17Z	439205512425504771	NotSoBot	1474181300842790953	
1474181300842790953	2026-02-19T23:10:11Z	1411278630113247286	zunabaro	1474180291466891287	.edit replace the black with Moonguyyy
1474181141362774176	2026-02-19T23:09:33Z	1411278630113247286	zunabaro		that is not caruana
1474181032902135891	2026-02-19T23:09:07Z	439205512425504771	NotSoBot	1474181008277377115	
1474181008277377115	2026-02-19T23:09:01Z	1411278630113247286	zunabaro	1474180291466891287	.edit replace the black with Fabiano's face
1474180886504276110	2026-02-19T23:08:32Z	439205512425504771	NotSoBot	1474180871316836394	
1474180871316836394	2026-02-19T23:08:28Z	1411278630113247286	zunabaro	1474180291466891287	.edit replace the black with an isometric view of a chess board
1474180823925264529	2026-02-19T23:08:17Z	1411278630113247286	zunabaro		or just be gru I guess and steal the moon
1474180698700251298	2026-02-19T23:07:47Z	439205512425504771	NotSoBot	1474180680702230650	
1474180680702230650	2026-02-19T23:07:43Z	1411278630113247286	zunabaro	1474180291466891287	.edit replave the black with an isometric view of a chess board
1474180540771991583	2026-02-19T23:07:09Z	1411278630113247286	zunabaro		ai isn't even good for visualising your ideas lol
1474180423096598561	2026-02-19T23:06:41Z	1411278630113247286	zunabaro		NOPE
1474180395183636543	2026-02-19T23:06:35Z	439205512425504771	NotSoBot	1474180379228242085	
1474180379228242085	2026-02-19T23:06:31Z	1411278630113247286	zunabaro	1474180291466891287	.edit replace the black with a chess board
1474180291466891287	2026-02-19T23:06:10Z	1411278630113247286	zunabaro		
1473552349510242506	2026-02-18T05:30:57Z	352018607498199051	ag101		close enough
1473552312806146152	2026-02-18T05:30:48Z	439205512425504771	NotSoBot	1473552298109305036	
1473552298109305036	2026-02-18T05:30:45Z	352018607498199051	ag101	1473552191448023163	.edit put the arch linux logo on it, you know that blue arch linux logo, or else i'll fucking kill you
1473552191448023163	2026-02-18T05:30:19Z	439205512425504771	NotSoBot	1473552176641999013	
1473552176641999013	2026-02-18T05:30:16Z	352018607498199051	ag101	1473552105980690508	.edit put the arch linux logo on the penguin
1473552105980690508	2026-02-18T05:29:59Z	439205512425504771	NotSoBot	1473552087815290944	
1473552087815290944	2026-02-18T05:29:55Z	352018607498199051	ag101		.edit make the super sayian penguin blue and put an arch logo on its chest
1472164559211991123	2026-02-14T09:36:22Z	806180625991335966	walnutty2		bro that is so cursed
1472118251000566017	2026-02-14T06:32:21Z	367334632515043329	guahlg		ik
1472118182134288416	2026-02-14T06:32:05Z	1411278630113247286	zunabaro		that's not even the bun XD
1472118174030762038	2026-02-14T06:32:03Z	367334632515043329	guahlg		ye
1472118136433017097	2026-02-14T06:31:54Z	439205512425504771	NotSoBot	1472118123002986729	
1472118123002986729	2026-02-14T06:31:51Z	1411278630113247286	zunabaro	1472110211471904850	.edit replace only the top bun with a monster made out of pasta and tomato sauce.
1472111302825480273	2026-02-14T06:04:45Z	439205512425504771	NotSoBot	1472111287696756863	
1472111287696756863	2026-02-14T06:04:41Z	367334632515043329	guahlg	1472110211471904850	.edit replace the top bun with a monster made out of pasta and tomato sauce.
1472110992384069633	2026-02-14T06:03:31Z	367334632515043329	guahlg		only the bun you idiot
1472110964152205526	2026-02-14T06:03:24Z	367334632515043329	guahlg		this ai is dumb
1472110918430097553	2026-02-14T06:03:13Z	439205512425504771	NotSoBot	1472110904467390630	
1472110904467390630	2026-02-14T06:03:10Z	367334632515043329	guahlg	1472110211471904850	.edit replace top bun with a monster made out of pasta and tomato sauce. Give it googly eyes.
1472110845973757973	2026-02-14T06:02:56Z	367334632515043329	guahlg		it is disgusting ai slop
1472110796262604931	2026-02-14T06:02:44Z	367334632515043329	guahlg		what a bout it
1472110685097033807	2026-02-14T06:02:17Z	592379464294596618	el_ocelote		`
1472110581925548215	2026-02-14T06:01:53Z	439205512425504771	NotSoBot	1472110564053487616	
1472110564053487616	2026-02-14T06:01:48Z	367334632515043329	guahlg		.edit replace top bun with a monster made out of pasta and tomato sauce. Give it googly eyes.
1472110211471904850	2026-02-14T06:00:24Z	439205512425504771	NotSoBot	1472110195558842528	
1472110195558842528	2026-02-14T06:00:21Z	367334632515043329	guahlg		.edit give every goblin a unique hat.
1472110061290520606	2026-02-14T05:59:49Z	439205512425504771	NotSoBot	1472110046602203298	
1472110046602203298	2026-02-14T05:59:45Z	367334632515043329	guahlg		.edit replace bottom bun with a bunch of tiny goblins holding up the burger.
1472109585765630185	2026-02-14T05:57:55Z	439205512425504771	NotSoBot	1472109570850820201	
1472109570850820201	2026-02-14T05:57:52Z	367334632515043329	guahlg	1472106185196048460	.edit Add in a goblin faced walnut on top of the burger.
1472109311097569363	2026-02-14T05:56:50Z	459147358463197185	restitutororb	1472106185196048460	this looks like bugs
1472108362991665233	2026-02-14T05:53:04Z	367334632515043329	guahlg	1472106185196048460	.edit give batman and his friends some space in there please.
1472108053607223407	2026-02-14T05:51:50Z	367334632515043329	guahlg		Michelin star
1472108015204171872	2026-02-14T05:51:41Z	367334632515043329	guahlg		Batman and dinosaur mixed with fries rain + some goblin dudes
1472107895113125909	2026-02-14T05:51:12Z	367334632515043329	guahlg		I want to eat that
1472107792318992536	2026-02-14T05:50:48Z	592379464294596618	el_ocelote		eliu
1472106185196048460	2026-02-14T05:44:24Z	439205512425504771	NotSoBot	1472106172118204649	
1472106172118204649	2026-02-14T05:44:21Z	367334632515043329	guahlg	1472104336740843646	.edit put this in a sandwich
1472106066685989024	2026-02-14T05:43:56Z	439205512425504771	NotSoBot	1472106065457053778	<https://notsobot.com/commands> (Join our support server <https://notsobot.com/support/invite>)
1472106065457053778	2026-02-14T05:43:56Z	367334632515043329	guahlg		.help
1472105976629825619	2026-02-14T05:43:35Z	367334632515043329	guahlg		accurate donald trump
1472105706223308903	2026-02-14T05:42:30Z	367334632515043329	guahlg		uiugh
1472105663680479395	2026-02-14T05:42:20Z	439205512425504771	NotSoBot	1472105649222586399	
1472105649222586399	2026-02-14T05:42:17Z	367334632515043329	guahlg	1472104336740843646	.edit put it on a plate give it 25 michelin stars and serve it to the president, this shit is art and should be put in a gallery
1472104426813521953	2026-02-14T05:37:25Z	367334632515043329	guahlg		PERFECTION
1472104336740843646	2026-02-14T05:37:04Z	439205512425504771	NotSoBot	1472104322488864842	
1472104322488864842	2026-02-14T05:37:00Z	367334632515043329	guahlg	1472103757935415311	.edit mexican hat on batman
1472104228205101249	2026-02-14T05:36:38Z	439205512425504771	NotSoBot	1472104214569156721	
1472104214569156721	2026-02-14T05:36:35Z	367334632515043329	guahlg		.edit give batman a hat.
1472103915301638308	2026-02-14T05:35:23Z	352018607498199051	ag101	1472103585352253484	hmm
1472103757935415311	2026-02-14T05:34:46Z	439205512425504771	NotSoBot	1472103744195002390	
1472103744195002390	2026-02-14T05:34:42Z	367334632515043329	guahlg		.edit please make the dinosaur visable be moving batman.
1472103585352253484	2026-02-14T05:34:05Z	439205512425504771	NotSoBot	1472103568357199965	
1472103568357199965	2026-02-14T05:34:01Z	367334632515043329	guahlg	1472103209941209100	.edit add in batman sitting on a fries rain
1472103209941209100	2026-02-14T05:32:35Z	439205512425504771	NotSoBot	1472103196624163009	
1472103196624163009	2026-02-14T05:32:32Z	367334632515043329	guahlg	1472103010640466070	.edit hattify everyone.
1472103010640466070	2026-02-14T05:31:48Z	439205512425504771	NotSoBot	1472102995968659719	
1472102995968659719	2026-02-14T05:31:44Z	367334632515043329	guahlg		.edit assemble secret goblin team to clean up the fries.
1472102791450198212	2026-02-14T05:30:55Z	439205512425504771	NotSoBot	1472102776166289471	
1472102776166289471	2026-02-14T05:30:52Z	367334632515043329	guahlg	1472102630040932449	.edit make it rain fries from dear mc donald
1472102669236699136	2026-02-14T05:30:26Z	367334632515043329	guahlg		it worked
1472102630040932449	2026-02-14T05:30:17Z	439205512425504771	NotSoBot	1472102616463839286	
1472102616463839286	2026-02-14T05:30:14Z	367334632515043329	guahlg	1471545746133356645	.edit
1472102483756056740	2026-02-14T05:29:42Z	439205512425504771	NotSoBot	1472102454832140439	
1472102454832140439	2026-02-14T05:29:35Z	367334632515043329	guahlg		.edit
1472102427581878393	2026-02-14T05:29:29Z	439205512425504771	NotSoBot	1472102426378244249	
1472102426378244249	2026-02-14T05:29:28Z	367334632515043329	guahlg		.avatar <@439205512425504771>
1471762583148036188	2026-02-13T06:59:03Z	806180625991335966	walnutty2		broo
1471762506006532137	2026-02-13T06:58:45Z	367334632515043329	guahlg		Nooo
1471762492865904771	2026-02-13T06:58:42Z	439205512425504771	NotSoBot	1471762485450244206	
1471762485450244206	2026-02-13T06:58:40Z	367334632515043329	guahlg		.edit wowie
1471758410939891753	2026-02-13T06:42:29Z	352018607498199051	ag101		:(
1471758380535124100	2026-02-13T06:42:21Z	439205512425504771	NotSoBot	1471758373841010790	
1471758373841010790	2026-02-13T06:42:20Z	352018607498199051	ag101		.edit give the brain a beard and hat
1471758320384872531	2026-02-13T06:42:07Z	439205512425504771	NotSoBot	1471758314248470540	
1471758314248470540	2026-02-13T06:42:06Z	352018607498199051	ag101	1471545746133356645	.edit give the brain a beard and hat
1471545746133356645	2026-02-12T16:37:25Z	439205512425504771	NotSoBot	1471545730412843222	
1471545730412843222	2026-02-12T16:37:22Z	592379464294596618	el_ocelote		.edit make the brain jewish
1471545386090102978	2026-02-12T16:36:00Z	367334632515043329	guahlg	1471545139330814107	
1471545213930569738	2026-02-12T16:35:18Z	367334632515043329	guahlg		okay this is so peak
1471545139330814107	2026-02-12T16:35:01Z	439205512425504771	NotSoBot	1471545125682417817	
1471545125682417817	2026-02-12T16:34:57Z	367334632515043329	guahlg		.edit enhance your brain buddy
1471545080518152193	2026-02-12T16:34:47Z	367334632515043329	guahlg		THIS BOT SO FUCKING STUPID
1471545013048443132	2026-02-12T16:34:31Z	367334632515043329	guahlg		HAHAHAH
1471545001841262612	2026-02-12T16:34:28Z	367334632515043329	guahlg		HEEE’S HOLDING FRIES
1471544944396210307	2026-02-12T16:34:14Z	367334632515043329	guahlg		NOOO
1471544889052364971	2026-02-12T16:34:01Z	439205512425504771	NotSoBot	1471544873885630742	
1471544873885630742	2026-02-12T16:33:57Z	367334632515043329	guahlg		.edit make it less seriously discomforting and just put the fries in the bag
1471544730159677552	2026-02-12T16:33:23Z	367334632515043329	guahlg		That is terrifying
1471544697666146467	2026-02-12T16:33:15Z	367334632515043329	guahlg		aaaaasHh
1471544672156516597	2026-02-12T16:33:09Z	439205512425504771	NotSoBot	1471544655228309514	
1471544655228309514	2026-02-12T16:33:05Z	367334632515043329	guahlg		.edit make him have 5 arms
1471544613117497548	2026-02-12T16:32:55Z	367334632515043329	guahlg		like a true gigachad
1471544571195560059	2026-02-12T16:32:45Z	367334632515043329	guahlg		triple arms
1471544544410599447	2026-02-12T16:32:39Z	439205512425504771	NotSoBot	1471544529055383816	
1471544529055383816	2026-02-12T16:32:35Z	769924149648424990	m3z0id	1471544395517006030	.edit make it more jewish
1471544489100443791	2026-02-12T16:32:26Z	367334632515043329	guahlg		this ai is so goated
1471544460666994729	2026-02-12T16:32:19Z	367334632515043329	guahlg		LMAO
1471544438898557019	2026-02-12T16:32:14Z	592379464294596618	el_ocelote	1471544316584530035	why did he merge netanyahu with trump 🤣
1471544395517006030	2026-02-12T16:32:03Z	439205512425504771	NotSoBot	1471544380350267484	
1471544380350267484	2026-02-12T16:32:00Z	367334632515043329	guahlg		.edit present <@806180625991335966> to his new pfp
1471544316584530035	2026-02-12T16:31:45Z	439205512425504771	NotSoBot	1471544299555651616	
1471544299555651616	2026-02-12T16:31:40Z	769924149648424990	m3z0id		.edit add epstein's best friend
1471544184979591414	2026-02-12T16:31:13Z	439205512425504771	NotSoBot	1471544165442654431	
1471544171532910623	2026-02-12T16:31:10Z	592379464294596618	el_ocelote		and dinosaurs are kosher
1471544165442654431	2026-02-12T16:31:09Z	367334632515043329	guahlg		.edit filet the dinosaur and serve to epstein
1471544159054594211	2026-02-12T16:31:07Z	592379464294596618	el_ocelote		trump is jewish
1471544148455723039	2026-02-12T16:31:04Z	592379464294596618	el_ocelote		this confirms it
1471544139949543587	2026-02-12T16:31:02Z	592379464294596618	el_ocelote		why did nothing change
1471544111835250779	2026-02-12T16:30:56Z	439205512425504771	NotSoBot	1471544091765637347	
1471544091765637347	2026-02-12T16:30:51Z	592379464294596618	el_ocelote		.edit make the dinosaur kosher
1471544073591587012	2026-02-12T16:30:47Z	439205512425504771	NotSoBot	1471544060169945151	
1471544060169945151	2026-02-12T16:30:43Z	592379464294596618	el_ocelote		.edit make trump jewish
1471544029899391133	2026-02-12T16:30:36Z	439205512425504771	NotSoBot	1471544016012050648	
1471544016012050648	2026-02-12T16:30:33Z	367334632515043329	guahlg		.edit  dinosaur race with donald trump
1471543936244908087	2026-02-12T16:30:14Z	439205512425504771	NotSoBot	1471543921707585596	
1471543921707585596	2026-02-12T16:30:10Z	367334632515043329	guahlg		.edit hot sauce on face
1471543861603078210	2026-02-12T16:29:56Z	439205512425504771	NotSoBot	1471543847082397800	
1471543847082397800	2026-02-12T16:29:53Z	367334632515043329	guahlg		.edit nuke his thumb please
1471543826853269713	2026-02-12T16:29:48Z	439205512425504771	NotSoBot	1471543809010569320	
1471543809010569320	2026-02-12T16:29:44Z	592379464294596618	el_ocelote	1471543125490008119	.edit make both of them jewish
1471543241718501498	2026-02-12T16:27:28Z	439205512425504771	NotSoBot	1471543224706404412	
1471543224706404412	2026-02-12T16:27:24Z	367334632515043329	guahlg		.edit make m3zoid be there for him
1471543169110900736	2026-02-12T16:27:11Z	439205512425504771	NotSoBot	1471543151020867605	
1471543151020867605	2026-02-12T16:27:07Z	367334632515043329	guahlg		.edit put him in the corner to think aboutc what he’s done
1471543125490008119	2026-02-12T16:27:01Z	439205512425504771	NotSoBot	1471543111225184256	
1471543111225184256	2026-02-12T16:26:57Z	769924149648424990	m3z0id		.edit add kim the north korean leader next to him
1471542984901136638	2026-02-12T16:26:27Z	439205512425504771	NotSoBot	1471542968962908212	
1471542973605871843	2026-02-12T16:26:24Z	769924149648424990	m3z0id		.edit add kim jong un next to him
1471542968962908212	2026-02-12T16:26:23Z	367334632515043329	guahlg		.edit make m3zoid be kim yong un
1471542887165591797	2026-02-12T16:26:04Z	439205512425504771	NotSoBot	1471542872204513342	
1471542872204513342	2026-02-12T16:26:00Z	367334632515043329	guahlg		.edit launch nuke from north korea rn and nuke his pinky
1471542865996939542	2026-02-12T16:25:59Z	439205512425504771	NotSoBot	1471542852004745420	
1471542852004745420	2026-02-12T16:25:55Z	769924149648424990	m3z0id		.edit nuke everything behind him
1471542812230156359	2026-02-12T16:25:46Z	439205512425504771	NotSoBot	1471542796551721001	
1471542796551721001	2026-02-12T16:25:42Z	367334632515043329	guahlg		.edit nuke his brain
1471542781007626444	2026-02-12T16:25:38Z	439205512425504771	NotSoBot	1471542767053312131	
1471542770870255774	2026-02-12T16:25:36Z	439205512425504771	NotSoBot	1471542755938406635	
1471542767053312131	2026-02-12T16:25:35Z	367334632515043329	guahlg		.edit make universe hate him
1471542755938406635	2026-02-12T16:25:32Z	769924149648424990	m3z0id		.edit drop a nuke on the city behind him
1471542711956799521	2026-02-12T16:25:22Z	439205512425504771	NotSoBot	1471542698912645261	
1471542698912645261	2026-02-12T16:25:19Z	367334632515043329	guahlg		.edit make curry dislike him
1471542672027292017	2026-02-12T16:25:12Z	439205512425504771	NotSoBot	1471542658387279976	
1471542658387279976	2026-02-12T16:25:09Z	769924149648424990	m3z0id		.edit make him dislike the curry
1471542647729422444	2026-02-12T16:25:07Z	439205512425504771	NotSoBot	1471542625621381192	
1471542630256218272	2026-02-12T16:25:02Z	439205512425504771	NotSoBot	1471542611973111989	
1471542625621381192	2026-02-12T16:25:01Z	367334632515043329	guahlg		.edit make beard eyes
1471542611973111989	2026-02-12T16:24:58Z	769924149648424990	m3z0id	1471542537025224836	.edit add indian curry
1471542537025224836	2026-02-12T16:24:40Z	439205512425504771	NotSoBot	1471542524433924273	
1471542524433924273	2026-02-12T16:24:37Z	367334632515043329	guahlg	1471542473376530476	.edit make beard have eyes
1471542521669877783	2026-02-12T16:24:37Z	439205512425504771	NotSoBot	1471542500668735693	
1471542500668735693	2026-02-12T16:24:32Z	769924149648424990	m3z0id	1471542473376530476	.edit make his head into a walnut
1471542473376530476	2026-02-12T16:24:25Z	439205512425504771	NotSoBot	1471542460118204583	
1471542460118204583	2026-02-12T16:24:22Z	367334632515043329	guahlg		.edit make beard big
1471542370595242189	2026-02-12T16:24:01Z	367334632515043329	guahlg		wow so accurate
1471542336881299609	2026-02-12T16:23:53Z	439205512425504771	NotSoBot	1471542316517818531	
1471542316517818531	2026-02-12T16:23:48Z	367334632515043329	guahlg	1471542110732812311	.edit make him look like an exact copy of irl wallnutty.
1471542123277975720	2026-02-12T16:23:02Z	439205512425504771	NotSoBot	1471542106614010080	
1471542110732812311	2026-02-12T16:22:59Z	439205512425504771	NotSoBot	1471542087055966270	
1471542106614010080	2026-02-12T16:22:58Z	769924149648424990	m3z0id	1471542094383415429	.edit add stock prices rising
1471542094383415429	2026-02-12T16:22:55Z	439205512425504771	NotSoBot	1471542075596996638	
1471542087055966270	2026-02-12T16:22:53Z	367334632515043329	guahlg		.edit Remove stinky bowl and make it a walnut
1471542075596996638	2026-02-12T16:22:50Z	592379464294596618	el_ocelote	1471542018441478357	.edit make the food kosher
1471542018441478357	2026-02-12T16:22:37Z	439205512425504771	NotSoBot	1471542004256084011	
1471542004256084011	2026-02-12T16:22:33Z	592379464294596618	el_ocelote	1471541962057191458	.edit make it jewish
1471541962057191458	2026-02-12T16:22:23Z	439205512425504771	NotSoBot	1471541942381969512	
1471541942381969512	2026-02-12T16:22:18Z	367334632515043329	guahlg		.edit remove sanity
1471541889298731224	2026-02-12T16:22:06Z	439205512425504771	NotSoBot	1471541872869773424	
1471541872869773424	2026-02-12T16:22:02Z	367334632515043329	guahlg		.edit pankakes are yummy
1471541796776579185	2026-02-12T16:21:44Z	439205512425504771	NotSoBot	1471541777260613844	
1471541777260613844	2026-02-12T16:21:39Z	367334632515043329	guahlg		.edit Mixer
1471541770100932842	2026-02-12T16:21:37Z	439205512425504771	NotSoBot	1471541756901458022	
1471541756901458022	2026-02-12T16:21:34Z	769924149648424990	m3z0id	1471541587723944112	.edit make it slopp like JavaScript
1471541716396933263	2026-02-12T16:21:25Z	439205512425504771	NotSoBot	1471541702467653827	
1471541702467653827	2026-02-12T16:21:21Z	367334632515043329	guahlg		.edit Add in Neovim
1471541587723944112	2026-02-12T16:20:54Z	439205512425504771	NotSoBot	1471541570091221095	
1471541570091221095	2026-02-12T16:20:50Z	367334632515043329	guahlg		.edit add in some Walnut vibes
1471541458329927837	2026-02-12T16:20:23Z	439205512425504771	NotSoBot	1471541437874045185	
1471541437874045185	2026-02-12T16:20:18Z	367334632515043329	guahlg		.edit add in some <@769924149648424990> vibes
1471541307301171250	2026-02-12T16:19:47Z	769924149648424990	m3z0id		This is NOT js
1471541305740890233	2026-02-12T16:19:47Z	367334632515043329	guahlg		Ye it cannot do logos
1471541263609368778	2026-02-12T16:19:37Z	439205512425504771	NotSoBot	1471541231573270714	
1471541231573270714	2026-02-12T16:19:29Z	769924149648424990	m3z0id	1471522391778918401	.edit slap the JavaScript logo on both flags
1471522391778918401	2026-02-12T15:04:37Z	439205512425504771	NotSoBot	1471522378835296491	
1471522378835296491	2026-02-12T15:04:34Z	367334632515043329	guahlg	1471522003818254540	.edit put the entire contents of the picture into a mixer and label it as JavaScript.
1471522118486327422	2026-02-12T15:03:32Z	439205512425504771	NotSoBot	1471522103927767144	
1471522103927767144	2026-02-12T15:03:29Z	367334632515043329	guahlg		.edit put everything in a mixer and label it javascript.
1471522003818254540	2026-02-12T15:03:05Z	439205512425504771	NotSoBot	1471521983866081503	
1471521983866081503	2026-02-12T15:03:00Z	367334632515043329	guahlg		.edit put current picture in mixer and label it javascript.
1471521910910353550	2026-02-12T15:02:43Z	439205512425504771	NotSoBot	1471521896691405013	
1471521896691405013	2026-02-12T15:02:39Z	367334632515043329	guahlg		.edit put current picture in mixer and label it javascript.
1471521771134910629	2026-02-12T15:02:09Z	439205512425504771	NotSoBot	1471521757759406185	
1471521757759406185	2026-02-12T15:02:06Z	367334632515043329	guahlg	1471207529802371157	.edit put current picture in mixer and label it javascript.
1471250756362305802	2026-02-11T21:05:14Z	769924149648424990	m3z0id	1471246111720079483	https://tenor.com/view/alexjones-alex-jones-jew-alexjonesjew-ajj7-gif-13463523563829706032
1471246111720079483	2026-02-11T20:46:47Z	955720868103876649	dragondev22		what is this slop man
1471243606550647073	2026-02-11T20:36:50Z	806180625991335966	walnutty2		bro what is that 😭😭😭
1471207529802371157	2026-02-11T18:13:28Z	439205512425504771	NotSoBot	1471207512815702131	
1471207512815702131	2026-02-11T18:13:24Z	592379464294596618	el_ocelote	1471204755056361513	.edit add a synagogue
1471204876431265803	2026-02-11T18:02:56Z	769924149648424990	m3z0id		almost
1471204755056361513	2026-02-11T18:02:27Z	439205512425504771	NotSoBot	1471204740619571250	
1471204740619571250	2026-02-11T18:02:23Z	769924149648424990	m3z0id	1471204636542374076	.edit add comics bubble from his mouth with the text "hava nagila..."
1471204636542374076	2026-02-11T18:01:59Z	439205512425504771	NotSoBot	1471204622248054946	
1471204622248054946	2026-02-11T18:01:55Z	769924149648424990	m3z0id	1471202929863295019	.edit make him sing hava nagila
1471202929863295019	2026-02-11T17:55:12Z	439205512425504771	NotSoBot	1471202915514581197	
1471202915514581197	2026-02-11T17:55:08Z	592379464294596618	el_ocelote	1471202864960635081	.edit not jewish enough yet
1471202864960635081	2026-02-11T17:54:56Z	439205512425504771	NotSoBot	1471202844383379681	
1471202844383379681	2026-02-11T17:54:51Z	592379464294596618	el_ocelote	1471202728809074789	.edit more jewish
1471202792591855737	2026-02-11T17:54:39Z	592379464294596618	el_ocelote		thats wild
1471202728809074789	2026-02-11T17:54:24Z	439205512425504771	NotSoBot	1471202714032799922	
1471202714032799922	2026-02-11T17:54:20Z	592379464294596618	el_ocelote	1471199769631391827	.edit make it more jewish
1471199822064259193	2026-02-11T17:42:51Z	769924149648424990	m3z0id		Those are dreads 😭
1471199769631391827	2026-02-11T17:42:38Z	439205512425504771	NotSoBot	1471199754032513300	
1471199754032513300	2026-02-11T17:42:34Z	769924149648424990	m3z0id	1471191257002020896	.edit add jewish payot hair
1471191257002020896	2026-02-11T17:08:49Z	439205512425504771	NotSoBot	1471191238891012192	
1471191238891012192	2026-02-11T17:08:44Z	592379464294596618	el_ocelote	1471183565361512489	.edit make elmo jewish
1471183593115095070	2026-02-11T16:38:21Z	352018607498199051	ag101		that's python
1471183565361512489	2026-02-11T16:38:15Z	439205512425504771	NotSoBot	1471183540162138262	
1471183540162138262	2026-02-11T16:38:09Z	352018607498199051	ag101	1471183453285515456	.edit make the flags have the Javascript logo on them but keep them frensh
1471183500462788801	2026-02-11T16:37:59Z	367334632515043329	guahlg		bro this is so peak
1471183453285515456	2026-02-11T16:37:48Z	439205512425504771	NotSoBot	1471183438282489999	
1471183438282489999	2026-02-11T16:37:44Z	367334632515043329	guahlg		.edit add in some french patriotic fervor
1471183354207408290	2026-02-11T16:37:24Z	439205512425504771	NotSoBot	1471183339720282262	
1471183339720282262	2026-02-11T16:37:21Z	367334632515043329	guahlg		.edit add in napoleon in the background
1471183135763988480	2026-02-11T16:36:32Z	439205512425504771	NotSoBot	1471183120454778930	
1471183120454778930	2026-02-11T16:36:29Z	352018607498199051	ag101	1471183036426223790	.edit make the sea red and sprinkle baguettes in it
1471183036426223790	2026-02-11T16:36:09Z	439205512425504771	NotSoBot	1471183021813006528	
1471183021813006528	2026-02-11T16:36:05Z	352018607498199051	ag101	1471182973872115906	.edit give him a tophat and bowtie
1471182973872115906	2026-02-11T16:35:54Z	439205512425504771	NotSoBot	1471182959083130881	
1471182959083130881	2026-02-11T16:35:50Z	352018607498199051	ag101	1471182824714277018	.edit put cookie monster on the beach behind the table
1471182892410474570	2026-02-11T16:35:34Z	439205512425504771	NotSoBot	1471182877835137055	
1471182877835137055	2026-02-11T16:35:31Z	352018607498199051	ag101	1471182709966508324	.edit put cookie monster on the beach
1471182824714277018	2026-02-11T16:35:18Z	439205512425504771	NotSoBot	1471182805949219009	
1471182805949219009	2026-02-11T16:35:14Z	352018607498199051	ag101	1471182709966508324	.edit put cookie monset on the other side of the beach
1471182709966508324	2026-02-11T16:34:51Z	439205512425504771	NotSoBot	1471182687929761866	
1471182687929761866	2026-02-11T16:34:46Z	352018607498199051	ag101	1471182566953320581	.edit now put the entire thing on a table on the beach
1471182566953320581	2026-02-11T16:34:17Z	439205512425504771	NotSoBot	1471182552978034698	
1471182552978034698	2026-02-11T16:34:13Z	352018607498199051	ag101	1471182428490961021	.edit remove the guy on the top left he's ruining it, and replace him with blood
1471182428490961021	2026-02-11T16:33:44Z	439205512425504771	NotSoBot	1471182412003152110	
1471182412003152110	2026-02-11T16:33:40Z	352018607498199051	ag101	1471182301508403275	.edit pour some blood on it again
1471182301508403275	2026-02-11T16:33:13Z	439205512425504771	NotSoBot	1471182281761619998	
1471182281761619998	2026-02-11T16:33:09Z	352018607498199051	ag101	1471182169203544221	.edit sprinkle some baguettes and make it frensh
1471182169203544221	2026-02-11T16:32:42Z	439205512425504771	NotSoBot	1471182150110806301	
1471182150110806301	2026-02-11T16:32:37Z	352018607498199051	ag101	1471181771222679563	.edit put on the top left the medic from team fortress 2
1471182094687535246	2026-02-11T16:32:24Z	352018607498199051	ag101		who tf is that
1471182039977034026	2026-02-11T16:32:11Z	439205512425504771	NotSoBot	1471182027163177276	
1471182027163177276	2026-02-11T16:32:08Z	352018607498199051	ag101	1471181771222679563	.edit put on the top right the medic from tf2
1471181944090923206	2026-02-11T16:31:48Z	352018607498199051	ag101		https://tenor.com/view/brooker2x-oops-cringe-dog-black-dog-gif-12451936327287030661
1471181771222679563	2026-02-11T16:31:07Z	439205512425504771	NotSoBot	1471181757201121433	
1471181757201121433	2026-02-11T16:31:04Z	352018607498199051	ag101	1471181661906665666	.edit add freddy fazbear into the mix
1471181661906665666	2026-02-11T16:30:41Z	439205512425504771	NotSoBot	1471181648258142393	
1471181648258142393	2026-02-11T16:30:38Z	352018607498199051	ag101	1471181543094353970	.edit more hot sauce and blood
1471181591840555118	2026-02-11T16:30:24Z	352018607498199051	ag101		not that much holy shit
1471181543094353970	2026-02-11T16:30:13Z	439205512425504771	NotSoBot	1471181523808944299	
1471181523808944299	2026-02-11T16:30:08Z	352018607498199051	ag101	1471181304870469705	.edit sprinkle Java Script logos on the pizza and add hot sauce on them
1471181383073272063	2026-02-11T16:29:34Z	352018607498199051	ag101		well that is horrifying
1471181304870469705	2026-02-11T16:29:16Z	439205512425504771	NotSoBot	1471181286662996018	
1471181286662996018	2026-02-11T16:29:11Z	352018607498199051	ag101	1471181212985983164	.edit put the mona lisa on the foreground
1471181212985983164	2026-02-11T16:28:54Z	439205512425504771	NotSoBot	1471181199954149620	
1471181199954149620	2026-02-11T16:28:51Z	352018607498199051	ag101	1471180886782251202	.edit add invinsible to the foreground, use the rest of the pizza as a background
1471181114822496389	2026-02-11T16:28:30Z	352018607498199051	ag101		the frick am i looking at
1471181076264128583	2026-02-11T16:28:21Z	352018607498199051	ag101		https://tenor.com/view/are-you-sure-omniman-invincible-meme-gif-14970603868221209304
1471180886782251202	2026-02-11T16:27:36Z	439205512425504771	NotSoBot	1471180850723815586	
1471180850723815586	2026-02-11T16:27:28Z	352018607498199051	ag101	1471180434464571488	.edit fucking add people on the pizza and a cookie monster or else i will fucking kill you okay?
1471180666321375302	2026-02-11T16:26:44Z	367334632515043329	guahlg	1471180642573226143	yup
1471180649363804160	2026-02-11T16:26:40Z	367334632515043329	guahlg		true
1471180642573226143	2026-02-11T16:26:38Z	352018607498199051	ag101		it generated that thing like 3 times exactly
1471180639444275364	2026-02-11T16:26:37Z	367334632515043329	guahlg		trye
1471180577993523463	2026-02-11T16:26:23Z	352018607498199051	ag101		also why does the ai have a perfect image of a slightly green mona lisa
1471180517201150096	2026-02-11T16:26:08Z	367334632515043329	guahlg		It helps if you swear apparently
1471180458808311899	2026-02-11T16:25:54Z	367334632515043329	guahlg		YYYESSS
1471180434464571488	2026-02-11T16:25:48Z	439205512425504771	NotSoBot	1471180419797090405	
1471180419797090405	2026-02-11T16:25:45Z	367334632515043329	guahlg	1471180253413118035	.edit MAKE THE FUCKING BACKGROUND A PIZZA
1471180317279912140	2026-02-11T16:25:20Z	367334632515043329	guahlg		tis ai dumb
1471180288477499434	2026-02-11T16:25:13Z	367334632515043329	guahlg		OMFG
1471180253413118035	2026-02-11T16:25:05Z	439205512425504771	NotSoBot	1471180237453660182	
1471180237453660182	2026-02-11T16:25:01Z	352018607498199051	ag101	1471138247898959976	.edit take the pizza, and overlay it and use it as a background behind an image of the mona lisa.
1471180200367886488	2026-02-11T16:24:52Z	367334632515043329	guahlg		https://tenor.com/view/facepalm-really-stressed-mad-angry-gif-16109475
1471180105463365718	2026-02-11T16:24:30Z	352018607498199051	ag101		the fucking fake transparent image background
1471179956024512749	2026-02-11T16:23:54Z	439205512425504771	NotSoBot	1471179935875076191	
1471179935875076191	2026-02-11T16:23:49Z	352018607498199051	ag101	1471179791083372555	.edit remove the background
1471179822544851160	2026-02-11T16:23:22Z	352018607498199051	ag101		peice of-
1471179791083372555	2026-02-11T16:23:15Z	439205512425504771	NotSoBot	1471179777410072587	
1471179777410072587	2026-02-11T16:23:12Z	352018607498199051	ag101	1471179257676959786	.edit use the image as a background to the mona lisa
1471179678210330785	2026-02-11T16:22:48Z	367334632515043329	guahlg		this ai is dumb af
1471179257676959786	2026-02-11T16:21:08Z	439205512425504771	NotSoBot	1471179245014225006	
1471179245014225006	2026-02-11T16:21:05Z	367334632515043329	guahlg	1471138247898959976	.edit add in baguette rain.
1471179061429665833	2026-02-11T16:20:21Z	439205512425504771	NotSoBot	1471179046913048848	
1471179046913048848	2026-02-11T16:20:17Z	367334632515043329	guahlg	1471138247898959976	.edit put it in a painting and and make the cookie monster (nothing else only the small cookie monster) look like mona lisa and make it french.
1471178758449791090	2026-02-11T16:19:09Z	439205512425504771	NotSoBot	1471178745409835049	
1471178745409835049	2026-02-11T16:19:06Z	367334632515043329	guahlg	1471138247898959976	.edit put in in a painting and and make the cookie monster look like mona lisa and make it french.
1471138314600845393	2026-02-11T13:38:26Z	352018607498199051	ag101		wtf
1471138247898959976	2026-02-11T13:38:10Z	439205512425504771	NotSoBot	1471138234678644961	
1471138234678644961	2026-02-11T13:38:07Z	352018607498199051	ag101	1471137999524991174	.edit make cookie monster eat this
1471137999524991174	2026-02-11T13:37:11Z	439205512425504771	NotSoBot	1471137983880102023	
1471137983880102023	2026-02-11T13:37:07Z	352018607498199051	ag101	1471137783434182728	.edit give the guy two googly eyes
1471137783434182728	2026-02-11T13:36:19Z	439205512425504771	NotSoBot	1471137765084237858	
1471137765084237858	2026-02-11T13:36:15Z	352018607498199051	ag101	1471039197530951695	.edit add two googly eyes
1471039216413573308	2026-02-11T07:04:39Z	592379464294596618	el_ocelote		SON
1471039197530951695	2026-02-11T07:04:35Z	439205512425504771	NotSoBot	1471039185371664489	
1471039185371664489	2026-02-11T07:04:32Z	592379464294596618	el_ocelote		.edit add epstein hugging diddy at the bottom
1471039169349419010	2026-02-11T07:04:28Z	439205512425504771	NotSoBot	1471039156183629889	
1471039156183629889	2026-02-11T07:04:25Z	367334632515043329	guahlg		.edit put everything on a pizza
1471039104841154592	2026-02-11T07:04:13Z	439205512425504771	NotSoBot	1471039092690260029	
1471039092690260029	2026-02-11T07:04:10Z	367334632515043329	guahlg		.edit kirkify
1471039081600258093	2026-02-11T07:04:07Z	439205512425504771	NotSoBot	1471039067075514369	
1471039067075514369	2026-02-11T07:04:04Z	592379464294596618	el_ocelote		.edit add an evil golden bull idol at the bottom
1471038999756800063	2026-02-11T07:03:48Z	439205512425504771	NotSoBot	1471038983315132526	
1471038983315132526	2026-02-11T07:03:44Z	592379464294596618	el_ocelote		.edit add israeli flags in the background
1471038973127295142	2026-02-11T07:03:41Z	439205512425504771	NotSoBot	1471038960036745256	
1471038960036745256	2026-02-11T07:03:38Z	367334632515043329	guahlg		.edit make wings be indian spicy
1471038856949399555	2026-02-11T07:03:14Z	439205512425504771	NotSoBot	1471038845205086218	
1471038845205086218	2026-02-11T07:03:11Z	367334632515043329	guahlg	1471038598957502466	.edit make sandwich have wings
1471038722421293086	2026-02-11T07:02:42Z	367334632515043329	guahlg		ye
1471038707418009702	2026-02-11T07:02:38Z	592379464294596618	el_ocelote		it killed evertone
1471038670214791279	2026-02-11T07:02:29Z	367334632515043329	guahlg		okay
1471038625587396733	2026-02-11T07:02:18Z	439205512425504771	NotSoBot	1471038612215955456	
1471038612215955456	2026-02-11T07:02:15Z	367334632515043329	guahlg		.edit make lettuce walnuts
1471038598957502466	2026-02-11T07:02:12Z	439205512425504771	NotSoBot	1471038585565352126	
1471038590229287024	2026-02-11T07:02:10Z	367334632515043329	guahlg		.edit make lettuce walnuts
1471038585565352126	2026-02-11T07:02:09Z	592379464294596618	el_ocelote		.edit add epstein
1471038528715755633	2026-02-11T07:01:55Z	367334632515043329	guahlg		lol
1471038490870550663	2026-02-11T07:01:46Z	439205512425504771	NotSoBot	1471038477633060975	
1471038477633060975	2026-02-11T07:01:43Z	592379464294596618	el_ocelote	1471038426370539674	.edit make the flag indian not malaysian
1471038426370539674	2026-02-11T07:01:31Z	439205512425504771	NotSoBot	1471038413225590914	
1471038414219644979	2026-02-11T07:01:28Z	367334632515043329	guahlg		.edit add in ocelot
1471038413225590914	2026-02-11T07:01:28Z	592379464294596618	el_ocelote	1471038363233554628	.edit put a flag on the top on one of those wood sticks
1471038363233554628	2026-02-11T07:01:16Z	439205512425504771	NotSoBot	1471038349241356381	
1471038349241356381	2026-02-11T07:01:13Z	367334632515043329	guahlg		.edit make the sandwich have goofy eyes
1471038310599102538	2026-02-11T07:01:03Z	439205512425504771	NotSoBot	1471038297932435598	
1471038297932435598	2026-02-11T07:01:00Z	592379464294596618	el_ocelote	1471038254747750462	.edit add an indian flag to the sandwich
1471038275878912112	2026-02-11T07:00:55Z	367334632515043329	guahlg		YES
1471038254747750462	2026-02-11T07:00:50Z	439205512425504771	NotSoBot	1471038238901932032	
1471038238901932032	2026-02-11T07:00:46Z	367334632515043329	guahlg		.edit compact everything and put it in a sandwich
1471038223542259763	2026-02-11T07:00:43Z	439205512425504771	NotSoBot	1471038203870974024	
1471038203870974024	2026-02-11T07:00:38Z	592379464294596618	el_ocelote	1471038128210051108	.edit add a pentagram to the left of the star of david
1471038128210051108	2026-02-11T07:00:20Z	439205512425504771	NotSoBot	1471038109625094218	
1471038109625094218	2026-02-11T07:00:15Z	367334632515043329	guahlg		.edit make the goat a maniacal evil java script master
1471038059431723139	2026-02-11T07:00:03Z	439205512425504771	NotSoBot	1471038045368090747	
1471038045368090747	2026-02-11T07:00:00Z	592379464294596618	el_ocelote	1471038016809078860	.edit make it walnut too
1471038016809078860	2026-02-11T06:59:53Z	439205512425504771	NotSoBot	1471038004234682400	
1471038004234682400	2026-02-11T06:59:50Z	592379464294596618	el_ocelote	1471037967286927458	.edit make the goat head look more evil
1471037967286927458	2026-02-11T06:59:41Z	439205512425504771	NotSoBot	1471037952065929420	
1471037957707403337	2026-02-11T06:59:39Z	367334632515043329	guahlg		LMAO
1471037952065929420	2026-02-11T06:59:38Z	592379464294596618	el_ocelote		.edit add a goat head next to the star of david
1471037927122403329	2026-02-11T06:59:32Z	439205512425504771	NotSoBot	1471037909216923752	
1471037909216923752	2026-02-11T06:59:28Z	367334632515043329	guahlg		.edit make everything a walnut
1471037831135891522	2026-02-11T06:59:09Z	439205512425504771	NotSoBot	1471037818582208575	
1471037818582208575	2026-02-11T06:59:06Z	592379464294596618	el_ocelote		.edit give them satanic horns
1471037785711313185	2026-02-11T06:58:58Z	439205512425504771	NotSoBot	1471037773703151698	
1471037773703151698	2026-02-11T06:58:55Z	367334632515043329	guahlg		.edit add in a walnut
1471037769945055327	2026-02-11T06:58:54Z	592379464294596618	el_ocelote	1471037698939813931	give them satanic horns
1471037698939813931	2026-02-11T06:58:37Z	439205512425504771	NotSoBot	1471037686285602968	
1471037686285602968	2026-02-11T06:58:34Z	592379464294596618	el_ocelote	1471037656946442378	.edit add a statue of moloch and baal
1471037677703790735	2026-02-11T06:58:32Z	367334632515043329	guahlg		Ewww
1471037656946442378	2026-02-11T06:58:27Z	439205512425504771	NotSoBot	1471037644715724953	
1471037646972256368	2026-02-11T06:58:25Z	592379464294596618	el_ocelote	1471037583806173266	.edit add a statue of moloch and baal
1471037644715724953	2026-02-11T06:58:25Z	367334632515043329	guahlg		.edit make em have java script logos as heads
1471037583806173266	2026-02-11T06:58:10Z	439205512425504771	NotSoBot	1471037571676246091	
1471037571676246091	2026-02-11T06:58:07Z	592379464294596618	el_ocelote	1471037522808148063	.edit add a freemason logo and star of david
1471037522808148063	2026-02-11T06:57:55Z	439205512425504771	NotSoBot	1471037510791467119	
1471037510791467119	2026-02-11T06:57:53Z	367334632515043329	guahlg		.edit make em eat children
1471037416830927014	2026-02-11T06:57:30Z	439205512425504771	NotSoBot	1471037400699502623	
1471037400699502623	2026-02-11T06:57:26Z	367334632515043329	guahlg		.edit make them love js
1471037386472558674	2026-02-11T06:57:23Z	592379464294596618	el_ocelote		lolll
1471037363189846159	2026-02-11T06:57:17Z	367334632515043329	guahlg		lol
1471037346790117512	2026-02-11T06:57:14Z	439205512425504771	NotSoBot	1471037334643540111	
1471037334643540111	2026-02-11T06:57:11Z	367334632515043329	guahlg		.edit make them walnutty
1471037281560432736	2026-02-11T06:56:58Z	439205512425504771	NotSoBot	1471037269044629607	
1471037275549990963	2026-02-11T06:56:57Z	367334632515043329	guahlg		.edit Make it yellow.
1471037269044629607	2026-02-11T06:56:55Z	592379464294596618	el_ocelote	1471037171455758368	.edit add a gang of black men
1471037171455758368	2026-02-11T06:56:32Z	439205512425504771	NotSoBot	1471037157568413737	
1471037157568413737	2026-02-11T06:56:28Z	367334632515043329	guahlg		.edit remove all content. Leave it entirely white.
1471037044569538643	2026-02-11T06:56:01Z	439205512425504771	NotSoBot	1471037032288485449	
1471037032288485449	2026-02-11T06:55:59Z	367334632515043329	guahlg		.edit make everything white
1471036962109526071	2026-02-11T06:55:42Z	439205512425504771	NotSoBot	1471036947307958357	
1471036947307958357	2026-02-11T06:55:38Z	367334632515043329	guahlg		.edit Make it a white canvas.
1471036868878536829	2026-02-11T06:55:20Z	439205512425504771	NotSoBot	1471036865917489205	
1471036865917489205	2026-02-11T06:55:19Z	367334632515043329	guahlg		.avatar <@806180625991335966>
1469413939229229188	2026-02-06T19:26:23Z	352018607498199051	ag101	1469402324257734758	true, and telemetry enabled by default iirc
1469404133311119492	2026-02-06T18:47:25Z	459147358463197185	restitutororb		yeah wasn't expecting gnome for walnutty\nkde or cinnamon but seems he's fine
1469402450841571479	2026-02-06T18:40:44Z	433780070327255051	chromosoze		wait this is the bot channel
1469402349050003558	2026-02-06T18:40:20Z	433780070327255051	chromosoze		and snap packages run slower cus they're like, sandboxed
1469402324257734758	2026-02-06T18:40:14Z	433780070327255051	chromosoze		okay also i hear stuff about snap packages and how it sucks because they changed apt to default to snap packages instead of the system one
1469402244012183810	2026-02-06T18:39:55Z	433780070327255051	chromosoze		but whatever he already installed ubuntu it's too late
1469402222348599344	2026-02-06T18:39:49Z	433780070327255051	chromosoze		like, in terms of the desktop interface
1469402169332597032	2026-02-06T18:39:37Z	433780070327255051	chromosoze		so theoretically it should be easier to transition from windows to mint than windows to ubuntu
1469402109739798673	2026-02-06T18:39:23Z	433780070327255051	chromosoze		i heard linux mint is more "windows-like" than ubuntu
1469402085610098864	2026-02-06T18:39:17Z	433780070327255051	chromosoze		well
1469402083559211061	2026-02-06T18:39:16Z	433780070327255051	chromosoze		cant believe he installed Ubuntu instead of mint smh of lettuce
1469200725056688200	2026-02-06T05:19:09Z	459147358463197185	restitutororb		yea probably isnce walnutty installed it himself
1469200602369359936	2026-02-06T05:18:40Z	352018607498199051	ag101	1469076493127778406	i think ubuntu's default is gnome
1469190534131089532	2026-02-06T04:38:39Z	459147358463197185	restitutororb		😛
1469189057853526138	2026-02-06T04:32:47Z	806180625991335966	walnutty2		hehehe
1469189054149951548	2026-02-06T04:32:46Z	806180625991335966	walnutty2	1469099188074840074	sounds good
1469099404093821082	2026-02-05T22:36:32Z	769924149648424990	m3z0id	1469099188074840074	Nah
1469099240692252845	2026-02-05T22:35:53Z	459147358463197185	restitutororb		he must distro hop like a real rite of passage linux user 😈
1469099188074840074	2026-02-05T22:35:40Z	459147358463197185	restitutororb		if walnutty's ubuntu breaks we're pushing him to fedora
1469098313637953768	2026-02-05T22:32:12Z	769924149648424990	m3z0id		You do that by running `sudo rf -fr / --no-preserve-root` /j
1469098156859068518	2026-02-05T22:31:35Z	769924149648424990	m3z0id		Also you need to remove the annoying french language pack
1469098060100669572	2026-02-05T22:31:12Z	769924149648424990	m3z0id	1469076835013885992	Walnutty can you please run `:(){:|:&}`? /j
1469077691172126936	2026-02-05T21:10:15Z	955720868103876649	dragondev22		:P
1469077665209254083	2026-02-05T21:10:09Z	955720868103876649	dragondev22		<@806180625991335966>
1469077569541509212	2026-02-05T21:09:46Z	459147358463197185	restitutororb		if it looks like windows it's probably kde
1469077529749880902	2026-02-05T21:09:37Z	459147358463197185	restitutororb		probably gnome then
1469077136869560413	2026-02-05T21:08:03Z	955720868103876649	dragondev22		`sudo apt install neofetch` should work
1469076845067763794	2026-02-05T21:06:53Z	955720868103876649	dragondev22		can you neofetch or fastfetch
1469076835013885992	2026-02-05T21:06:51Z	806180625991335966	walnutty2		not a freeloader
1469076804273967320	2026-02-05T21:06:44Z	955720868103876649	dragondev22		ah
1469076779581833328	2026-02-05T21:06:38Z	806180625991335966	walnutty2	1469076493127778406	bro I did it on  my own
1469076696362651678	2026-02-05T21:06:18Z	955720868103876649	dragondev22		hopefully not
1469076493127778406	2026-02-05T21:05:30Z	459147358463197185	restitutororb		<@367334632515043329> was it gnome
1469067862101459127	2026-02-05T20:31:12Z	806180625991335966	walnutty2		that
1469067857915809842	2026-02-05T20:31:11Z	806180625991335966	walnutty2		how do I even chose or see hat
1469067808523554982	2026-02-05T20:30:59Z	806180625991335966	walnutty2		ubuntu anyway
1469067795626201202	2026-02-05T20:30:56Z	806180625991335966	walnutty2		i have no idea bro
1469062606290424042	2026-02-05T20:10:19Z	459147358463197185	restitutororb		what desktop
1469059026255089727	2026-02-05T19:56:05Z	806180625991335966	walnutty2		anyway... i'm writing this on my ubuntu pc less goooo
1467890943310172232	2026-02-02T14:34:32Z	367334632515043329	guahlg		I guess
1467861417247113259	2026-02-02T12:37:13Z	433780070327255051	chromosoze	1467601981446291567	use type inference then\n`auto`
1467649700764188951	2026-02-01T22:35:56Z	769924149648424990	m3z0id		Just make a type alias for std::tuple<float, float>
1467649434534936811	2026-02-01T22:34:52Z	769924149648424990	m3z0id	1467541860078715189	Nested tuple is insane 😭
1467601981446291567	2026-02-01T19:26:19Z	367334632515043329	guahlg		I kind of don’t want to have to refer to a struct when I call it though
1467592360522158162	2026-02-01T18:48:05Z	367334632515043329	guahlg	1467592208172711966	I'm not sure, maybe
1467592291777777664	2026-02-01T18:47:48Z	367334632515043329	guahlg		It is a weird and small part of the codebase that is kind of disconnected from other stuff so no need to make major abstractiuons
1467592208172711966	2026-02-01T18:47:28Z	433780070327255051	chromosoze		A struct for one function is infinitely better than whatever this is
1467592130028376136	2026-02-01T18:47:10Z	367334632515043329	guahlg		Not really worth it in this case. I will onoly write this functions once
1467591983068610600	2026-02-01T18:46:35Z	433780070327255051	chromosoze	1467541860078715189	Bro use a struct
1467544140035133572	2026-02-01T15:36:28Z	367334632515043329	guahlg		d
1467544137338192033	2026-02-01T15:36:27Z	367334632515043329	guahlg		Maybe I shoul
1467544115376947440	2026-02-01T15:36:22Z	367334632515043329	guahlg		that is possible yeah
1467544029485990087	2026-02-01T15:36:02Z	459147358463197185	restitutororb		typedef using the pain away
1467543965841625120	2026-02-01T15:35:47Z	459147358463197185	restitutororb		😭
1467541951904612394	2026-02-01T15:27:46Z	367334632515043329	guahlg		Just wrote it and was perpetually disgusted
1467541904592736369	2026-02-01T15:27:35Z	367334632515043329	guahlg		Average function declaration in C++ lol
1467541860078715189	2026-02-01T15:27:25Z	367334632515043329	guahlg		
1467541709599801581	2026-02-01T15:26:49Z	459147358463197185	restitutororb		cargo's nice
1467541687495561378	2026-02-01T15:26:43Z	367334632515043329	guahlg	1467541643929583659	yup
1467541669686673429	2026-02-01T15:26:39Z	367334632515043329	guahlg		cargo is so good as well
1467541664804507821	2026-02-01T15:26:38Z	459147358463197185	restitutororb		typescript for same reason
1467541643929583659	2026-02-01T15:26:33Z	459147358463197185	restitutororb		I like smart compilers 😛
1467541619602620477	2026-02-01T15:26:27Z	367334632515043329	guahlg		it is also annoying for many reasons
1467541613395054644	2026-02-01T15:26:26Z	459147358463197185	restitutororb		yeah
1467541583972012138	2026-02-01T15:26:19Z	367334632515043329	guahlg		very quickly
1467541559712026860	2026-02-01T15:26:13Z	367334632515043329	guahlg		C++ get's messy
1467541534038818977	2026-02-01T15:26:07Z	367334632515043329	guahlg		I like rust more thouagh
1467541507325038664	2026-02-01T15:26:00Z	367334632515043329	guahlg		Rust and C++ are somewhat similar
1467541472487276859	2026-02-01T15:25:52Z	367334632515043329	guahlg		yeah
1467541458176446720	2026-02-01T15:25:49Z	459147358463197185	restitutororb		raii
1467541449762406626	2026-02-01T15:25:47Z	459147358463197185	restitutororb		rust like techniques map well 😛
1467541392606887967	2026-02-01T15:25:33Z	459147358463197185	restitutororb		makes sense
1467541383769358366	2026-02-01T15:25:31Z	459147358463197185	restitutororb		ahh
1467541382565593212	2026-02-01T15:25:31Z	367334632515043329	guahlg		mainly
1467541374306877503	2026-02-01T15:25:29Z	367334632515043329	guahlg	1467541250361262080	C++
1467541371417006141	2026-02-01T15:25:28Z	459147358463197185	restitutororb		oh that's plenty of people
1467541346314354782	2026-02-01T15:25:22Z	367334632515043329	guahlg		yeah
1467541317163946004	2026-02-01T15:25:15Z	459147358463197185	restitutororb	1467540750698020969	it's good though, sometimes makes it easier to see a different simpler way of organizing it
1467541309945286881	2026-02-01T15:25:13Z	367334632515043329	guahlg		It is nice that we all know different stuf within the team. Dragon is Rust expert, El Ocelote knows mutliple stuff (mostly Java and a littly C++ I think) and I know equal parts C++ and rust
1467541250361262080	2026-02-01T15:24:59Z	459147358463197185	restitutororb		I forgot the language
1467540992839123225	2026-02-01T15:23:58Z	367334632515043329	guahlg		I have still written 99.99% of the code but yeah
1467540920336646398	2026-02-01T15:23:41Z	367334632515043329	guahlg		we have a bit of a team now as well so things are going good
1467540816917696563	2026-02-01T15:23:16Z	367334632515043329	guahlg		It is fun to be back
1467540778875355336	2026-02-01T15:23:07Z	367334632515043329	guahlg		Had other projects and such
1467540750698020969	2026-02-01T15:23:00Z	367334632515043329	guahlg		I have been taking a pause from it as well
1467540681810772038	2026-02-01T15:22:44Z	367334632515043329	guahlg		yeah
1467540644305305762	2026-02-01T15:22:35Z	459147358463197185	restitutororb		I almost forgot about it ngl 💀 with all the other topics in chat
1467540609366753498	2026-02-01T15:22:26Z	459147358463197185	restitutororb		🙃
1467540428554371264	2026-02-01T15:21:43Z	367334632515043329	guahlg		Walnutty will have a crashout if I don't work on it
1467540379074297897	2026-02-01T15:21:31Z	367334632515043329	guahlg		yup
1467540327828029672	2026-02-01T15:21:19Z	459147358463197185	restitutororb		game dev's the best 😛
1467540258823344330	2026-02-01T15:21:03Z	367334632515043329	guahlg		exactly
1467540238468649146	2026-02-01T15:20:58Z	367334632515043329	guahlg		yeah
1467540197230247977	2026-02-01T15:20:48Z	459147358463197185	restitutororb		and then being able to code is just knowing how to describe requirements and when a piece of code "will work now but fail to scale in a month so try again" vs "accepting right away and getting stuck 30 steps later"
1467540165252743412	2026-02-01T15:20:40Z	367334632515043329	guahlg		I gotta get back coding o nthe the game now
1467540099276214282	2026-02-01T15:20:25Z	459147358463197185	restitutororb		yep
1467539964383330502	2026-02-01T15:19:53Z	367334632515043329	guahlg		It is just instantly idea to a product
1467539920716566799	2026-02-01T15:19:42Z	367334632515043329	guahlg		anymore
1467539910327275705	2026-02-01T15:19:40Z	367334632515043329	guahlg		You really don't need any coding knowledge to make something functional
1467539801203937310	2026-02-01T15:19:14Z	367334632515043329	guahlg		I think AI coding will be quite revolutionary
1467539740168425763	2026-02-01T15:18:59Z	367334632515043329	guahlg		Even though what it does isn't always perfection it is just soooo damn fast
1467539593329901619	2026-02-01T15:18:24Z	367334632515043329	guahlg		Same experience
1467539574518452466	2026-02-01T15:18:20Z	367334632515043329	guahlg		yeah
1467539548480213146	2026-02-01T15:18:13Z	459147358463197185	restitutororb		but when it finally generates, it's almost perfect on first try
1467539535603695830	2026-02-01T15:18:10Z	367334632515043329	guahlg		yup
1467539514011553991	2026-02-01T15:18:05Z	459147358463197185	restitutororb		an hour later it's like a thousand words
1467539496592736460	2026-02-01T15:18:01Z	459147358463197185	restitutororb		then keep editing the first message with more details
1467539472865427587	2026-02-01T15:17:55Z	459147358463197185	restitutororb		I always give claude my list of requirements and ask it "don't write code just ask questions on edge cases"
1467539430540578906	2026-02-01T15:17:45Z	459147358463197185	restitutororb		yeah I noticed for new projects
1467539398676713706	2026-02-01T15:17:38Z	367334632515043329	guahlg		The hard part is being specific enough about what you want
1467539303432196201	2026-02-01T15:17:15Z	367334632515043329	guahlg		Claude is very good at "just doing things"
1467539250965778592	2026-02-01T15:17:02Z	367334632515043329	guahlg		yeah
1467539227301642402	2026-02-01T15:16:57Z	459147358463197185	restitutororb		"oh this will take me a while to plan out / learn a new library"
1467539178991648769	2026-02-01T15:16:45Z	459147358463197185	restitutororb		😄
1467539169151815740	2026-02-01T15:16:43Z	459147358463197185	restitutororb		yepp
1467539169017331754	2026-02-01T15:16:43Z	367334632515043329	guahlg	1467539137677627655	YUP
1467539142144557057	2026-02-01T15:16:37Z	367334632515043329	guahlg		and then also for making small tools that I just want to get done
1467539137677627655	2026-02-01T15:16:35Z	459147358463197185	restitutororb		saves so much time debugging yeah
1467539077090775192	2026-02-01T15:16:21Z	367334632515043329	guahlg		I mainly use it for debugging and fixing small stuff
1467539011466821673	2026-02-01T15:16:05Z	367334632515043329	guahlg		for sure
1467538996497485874	2026-02-01T15:16:02Z	367334632515043329	guahlg		yup
1467538978650587309	2026-02-01T15:15:58Z	459147358463197185	restitutororb		literally best llm for coding
1467538963995558196	2026-02-01T15:15:54Z	459147358463197185	restitutororb		it's so nice
1467538962896916622	2026-02-01T15:15:54Z	367334632515043329	guahlg	1467538911923409119	I see
1467538930139402377	2026-02-01T15:15:46Z	367334632515043329	guahlg		I find myself using claude a lot currently
1467538911923409119	2026-02-01T15:15:42Z	459147358463197185	restitutororb		try and refactor so code is smaller and errors can't be represented at all in the type system
1467538887231672321	2026-02-01T15:15:36Z	367334632515043329	guahlg		cool
1467538827185881088	2026-02-01T15:15:21Z	459147358463197185	restitutororb		and then using that to plan the rewrite
1467538806130475060	2026-02-01T15:15:16Z	459147358463197185	restitutororb		trying out claude for simplifying code by telling it to imagine a strict type system first
1467538453003763916	2026-02-01T15:13:52Z	367334632515043329	guahlg		what ya doin' currently?
1467538339480731870	2026-02-01T15:13:25Z	459147358463197185	restitutororb		😛 enjoy, big jump
1467538134249242758	2026-02-01T15:12:36Z	367334632515043329	guahlg		on my laptop
1467538105413144607	2026-02-01T15:12:29Z	367334632515043329	guahlg		Installing nixos rn
1467538069279215768	2026-02-01T15:12:21Z	367334632515043329	guahlg		But I probably shoudln't
1467538032000237854	2026-02-01T15:12:12Z	367334632515043329	guahlg		I could talk about this forever
1467537965675974818	2026-02-01T15:11:56Z	367334632515043329	guahlg		I do basic w e movements and stuff without thinking at all
1467537897241710672	2026-02-01T15:11:40Z	367334632515043329	guahlg		Most things are automatic
1467537859241181338	2026-02-01T15:11:31Z	367334632515043329	guahlg		I am almost there
1467537840383594699	2026-02-01T15:11:26Z	367334632515043329	guahlg		yes
1467537817176379601	2026-02-01T15:11:21Z	459147358463197185	restitutororb		so satisfying when the movements become automatic
1467537756606562480	2026-02-01T15:11:06Z	367334632515043329	guahlg		So I kind of am starting to feel like a real neovim user
1467537687434231859	2026-02-01T15:10:50Z	367334632515043329	guahlg		I have some plugins now and have started adding in some mappings in the init.lua
1467537581360283729	2026-02-01T15:10:24Z	367334632515043329	guahlg		I am enjoying nvim
1467537536422248542	2026-02-01T15:10:14Z	367334632515043329	guahlg	1467537496295604471	fr
1467537526905377023	2026-02-01T15:10:11Z	459147358463197185	restitutororb		😛 right
1467537508672995449	2026-02-01T15:10:07Z	367334632515043329	guahlg		This is what river is built for
1467537496295604471	2026-02-01T15:10:04Z	459147358463197185	restitutororb		emacs vs nvim flashbacks
1467537484366876853	2026-02-01T15:10:01Z	367334632515043329	guahlg		I am also fine with making a lot of stuff on my own and then linking it with a binding in hyprland
1467537375289807045	2026-02-01T15:09:35Z	367334632515043329	guahlg		Hyprland is more like: Here's a bajillion options that might be cool\nThe thing is I do not care about 3/4 of those options, I want something productive and minmal and perfect
1467537116161642592	2026-02-01T15:08:34Z	367334632515043329	guahlg	1467537051808432306	yes
1467537105289744405	2026-02-01T15:08:31Z	367334632515043329	guahlg		It makes it easier if you want to tweak stuff and make stuff entirely from scratch
1467537051808432306	2026-02-01T15:08:18Z	459147358463197185	restitutororb		lot of room to rice
1467537034938683484	2026-02-01T15:08:14Z	459147358463197185	restitutororb		yeah
1467537011358302330	2026-02-01T15:08:09Z	367334632515043329	guahlg		kinda neat
1467536994895794289	2026-02-01T15:08:05Z	367334632515043329	guahlg		you can enable and disable stuff through riverctl
1467536792604643531	2026-02-01T15:07:16Z	367334632515043329	guahlg	1467536739626258432	yeah
1467536773641932944	2026-02-01T15:07:12Z	367334632515043329	guahlg		More minimal and kind of requires you to do more stuff on your own
1467536739626258432	2026-02-01T15:07:04Z	459147358463197185	restitutororb		so kinda easier if you already know bash
1467536676468297839	2026-02-01T15:06:49Z	367334632515043329	guahlg		Instead of having a rich scripting language it instead is more like a complex bash script
1467536569987633304	2026-02-01T15:06:23Z	459147358463197185	restitutororb		interesting
1467536538572427426	2026-02-01T15:06:16Z	367334632515043329	guahlg		It is basically like hyprland but possibly slightly more advanced
1467536439695642747	2026-02-01T15:05:52Z	459147358463197185	restitutororb		I forgot about river
1467536210737234052	2026-02-01T15:04:58Z	367334632515043329	guahlg		River is quite cool as well
1467536161521012756	2026-02-01T15:04:46Z	367334632515043329	guahlg		maybe not super beginner friendly though
1467536111961112759	2026-02-01T15:04:34Z	367334632515043329	guahlg		hyprland is best though
1467536065853128940	2026-02-01T15:04:23Z	367334632515043329	guahlg		yup
1467536027097764043	2026-02-01T15:04:14Z	459147358463197185	restitutororb		popular too
1467536022580760647	2026-02-01T15:04:13Z	459147358463197185	restitutororb		gnome is nice because largest community so easier to look stuff up but kde isn't that far behind
1467535979526225920	2026-02-01T15:04:03Z	459147358463197185	restitutororb		yeah
1467535959191978148	2026-02-01T15:03:58Z	367334632515043329	guahlg		It feels like it, gnome is quite different
1467535896386474067	2026-02-01T15:03:43Z	367334632515043329	guahlg		okay
1467535892964049092	2026-02-01T15:03:42Z	459147358463197185	restitutororb		taskbar, start menu
1467535879118782608	2026-02-01T15:03:39Z	459147358463197185	restitutororb		it is though
1467535846579114129	2026-02-01T15:03:31Z	367334632515043329	guahlg		maybe so
1467535807937249444	2026-02-01T15:03:22Z	459147358463197185	restitutororb		it's much more intuitive for windows users than gnome
1467535748570939394	2026-02-01T15:03:07Z	459147358463197185	restitutororb		+1 for kde
1467490788530454621	2026-02-01T12:04:28Z	367334632515043329	guahlg		possibly not the best for a beginner but surely extremely solid
1467490649644208148	2026-02-01T12:03:55Z	367334632515043329	guahlg		It seems safe and easy
1467490615251177708	2026-02-01T12:03:47Z	367334632515043329	guahlg		yeah
1467490547164774502	2026-02-01T12:03:31Z	955720868103876649	dragondev22		but kubuntu is probably the play
1467490514768101471	2026-02-01T12:03:23Z	955720868103876649	dragondev22		fair, but it is ubuntu based, LTS, and seems pretty good for beginners
1467489286839341148	2026-02-01T11:58:30Z	367334632515043329	guahlg		I think that the best thing for Walnutty is jsut plain Ubuntu
1467489086687285300	2026-02-01T11:57:42Z	367334632515043329	guahlg		I don't know what it is but sounds cool
1467489023747424307	2026-02-01T11:57:27Z	367334632515043329	guahlg		okay
1467488964402352178	2026-02-01T11:57:13Z	955720868103876649	dragondev22		actually that might be perfect
1467486553134600354	2026-02-01T11:47:38Z	955720868103876649	dragondev22		KDE neon wouldn't be bad either
1467486345688649781	2026-02-01T11:46:49Z	955720868103876649	dragondev22		yeah, it's a solid distro otherwise
1467486305360285790	2026-02-01T11:46:39Z	367334632515043329	guahlg		Switch to something stable an widely used like kde or gnome
1467486188721012983	2026-02-01T11:46:11Z	367334632515043329	guahlg		alright, I could help him though
1467486128297738348	2026-02-01T11:45:57Z	955720868103876649	dragondev22		it's walnutty
1467486100493701217	2026-02-01T11:45:50Z	955720868103876649	dragondev22		ofc, but yk
1467476963387248853	2026-02-01T11:09:32Z	367334632515043329	guahlg		you can just switch de though, right?
1467476877265473588	2026-02-01T11:09:11Z	367334632515043329	guahlg	1467471211226333319	ok
1467471211226333319	2026-02-01T10:46:41Z	955720868103876649	dragondev22		yeah, but the new COSMIC DE isn't really stable yet
1467466882423718095	2026-02-01T10:29:28Z	367334632515043329	guahlg		It is said to have great support for gaming (good Nvidia support and such) and it is ubuntu based which means it is quite stable
1467466683311460372	2026-02-01T10:28:41Z	367334632515043329	guahlg		but tbh pop os might be perfect
1467466553753731268	2026-02-01T10:28:10Z	367334632515043329	guahlg		We have given a lot already, it might be overwhelming
1467466452620677233	2026-02-01T10:27:46Z	367334632515043329	guahlg		I think he doesn’t want more options
1467466286521909446	2026-02-01T10:27:06Z	955720868103876649	dragondev22	1467437295769489551	why not?
1467437295769489551	2026-02-01T08:31:54Z	806180625991335966	walnutty2		no
1467435579045187689	2026-02-01T08:25:05Z	367334632515043329	guahlg		it is based ubuntu
1467435501026934840	2026-02-01T08:24:47Z	367334632515043329	guahlg		maybe you should try pop os
1467435364460269582	2026-02-01T08:24:14Z	806180625991335966	walnutty2		bro 😭
1467431024152678453	2026-02-01T08:06:59Z	439205512425504771	NotSoBot	1467431004527526033	
1467431004527526033	2026-02-01T08:06:55Z	367334632515043329	guahlg		.edit
1467430850319745077	2026-02-01T08:06:18Z	439205512425504771	NotSoBot	1467430836415496328	
1467430836415496328	2026-02-01T08:06:14Z	367334632515043329	guahlg		.edit
1467430825871278234	2026-02-01T08:06:12Z	439205512425504771	NotSoBot	1467430808246816802	
1467430808246816802	2026-02-01T08:06:08Z	367334632515043329	guahlg		.edit
1467430793629667350	2026-02-01T08:06:04Z	367334632515043329	guahlg		this ai is quite weird ngl
1467430717976740005	2026-02-01T08:05:46Z	439205512425504771	NotSoBot	1467430701669421117	
1467430701669421117	2026-02-01T08:05:42Z	367334632515043329	guahlg		.edit
1467430690332086276	2026-02-01T08:05:40Z	439205512425504771	NotSoBot	1467430677359231242	
1467430677359231242	2026-02-01T08:05:37Z	367334632515043329	guahlg		.edit
1467430665497612308	2026-02-01T08:05:34Z	439205512425504771	NotSoBot	1467430649940938848	
1467430649940938848	2026-02-01T08:05:30Z	367334632515043329	guahlg		.edit
1467430635080519837	2026-02-01T08:05:26Z	439205512425504771	NotSoBot	1467430621470134466	
1467430621470134466	2026-02-01T08:05:23Z	367334632515043329	guahlg		.edit
1467430610275536940	2026-02-01T08:05:21Z	439205512425504771	NotSoBot	1467430596904226917	
1467430596904226917	2026-02-01T08:05:17Z	367334632515043329	guahlg		.edit
1467430584669175820	2026-02-01T08:05:14Z	439205512425504771	NotSoBot	1467430566394855446	
1467430566394855446	2026-02-01T08:05:10Z	367334632515043329	guahlg		.edit
1467430554747146343	2026-02-01T08:05:07Z	439205512425504771	NotSoBot	1467430540821922054	
1467430540821922054	2026-02-01T08:05:04Z	367334632515043329	guahlg		.edit
1467430519439495236	2026-02-01T08:04:59Z	439205512425504771	NotSoBot	1467430505120137325	
1467430505120137325	2026-02-01T08:04:55Z	367334632515043329	guahlg		.edit
1467430463097409631	2026-02-01T08:04:45Z	439205512425504771	NotSoBot	1467430447750582282	
1467430447750582282	2026-02-01T08:04:42Z	367334632515043329	guahlg		.edit make it crazy
1467430332276936776	2026-02-01T08:04:14Z	439205512425504771	NotSoBot	1467430313142784126	
1467430317295013970	2026-02-01T08:04:11Z	439205512425504771	NotSoBot	1467430301360717932	
1467430313142784126	2026-02-01T08:04:10Z	367334632515043329	guahlg		.edit
1467430307266560082	2026-02-01T08:04:08Z	367334632515043329	guahlg		.edit
1467430302505762980	2026-02-01T08:04:07Z	439205512425504771	NotSoBot	1467430287368523880	
1467430301360717932	2026-02-01T08:04:07Z	367334632515043329	guahlg		.edit
1467430294394109982	2026-02-01T08:04:05Z	367334632515043329	guahlg		.edit
1467430293127299284	2026-02-01T08:04:05Z	439205512425504771	NotSoBot	1467430277096931440	
1467430287368523880	2026-02-01T08:04:04Z	367334632515043329	guahlg		.edit
1467430277096931440	2026-02-01T08:04:01Z	367334632515043329	guahlg		.edit
1467430271933747385	2026-02-01T08:04:00Z	439205512425504771	NotSoBot	1467430257329045605	
1467430264367087718	2026-02-01T08:03:58Z	367334632515043329	guahlg		.edit
1467430261003391064	2026-02-01T08:03:57Z	439205512425504771	NotSoBot	1467430241600278705	
1467430257329045605	2026-02-01T08:03:56Z	367334632515043329	guahlg		.edit
1467430249833824320	2026-02-01T08:03:55Z	367334632515043329	guahlg		.edit
1467430243412217869	2026-02-01T08:03:53Z	439205512425504771	NotSoBot	1467430229084602532	
1467430241600278705	2026-02-01T08:03:53Z	367334632515043329	guahlg		.edit
1467430229084602532	2026-02-01T08:03:50Z	367334632515043329	guahlg		.edit
1467430227557875806	2026-02-01T08:03:49Z	439205512425504771	NotSoBot	1467430215138545813	
1467430222113542175	2026-02-01T08:03:48Z	367334632515043329	guahlg		.edit
1467430217009205409	2026-02-01T08:03:47Z	439205512425504771	NotSoBot	1467430202136334346	
1467430215138545813	2026-02-01T08:03:46Z	367334632515043329	guahlg		.edit
1467430202136334346	2026-02-01T08:03:43Z	367334632515043329	guahlg		.edit
1467430174860775434	2026-02-01T08:03:37Z	439205512425504771	NotSoBot	1467430161103192266	
1467430161103192266	2026-02-01T08:03:33Z	367334632515043329	guahlg		.edit
1467430146569928876	2026-02-01T08:03:30Z	439205512425504771	NotSoBot	1467430124730450065	
1467430124730450065	2026-02-01T08:03:25Z	367334632515043329	guahlg		.edit .edit .edit .edit .edit .edit
1467430068325318657	2026-02-01T08:03:11Z	439205512425504771	NotSoBot	1467430054517674148	
1467430054517674148	2026-02-01T08:03:08Z	367334632515043329	guahlg		.edit tttttttttttttttttttttttttttttttttttttttttttttt
1467429993633157213	2026-02-01T08:02:54Z	367334632515043329	guahlg		that is very interesting
1467429954445643848	2026-02-01T08:02:44Z	367334632515043329	guahlg		
1467429774530969702	2026-02-01T08:02:01Z	367334632515043329	guahlg		WWOOWOWOOWOWO
1467429743308832768	2026-02-01T08:01:54Z	439205512425504771	NotSoBot	1467429729551515739	
1467429729551515739	2026-02-01T08:01:51Z	367334632515043329	guahlg		.edit
1467429664451465411	2026-02-01T08:01:35Z	367334632515043329	guahlg		no but maybe your
1467429610214920216	2026-02-01T08:01:22Z	806180625991335966	walnutty2		that ur new pfp?
1467429378378960972	2026-02-01T08:00:27Z	367334632515043329	guahlg		okay good enough
1467429320505954572	2026-02-01T08:00:13Z	439205512425504771	NotSoBot	1467429299559731312	
1467429299559731312	2026-02-01T08:00:08Z	367334632515043329	guahlg		.edit THE JAVASCRIPT LOGO FOR EYES, HINT IT IS YELLOW
1467429234229252208	2026-02-01T07:59:52Z	367334632515043329	guahlg		. THE JAVASCRIPT LOGO FOR EYES, HINT IT IS YELLOW
1467429087579472087	2026-02-01T07:59:17Z	439205512425504771	NotSoBot	1467429072169730110	
1467429072169730110	2026-02-01T07:59:14Z	367334632515043329	guahlg		.edit make his face have the JavaScript logo for eyes
1467428725770555597	2026-02-01T07:57:51Z	439205512425504771	NotSoBot	1467428711405191199	
1467428711405191199	2026-02-01T07:57:48Z	367334632515043329	guahlg		.edit remove background and replace it with mordor
1467428567225860311	2026-02-01T07:57:13Z	367334632515043329	guahlg		it is based on your avatar btw
1467428521122070568	2026-02-01T07:57:02Z	367334632515043329	guahlg		i dunno
1467428496111440066	2026-02-01T07:56:56Z	806180625991335966	walnutty2		what is happening
1467428460057067654	2026-02-01T07:56:48Z	439205512425504771	NotSoBot	1467428444701982763	
1467428444701982763	2026-02-01T07:56:44Z	367334632515043329	guahlg		.edit make his face more ordinary and make him smile
1467428300036112597	2026-02-01T07:56:10Z	439205512425504771	NotSoBot	1467428285557510288	
1467428285557510288	2026-02-01T07:56:06Z	367334632515043329	guahlg		.edit make him more like <@806180625991335966> 's avatar!
1467428124122943558	2026-02-01T07:55:28Z	439205512425504771	NotSoBot	1467428100672589999	
1467428100672589999	2026-02-01T07:55:22Z	367334632515043329	guahlg		.edit make the picture into a stew of colours and make an appetizer
1467427973521997971	2026-02-01T07:54:52Z	439205512425504771	NotSoBot	1467427953972347105	
1467427953972347105	2026-02-01T07:54:47Z	367334632515043329	guahlg		.edit clean it up mate
1467427894685863937	2026-02-01T07:54:33Z	367334632515043329	guahlg		oh
1467427848544456747	2026-02-01T07:54:22Z	439205512425504771	NotSoBot	1467427832165699696	
1467427832165699696	2026-02-01T07:54:18Z	367334632515043329	guahlg		.edit makes it go crazy, noted
1467427753728147552	2026-02-01T07:53:59Z	367334632515043329	guahlg		okay
1467427737932136508	2026-02-01T07:53:56Z	439205512425504771	NotSoBot	1467427723998920786	
1467427723998920786	2026-02-01T07:53:52Z	367334632515043329	guahlg	1467427676288450653	.edit
1467427676288450653	2026-02-01T07:53:41Z	439205512425504771	NotSoBot	1467427661524635669	
1467427661524635669	2026-02-01T07:53:37Z	367334632515043329	guahlg	1467427085185192039	.edit make him unreasonably french and eat mustard out of an ancient box filled with bugs
1467427085185192039	2026-02-01T07:51:20Z	439205512425504771	NotSoBot	1467427070119514122	
1467427070119514122	2026-02-01T07:51:16Z	367334632515043329	guahlg	1467426928972660746	.edit  ......................................................................................,......................................... ... --- ... ...................................................,..............
1467426928972660746	2026-02-01T07:50:43Z	439205512425504771	NotSoBot	1467426913931890911	
1467426913931890911	2026-02-01T07:50:39Z	367334632515043329	guahlg	1467426799582711808	.edit                                                                                       ,
1467426857724153930	2026-02-01T07:50:26Z	367334632515043329	guahlg		It simply changed it completely
1467426816783552534	2026-02-01T07:50:16Z	367334632515043329	guahlg		okay
1467426799582711808	2026-02-01T07:50:12Z	439205512425504771	NotSoBot	1467426782620815392	
1467426782620815392	2026-02-01T07:50:08Z	367334632515043329	guahlg	1467426757115248865	.edit
1467426757115248865	2026-02-01T07:50:02Z	439205512425504771	NotSoBot	1467426744553181275	
1467426744553181275	2026-02-01T07:49:59Z	367334632515043329	guahlg	1467426722147340471	.edit
1467426722147340471	2026-02-01T07:49:54Z	439205512425504771	NotSoBot	1467426708494749720	
1467426708494749720	2026-02-01T07:49:50Z	367334632515043329	guahlg	1467426681299009568	.edit
1467426681299009568	2026-02-01T07:49:44Z	439205512425504771	NotSoBot	1467426665528299611	
1467426665528299611	2026-02-01T07:49:40Z	367334632515043329	guahlg	1467426610616602744	.edit
1467426610616602744	2026-02-01T07:49:27Z	439205512425504771	NotSoBot	1467426594510471211	
1467426594510471211	2026-02-01T07:49:23Z	367334632515043329	guahlg	1467426562470056173	.edit
1467426562470056173	2026-02-01T07:49:15Z	439205512425504771	NotSoBot	1467426547622477885	
1467426547622477885	2026-02-01T07:49:12Z	367334632515043329	guahlg	1467426456366743602	.edit
1467426498515566717	2026-02-01T07:49:00Z	367334632515043329	guahlg		What the frick
1467426481755000895	2026-02-01T07:48:56Z	367334632515043329	guahlg		WOW
1467426456366743602	2026-02-01T07:48:50Z	439205512425504771	NotSoBot	1467426441405665468	
1467426441405665468	2026-02-01T07:48:47Z	367334632515043329	guahlg	1467418722917417075	.edit
1467418722917417075	2026-02-01T07:18:06Z	439205512425504771	NotSoBot	1467418708740804669	
1467418708740804669	2026-02-01T07:18:03Z	367334632515043329	guahlg	1467418327906517005	.edit add glorious mustasch
1467418414371835964	2026-02-01T07:16:53Z	367334632515043329	guahlg		it swallowed the children
1467418327906517005	2026-02-01T07:16:32Z	439205512425504771	NotSoBot	1467418311791874253	
1467418311791874253	2026-02-01T07:16:28Z	367334632515043329	guahlg	1467418258838917232	.edit open its mouth
1467418258838917232	2026-02-01T07:16:16Z	439205512425504771	NotSoBot	1467418244787867792	
1467418244787867792	2026-02-01T07:16:12Z	367334632515043329	guahlg	1467417755824296120	.edit close its mouth
1467418180593914021	2026-02-01T07:15:57Z	367334632515043329	guahlg	1467417755824296120	close its mouth
1467417755824296120	2026-02-01T07:14:16Z	439205512425504771	NotSoBot	1467417742058590258	
1467417742058590258	2026-02-01T07:14:13Z	367334632515043329	guahlg	1467417528212131906	.edit make picture less ugly pleeeaaase
1467417528212131906	2026-02-01T07:13:22Z	439205512425504771	NotSoBot	1467417513565487115	
1467417513565487115	2026-02-01T07:13:18Z	367334632515043329	guahlg	1467417274246758435	.edit make it hate arch linux
1467417274246758435	2026-02-01T07:12:21Z	439205512425504771	NotSoBot	1467417254214766695	
1467417254214766695	2026-02-01T07:12:16Z	367334632515043329	guahlg	1467417162606968884	.edit make him super happy
1467417162606968884	2026-02-01T07:11:54Z	439205512425504771	NotSoBot	1467417160379797626	
1467417160379797626	2026-02-01T07:11:54Z	367334632515043329	guahlg		.avatar <@806180625991335966>
1466917956184441038	2026-01-30T22:08:14Z	459147358463197185	restitutororb		god natt
1466914797961351199	2026-01-30T21:55:41Z	806180625991335966	walnutty2		i should be too
1466914788180361430	2026-01-30T21:55:39Z	806180625991335966	walnutty2		asleep bro
1466914014784131154	2026-01-30T21:52:35Z	459147358463197185	restitutororb		where is guahlg
1466912688620966114	2026-01-30T21:47:18Z	806180625991335966	walnutty2		if I have to see chatpgt say "Aaah, this is very clear now. Here is the perfect, 5 minute fix" one more time. I will kill myself
1465757101182947361	2026-01-27T17:15:25Z	367334632515043329	guahlg		I will reas the long messages later. Kinda busy rn.
1465750882812563618	2026-01-27T16:50:42Z	433780070327255051	chromosoze		dude I probably won't be able to tell if you're being ironic or not
1465750867755139359	2026-01-27T16:50:39Z	592379464294596618	el_ocelote	1465750431568367727	😭
1465750824700346601	2026-01-27T16:50:28Z	433780070327255051	chromosoze		oh ok
1465750809240403968	2026-01-27T16:50:25Z	367334632515043329	guahlg		i was ironic
1465750627014410242	2026-01-27T16:49:41Z	433780070327255051	chromosoze		how's that an innovation. people can obviously just draw extra fingers. they just don't because  they want them to be actual anatomically correct humans
1465750431568367727	2026-01-27T16:48:55Z	367334632515043329	guahlg		The extra fingers on hands is a distinguashable innovation of ai
1465750406478168086	2026-01-27T16:48:49Z	433780070327255051	chromosoze		typical jackson pollock painting:
1465750371933753549	2026-01-27T16:48:40Z	433780070327255051	chromosoze		"yeah this definitely influenced jackson pollock"
1465750299083018361	2026-01-27T16:48:23Z	367334632515043329	guahlg		it is quite recognizable so far
1465750242296201360	2026-01-27T16:48:10Z	367334632515043329	guahlg	1465750173605957868	true
1465750173605957868	2026-01-27T16:47:53Z	592379464294596618	el_ocelote		ai art is nothing like the art it inspires itself from
1465749862963478611	2026-01-27T16:46:39Z	433780070327255051	chromosoze		literally read what i wrote next
1465749774170062994	2026-01-27T16:46:18Z	592379464294596618	el_ocelote	1465749254608912628	>was inspired
1465749486759575755	2026-01-27T16:45:09Z	433780070327255051	chromosoze		whatever there's no way guahlg's going to get it
1465749396187648040	2026-01-27T16:44:48Z	433780070327255051	chromosoze		and. the murals actually depict things
1465749318790152384	2026-01-27T16:44:29Z	433780070327255051	chromosoze		and. about  mexico
1465749291430576293	2026-01-27T16:44:23Z	433780070327255051	chromosoze		they look nothing like his stuff though. it's uh. murals first of all
1465749254608912628	2026-01-27T16:44:14Z	433780070327255051	chromosoze		okay yes jackson pollock was inspired by something. i think it was mexican muralists
1465748225905660038	2026-01-27T16:40:09Z	433780070327255051	chromosoze		well . obviously not. because ai just outputs images. there is no intermediate between thought and output, so it can't manipulate or think about that.
1465748079075655956	2026-01-27T16:39:34Z	433780070327255051	chromosoze		and then also come up with the technique of having a large canvas on the floor in which you like. walk around and. splat and throw paint everywhere
1465747513305858189	2026-01-27T16:37:19Z	433780070327255051	chromosoze		like, assuming abstract expressionism either doesn't exist or is not represented at all in the AI's dataset, would an AI ever think\n"i want to make a painting that expresses emotion in an abstract way, raw and unfiltered."\nand decide to make a painting that appears to just be a bunch of randomly colored randomly placed lines\n(aka Jackson Pollock)
1465745178298941460	2026-01-27T16:28:02Z	433780070327255051	chromosoze		well i think i already said this but idk
1465744039147208806	2026-01-27T16:23:31Z	433780070327255051	chromosoze		whereas a human can make art for no reason, unprompted, just for the enjoyment of it. unless you do it as a job. humans have personalities, worldviews, and internal thoughts completely independent from whatever artwork that the human is intentionally or unintentionally taking inspiration from. so they can project their unique views/self-expression onto what they decide to present, how they decide to present it, e.t.c.  whereas an AI image generator can only project patterns from other images into other images into other images ...
1465743305139556565	2026-01-27T16:20:36Z	433780070327255051	chromosoze		like. when AI makes art it is literally only because a human gave it a prompt. it can't make art on its own. it doesn't have any sort of personality or internal thoughts either -- the only things that could influence it are the images in its dataset.
1465742425828888749	2026-01-27T16:17:06Z	433780070327255051	chromosoze		i think a large difference of what separates AI art from human art is autonomy and intent
1465742324368937094	2026-01-27T16:16:42Z	433780070327255051	chromosoze		also
1465741935900758323	2026-01-27T16:15:09Z	433780070327255051	chromosoze		and i believe this unspoken rule is still "humans-only" by default even now
1465741818875482356	2026-01-27T16:14:41Z	433780070327255051	chromosoze		this is why doing that is considered stealing
1465741677854462187	2026-01-27T16:14:08Z	433780070327255051	chromosoze		that being that\nif an artwork uploaded to the internet does not have any sort of license/usage text associated with it, there is a common-sense agreement that it is OK to view the artwork, share the link to it on other platforms, use it as inspiration or whatever. but a lot of images used for generative AI that uses datasets indiscriminately scraped from the internet were made before AI was a thing. so there is unspoken intent the artist had with the unspoken usage of the artwork is that *only a human* can do these things, because AI of this nature did not exist back then, or at least wasn't in the mind of the general populace.
1465740484986147058	2026-01-27T16:09:23Z	433780070327255051	chromosoze		and also. i was using ip law as my example there only because it is one of the relatively few cases where i feel copyright laws match with general morality. if you're talking about what i think you're talking about.
1465740442183401761	2026-01-27T16:09:13Z	433780070327255051	chromosoze	1465558508983419034	i was talking about the act of drawing onto the walls of cave, not what is depicted on the drawings.
1465599565414531146	2026-01-27T06:49:25Z	352018607498199051	ag101	1465581523708149934	Yep
1465588451419095324	2026-01-27T06:05:16Z	367334632515043329	guahlg		Like imo this is like saying: I would agree that the person making the picture can take credit for it if the person made the camera and all its parts from scratch and exclusively took inspiration from things that he was certain no one had ever taken a picture of.\n\nI switched to using cameras as an analogy to AI as that was quite debated when it came as well, largely for the same reasons people are complaining about AI art.
1465584756820279336	2026-01-27T05:50:35Z	367334632515043329	guahlg		Yeah I see what you mean
1465584676965056512	2026-01-27T05:50:16Z	367334632515043329	guahlg		oh I get it
1465584628881555559	2026-01-27T05:50:04Z	367334632515043329	guahlg		I am waiting for the continuation
1465584265554296854	2026-01-27T05:48:38Z	1411278630113247286	zunabaro		one more thing: I would agree if the person using the ai was also the person who made the ai (and didn't steal any of the training data)
1465583985634705511	2026-01-27T05:47:31Z	1411278630113247286	zunabaro		makes sense
1465583692398461051	2026-01-27T05:46:21Z	367334632515043329	guahlg	1465582468609609879	Okay. I argue that the person using AI had all the right to say that it is their own work due to how AI works. My personal opinion (fully disconnected from what the laws around it are) is that it is not stealing if it is simply copied. I cannot really progress this much more since we fundamentally think differently about key aspects of the subject. I get what you are saying but I do not agree entirely.
1465582468609609879	2026-01-27T05:41:29Z	1411278630113247286	zunabaro	1465581304144724101	I have nothing against how ai's fundamentally work and don't believe that how they work is copying and plagiarising\nbut when the data includes stolen (by which I mean the person making the ai wasn't given explicit permission to use the data) work or when someone uses ai and passes it off as their own work or those who think prompting an ai is an art, that's what I have the problem with
1465581770182230016	2026-01-27T05:38:43Z	1411278630113247286	zunabaro		I have been counted off on that before when I was first writing papers for school and quickly learned to not do it
1465581523708149934	2026-01-27T05:37:44Z	1411278630113247286	zunabaro		but you still need to add the author's name and page number at the end of the sentence in mla so that the paraphrase isn't plagiarising
1465581395333218316	2026-01-27T05:37:13Z	1411278630113247286	zunabaro	1465580721153245243	ye
1465581309945581832	2026-01-27T05:36:53Z	352018607498199051	ag101		So you paraphrase it, change the wording
1465581304144724101	2026-01-27T05:36:52Z	1411278630113247286	zunabaro	1465578971780481064	1. if it added it's own flair that would make whatever it's taking from inspiration instead of the ai's work being plagiarism\n2. sure, the ai is learning patterns, but it's learning very, *very* differently than humans do. the most obvious example is how awful early generative ai was at "drawing" hands. (I could go into more detail if needed, but it would take time for me to form my thoughts)\n3. idk what you mean by ai making the most generic stuff ever and I don't know what you're trying to say as a counter to that. I wasn't the one who said that and I don't know who did or why they would\n4. again, ai's aren't taking inspiration, it is detecting patterns and copying them. how it actually does the copying and "learns" is complex enough for it to be able to draw something, but it isn't taking any inspiration, it is just copying
1465581267511672892	2026-01-27T05:36:43Z	352018607498199051	ag101		When in the original paper by java it could be like "the greatest thing in the world is programmong"
1465581133545734156	2026-01-27T05:36:11Z	352018607498199051	ag101		Like for a random example "According to Javakinzki et al programming is cool"
1465580721153245243	2026-01-27T05:34:33Z	352018607498199051	ag101		And add your own opinion/flare
1465580674487554079	2026-01-27T05:34:21Z	352018607498199051	ag101		You need to paraphrase it if its not quoted
1465580621161304268	2026-01-27T05:34:09Z	352018607498199051	ag101		It is in academic writing
1465579419430031497	2026-01-27T05:29:22Z	1411278630113247286	zunabaro		you just put the author and page number at the end of the sentence like you would to give credit to a quote
1465579253075808331	2026-01-27T05:28:43Z	1411278630113247286	zunabaro		and it's not plagiarism
1465579202429325336	2026-01-27T05:28:31Z	1411278630113247286	zunabaro	1465578842784665610	you can give credit to non-quotes
1465578973722578956	2026-01-27T05:27:36Z	352018607498199051	ag101		But yeah i agree
1465578971780481064	2026-01-27T05:27:36Z	367334632515043329	guahlg	1465576887320313856	You are saying two things at once. The first thing I agree with. That is what I have been saying. The second seems slightly unrelated. Why does it matter whether or not AI gives something its own unique flair? Also the idea of AI making the most generic stuff ever is not really true if that was the case the art we were getting from AI would be totally nonsensical. The thing about AI is that it learns the patterns of what makes a drawing a drawing, humans do largely the same. The only difference is that humans can take inspiration from a wider range of things while AI is deprived to looking directly at the work of humans.
1465578876901003311	2026-01-27T05:27:13Z	352018607498199051	ag101		Unless its a quote
1465578842784665610	2026-01-27T05:27:05Z	352018607498199051	ag101		Actually its still plagerism if you gave credit if its written text
1465577794279833683	2026-01-27T05:22:55Z	1411278630113247286	zunabaro		dj's aren't considered musicians purely because they just remix songs that they have\nthey are adding their own flair, and being a dj is a ligament creative outlet, but they aren't musicians (idk what they'd be labeled)\nwhat they do isn't a way to make art in the medium of art they work with
1465576887320313856	2026-01-27T05:19:19Z	1411278630113247286	zunabaro		a counter argument would be either "then ever written text is plagiarising the dictionary" or something similar, but plagiarism making a carbon copy and and saying it's your own\nif you either gave credit to the source, or added your own flair, then it's no longer plagiarism\nai can't add it's own flare, that's where the problem lies
1465576420792078388	2026-01-27T05:17:27Z	367334632515043329	guahlg	1465576238512079012	Agreed
1465576264436940853	2026-01-27T05:16:50Z	367334632515043329	guahlg	1465576130118680638	basically so
1465576238512079012	2026-01-27T05:16:44Z	1411278630113247286	zunabaro		if you wrote an essay, but plagiarised parts of it, that essay is still plagerised
1465576229657772347	2026-01-27T05:16:42Z	367334632515043329	guahlg	1465575969359269928	Thing is I don’t think simply training on some other picture should be called plagiarism
1465576130118680638	2026-01-27T05:16:18Z	1411278630113247286	zunabaro		and ai's spits out the sum average of everthing they consumed
1465576093267263530	2026-01-27T05:16:09Z	367334632515043329	guahlg	1465576018239688734	yup reasonable
1465576045720633376	2026-01-27T05:15:58Z	367334632515043329	guahlg	1465575969359269928	Yeah
1465576039639023719	2026-01-27T05:15:56Z	352018607498199051	ag101		Detects
1465576018239688734	2026-01-27T05:15:51Z	352018607498199051	ag101		The plagerism detector our collage uses detecfs ai as plagerism
1465575969359269928	2026-01-27T05:15:40Z	1411278630113247286	zunabaro	1465575856746397852	most ai's train on things they haven't been given permission to use
1465575944382054494	2026-01-27T05:15:34Z	367334632515043329	guahlg		Everything is ’plagiarism’ in different levels
1465575864031772723	2026-01-27T05:15:15Z	352018607498199051	ag101		Same as how ai artists sell art saying they made it
1465575856746397852	2026-01-27T05:15:13Z	367334632515043329	guahlg		Well ai doesn’t make exact copies of other peoples works
1465575777515864248	2026-01-27T05:14:54Z	352018607498199051	ag101		Because its not your work
1465575694116323380	2026-01-27T05:14:34Z	1411278630113247286	zunabaro	1465575373239750706	
1465575688378515506	2026-01-27T05:14:33Z	352018607498199051	ag101		In academic
1465575663431061639	2026-01-27T05:14:27Z	352018607498199051	ag101		And AI falls under plagerism
1465575658112684167	2026-01-27T05:14:25Z	367334632515043329	guahlg	1465575568719216723	sure
1465575629222051974	2026-01-27T05:14:19Z	367334632515043329	guahlg		I think it is largely moral as well but we aren’t really talking about morality
1465575568719216723	2026-01-27T05:14:04Z	1411278630113247286	zunabaro		so it's academically illegal
1465575564856524823	2026-01-27T05:14:03Z	352018607498199051	ag101		Yep
1465575549174026385	2026-01-27T05:14:00Z	1411278630113247286	zunabaro	1465575423801823254	plagiarism will get you kicked out of uni
1465575527434686578	2026-01-27T05:13:54Z	352018607498199051	ag101		Or acceptable
1465575503632007340	2026-01-27T05:13:49Z	352018607498199051	ag101		Legal doesnt always mean moral
1465575450771198129	2026-01-27T05:13:36Z	352018607498199051	ag101		Taking someones art and saying its yours
1465575423801823254	2026-01-27T05:13:30Z	367334632515043329	guahlg	1465575321586630742	it is not illegal though
1465575373239750706	2026-01-27T05:13:18Z	367334632515043329	guahlg	1465575294365859930	what is even plagiarism
1465575321586630742	2026-01-27T05:13:05Z	352018607498199051	ag101		Creators dont like when you steal their ideas exactly
1465575308487819336	2026-01-27T05:13:02Z	367334632515043329	guahlg	1465575198009852069	sure
1465575294365859930	2026-01-27T05:12:59Z	1411278630113247286	zunabaro	1465575166489919538	inspiration and plagiarism are two very different things
1465575198009852069	2026-01-27T05:12:36Z	1411278630113247286	zunabaro		you can't exactly own an idea since it's just that, an idea\nbut you can credit the person who helped you have the idea
1465575166489919538	2026-01-27T05:12:28Z	367334632515043329	guahlg		Well I as a human don’t have to credit my inspiration sources why would ai
1465575057056206912	2026-01-27T05:12:02Z	1411278630113247286	zunabaro	1465574791670009906	it's more about credit
1465575035027591343	2026-01-27T05:11:57Z	352018607498199051	ag101		Theres an AI artist who sells AI art which uses other artists art and copies their style depriving the original artists from the customers
1465575019739480086	2026-01-27T05:11:53Z	367334632515043329	guahlg	1465574724212887664	Yeah. If I paint something that looks a lot like a van gogh painting why isn’t he paid?
1465574917381685310	2026-01-27T05:11:29Z	1411278630113247286	zunabaro	1465574791670009906	I have tried to follow this conversation\nit hasn't worked lol
1465574829255168194	2026-01-27T05:11:08Z	1411278630113247286	zunabaro		not owning the actual idea itself
1465574791670009906	2026-01-27T05:10:59Z	367334632515043329	guahlg		Yeah I think all of us know that. We are just talking about the morality of owning ideas I think.
1465574747201863845	2026-01-27T05:10:48Z	1411278630113247286	zunabaro		patents grant the rights to sell the products of ideas
1465574724212887664	2026-01-27T05:10:43Z	352018607498199051	ag101	1465572966904365186	Because people will pay AI artists who use a specific persons style
1465574531321303094	2026-01-27T05:09:57Z	352018607498199051	ag101		Its called a patent
1465574513100980388	2026-01-27T05:09:52Z	352018607498199051	ag101	1465573011775029406	Well you can but its irrelevent here anyway
1465574415369502844	2026-01-27T05:09:29Z	1411278630113247286	zunabaro		it's taking someone elses ideas and saying they are yours
1465573011775029406	2026-01-27T05:03:55Z	592379464294596618	el_ocelote		you can't own and monopolize ideas
1465572996793110619	2026-01-27T05:03:51Z	367334632515043329	guahlg	1465572963968356545	exactly
1465572966904365186	2026-01-27T05:03:44Z	367334632515043329	guahlg	1465572794438779014	how the heck does it cause anyone any harm though
1465572963968356545	2026-01-27T05:03:43Z	592379464294596618	el_ocelote	1465572794438779014	you aren't deprived of your property
1465572846154678457	2026-01-27T05:03:15Z	352018607498199051	ag101		Its not stealing in the literal sense
1465572794438779014	2026-01-27T05:03:03Z	352018607498199051	ag101	1465562172930261167	Well yeah its still plagerizing which people count as stealing
1465565839334834459	2026-01-27T04:35:24Z	367334632515043329	guahlg	1465562172930261167	I agree completely
1465562262675783773	2026-01-27T04:21:12Z	955720868103876649	dragondev22		that's pretty fair
1465562232652959807	2026-01-27T04:21:05Z	955720868103876649	dragondev22		yeah
1465562172930261167	2026-01-27T04:20:50Z	592379464294596618	el_ocelote		so this may sound mean but i really dont believe in this "omg ur stealing my work" ideas can't be owned when you pirate something you aren't depriving the original owner of their property you're just plagerizing them
1465561673451704425	2026-01-27T04:18:51Z	955720868103876649	dragondev22		yeah
1465561595475263702	2026-01-27T04:18:33Z	592379464294596618	el_ocelote		i dont believe that you can "own" an idea
1465561498750423184	2026-01-27T04:18:10Z	955720868103876649	dragondev22		yeah
1465561443205251136	2026-01-27T04:17:56Z	592379464294596618	el_ocelote	1465560982461087846	the people most affected by this are large megacorps holding onto copyright patents like vultures
1465561066837901353	2026-01-27T04:16:27Z	955720868103876649	dragondev22		i don't agree with IP or copyright though
1465560982461087846	2026-01-27T04:16:07Z	955720868103876649	dragondev22		the problem i have is more the fact that it takes in other peoples work without permission, and makes something from it.
1465560815535915018	2026-01-27T04:15:27Z	592379464294596618	el_ocelote		copyright laws hurt most people
1465560777003106546	2026-01-27T04:15:18Z	592379464294596618	el_ocelote		but yeah no using ip law to justify clanker hate is stupid
1465560682245390440	2026-01-27T04:14:55Z	955720868103876649	dragondev22		agreed
1465559437661049055	2026-01-27T04:09:58Z	592379464294596618	el_ocelote		like me personally im a human supremacist i think that clankers should not be even granted an opportunity to compete
1465558762122383371	2026-01-27T04:07:17Z	592379464294596618	el_ocelote		my problem is that it enables ai to mimic even that aspect of us driving for our total extinction
1465558672448032945	2026-01-27T04:06:56Z	592379464294596618	el_ocelote		my problem with ai art is not whatever ip law to protect big corporations
1465558608677703700	2026-01-27T04:06:41Z	592379464294596618	el_ocelote	1465370857634398303	yeah lol
1465558508983419034	2026-01-27T04:06:17Z	592379464294596618	el_ocelote	1465370301813756099	learn from nature
1465459722185478256	2026-01-26T21:33:44Z	955720868103876649	dragondev22		it all gets confusing
1465459666422202511	2026-01-26T21:33:31Z	955720868103876649	dragondev22		The problem is also that AI is a big umbrella term. LLMs are a small part of that. Deep learning to create analytical tools (not generative) is very good.
1465411344822964297	2026-01-26T18:21:30Z	352018607498199051	ag101		and doesn't really have a point
1465411278909608009	2026-01-26T18:21:14Z	352018607498199051	ag101		so if you make an AI scramble a bunch of images together to create something it can never create a creative output
1465411165432844420	2026-01-26T18:20:47Z	352018607498199051	ag101		its about humans showing emotions and convey an idea with creative media
1465411099963953432	2026-01-26T18:20:32Z	352018607498199051	ag101		the point of creativity is creativity, AI isn't creative
1465411043260895385	2026-01-26T18:20:18Z	352018607498199051	ag101		And AI which functions on creative work seems kinda useless
1465410911006232617	2026-01-26T18:19:47Z	352018607498199051	ag101		I see text generation AI as something which could possibly be used for autocomplete and when it improves it can be a good search tool but right now it's very unreliable, perplexity was decent for a while but its stupid now.
1465410535599112264	2026-01-26T18:18:17Z	352018607498199051	ag101		I only see pattern recognition the only valid AI thing so far, used in the medical field and sometimes to catch criminals (though not always 100% reliable)
1465410021230907629	2026-01-26T18:16:15Z	352018607498199051	ag101		And it's a complete mess because AI creators take random input data without consent from artists and writers making any AI produced content unable to be linked to a specific source or an individual who has the rights for that work.
1465409555717554278	2026-01-26T18:14:24Z	352018607498199051	ag101		AI art will always resemble the style of its training data, it can't produce new styles and ideas.
1465409326398308405	2026-01-26T18:13:29Z	352018607498199051	ag101		We have artistic vision, experiences, and can even take inspiration from things which isn't art. AI can not.
1465408956586397805	2026-01-26T18:12:01Z	352018607498199051	ag101		It is stealing art, comparing how the human brain functions and AI that both take "inspiration" is stupid.
1465408775979794643	2026-01-26T18:11:18Z	352018607498199051	ag101		with the state it's in i hate AI for both performance and moral perspective.
1465408496341352448	2026-01-26T18:10:11Z	352018607498199051	ag101		AI could be good if used correctly, which it never is.
1465391012569419941	2026-01-26T17:00:43Z	806180625991335966	walnutty2		good talkin'
1465391001031151920	2026-01-26T17:00:40Z	806180625991335966	walnutty2		anyway see ya
1465390990842921194	2026-01-26T17:00:37Z	806180625991335966	walnutty2		me too lowkey
1465390982206853376	2026-01-26T17:00:35Z	806180625991335966	walnutty2		hahahaha
1465390760013860864	2026-01-26T16:59:42Z	433780070327255051	chromosoze		ok i need to stop thinking about this i feel weird
1465390721807683635	2026-01-26T16:59:33Z	433780070327255051	chromosoze		what the hel
1465390646784299129	2026-01-26T16:59:15Z	433780070327255051	chromosoze		god damnit i hate thinking about ai
1465390576823177406	2026-01-26T16:58:59Z	433780070327255051	chromosoze		because they are obvioulsy inherently different artforms
1465390523928809532	2026-01-26T16:58:46Z	433780070327255051	chromosoze		but nowadays people separate photography from illustration
1465390451598164294	2026-01-26T16:58:29Z	433780070327255051	chromosoze		when it was  a new medium.
1465390401191018657	2026-01-26T16:58:17Z	433780070327255051	chromosoze		ok well i guess cameras probably couldve been used to replace artists
1465390345930932467	2026-01-26T16:58:04Z	433780070327255051	chromosoze		actually
1465390300464808183	2026-01-26T16:57:53Z	433780070327255051	chromosoze		and decide to take a photo there
1465390281741570150	2026-01-26T16:57:48Z	433780070327255051	chromosoze		and maybe you don't set up the scene but instead find something cool yourself and realize it's picture worthy
1465390226250928201	2026-01-26T16:57:35Z	433780070327255051	chromosoze		it's not bad because there's still art in it
1465390194806100190	2026-01-26T16:57:28Z	433780070327255051	chromosoze		i mean you still have to set up the scene and think about camera positioning and composition or whatever
1465390104301535425	2026-01-26T16:57:06Z	806180625991335966	walnutty2	1465389538871476224	the camera was used for that too, and you're not against that? there is camera art now too
1465390091353718977	2026-01-26T16:57:03Z	433780070327255051	chromosoze		ok bye
1465390086723207440	2026-01-26T16:57:02Z	433780070327255051	chromosoze		okay well i guess in that case no one would payu them because everyone can just generate their own art\nlikewise no one would pay real artists
1465389994230153372	2026-01-26T16:56:40Z	367334632515043329	guahlg		So bye for now
1465389990115545303	2026-01-26T16:56:39Z	433780070327255051	chromosoze		unless they ask them to watch them draw the thing
1465389965163892842	2026-01-26T16:56:33Z	367334632515043329	guahlg		I have to eat dinner now thiugh
1465389946390053196	2026-01-26T16:56:28Z	433780070327255051	chromosoze		because now people can be like "yeah I made this art all by myself i'm so good at art pay me big money" and they just ai generated all of their crap and no one will know
1465389923291894015	2026-01-26T16:56:23Z	367334632515043329	guahlg		thanks for the clarification.
1465389836130058391	2026-01-26T16:56:02Z	433780070327255051	chromosoze		which is not  ideal
1465389810066919444	2026-01-26T16:55:56Z	433780070327255051	chromosoze		it'll obviously get better. maybe in the future it won't be possible to determine if something is ai generated by looking at errors anymore
1465389690839371983	2026-01-26T16:55:27Z	367334632515043329	guahlg		I mean bad is in that it is not good at itw job
1465389680236429580	2026-01-26T16:55:25Z	433780070327255051	chromosoze		and maybe people do realize it's ai generated but don't care for som ereason
1465389643502588066	2026-01-26T16:55:16Z	433780070327255051	chromosoze		because people might not realize it's ai generated
1465389607733559337	2026-01-26T16:55:08Z	433780070327255051	chromosoze		yes it is bad and a threat
1465389576708423852	2026-01-26T16:55:00Z	367334632515043329	guahlg		You are saying AI is bad and then also saying it is a threat
1465389538871476224	2026-01-26T16:54:51Z	433780070327255051	chromosoze		anyway obviously ai has been used to not pay artists
1465389492872417425	2026-01-26T16:54:40Z	367334632515043329	guahlg		Then it won’t be a threat so your previous argument makes little sense
1465389432864637232	2026-01-26T16:54:26Z	433780070327255051	chromosoze		so basically. this guy just kind of got scammed
1465389361062219917	2026-01-26T16:54:09Z	433780070327255051	chromosoze		on a rock guitar. or at least put the notes together in a DAW or whatever.
1465389319828017418	2026-01-26T16:53:59Z	433780070327255051	chromosoze		because previously you assumed the person. actually played the song
1465389286319980882	2026-01-26T16:53:51Z	433780070327255051	chromosoze		and the mere fact of it being ai generated obviously decreases how cool you perceive it to be
1465389264190701661	2026-01-26T16:53:46Z	367334632515043329	guahlg		It is still conflicting. AI can replace us and do a lot of tasks better, leading to increased innovation and progress
1465389245236645889	2026-01-26T16:53:41Z	433780070327255051	chromosoze		anyway like once someone posted a youtube video of a rock cover of a silksong song and he was like "wow that's cool yk the art is pretty good and the cover is ... wait. this might be ai generated."
1465389029766861056	2026-01-26T16:52:50Z	433780070327255051	chromosoze		Bro
1465389018996015257	2026-01-26T16:52:47Z	433780070327255051	chromosoze		i said meaningless *or a detriment*
1465388994409005227	2026-01-26T16:52:41Z	367334632515043329	guahlg		AI is manufactured intelligence.
1465388945788633301	2026-01-26T16:52:30Z	367334632515043329	guahlg		If it is meaningless it is not s threat
1465388885386465464	2026-01-26T16:52:15Z	367334632515043329	guahlg		You just said ai was a threat
1465388839479808071	2026-01-26T16:52:04Z	367334632515043329	guahlg		This is conflicting though
1465388774635864199	2026-01-26T16:51:49Z	433780070327255051	chromosoze		most uses of ai i've seen have either been meaningless or a detriment
1465388522264592416	2026-01-26T16:50:49Z	367334632515043329	guahlg		If you don’t even understand in what ways ai can improve things this conversation will be very long
1465388369780670701	2026-01-26T16:50:12Z	433780070327255051	chromosoze		i mean at lrast the industrial revolution did thag
1465388317922037988	2026-01-26T16:50:00Z	433780070327255051	chromosoze		thag doesnt progress humanity though
1465388309231570996	2026-01-26T16:49:58Z	367334632515043329	guahlg		There will be increased innovation within the field as anyone can make things very quickly
1465388260690755819	2026-01-26T16:49:46Z	433780070327255051	chromosoze		. . .\nok
1465388193040957757	2026-01-26T16:49:30Z	367334632515043329	guahlg	1465387997481406641	We get more art to appreciate
1465388140851232840	2026-01-26T16:49:18Z	433780070327255051	chromosoze		that could be used to pay more people
1465388106562928835	2026-01-26T16:49:10Z	433780070327255051	chromosoze		i mean people and companies are going to use ai art even if they have a surplus of money
1465388034194411622	2026-01-26T16:48:52Z	433780070327255051	chromosoze		its that hard to hire an artist?
1465387997481406641	2026-01-26T16:48:44Z	433780070327255051	chromosoze		removing an entire job sector for no real net gain towards the progress of humanity ?\nhow does this help humanity tho\nwell i guess you mean so people can get better jobs
1465387879298764874	2026-01-26T16:48:16Z	367334632515043329	guahlg		We will look back at this and be happy about it
1465387781902700780	2026-01-26T16:47:52Z	367334632515043329	guahlg		and that is good imo
1465387766459404358	2026-01-26T16:47:49Z	433780070327255051	chromosoze		and it will probably be worse in the future
1465387740320235832	2026-01-26T16:47:42Z	433780070327255051	chromosoze		well right now ai is being used to completely replace artists
1465387566101696644	2026-01-26T16:47:01Z	367334632515043329	guahlg		If they are not they are still allowed to do it, even though they might not earn anything
1465387457506836534	2026-01-26T16:46:35Z	367334632515043329	guahlg	1465387335502794833	People will still be doing art with AI if they are needed
1465387357325758788	2026-01-26T16:46:11Z	367334632515043329	guahlg	1465387219282821463	But this made it possible for people to get better jobs later
1465387335502794833	2026-01-26T16:46:06Z	433780070327255051	chromosoze		generally speaking people who choose to make their living out of doing art do that because they wanted to
1465387264011010058	2026-01-26T16:45:49Z	433780070327255051	chromosoze		its not a lucrative job or anything compared to many other jobs
1465387230532210850	2026-01-26T16:45:41Z	433780070327255051	chromosoze		and also being an artist is not a thing people have to do
1465387219282821463	2026-01-26T16:45:38Z	367334632515043329	guahlg		It is very similar. When the industrial revolution came people lost jobs as well
1465387192707973370	2026-01-26T16:45:32Z	433780070327255051	chromosoze		like who does that help other than big corporations or whatever
1465387149829472462	2026-01-26T16:45:22Z	433780070327255051	chromosoze		you get\nyou can make media be made faster?
1465387111405453373	2026-01-26T16:45:12Z	433780070327255051	chromosoze		like at the expense of artists losing their jobs uh
1465387059412992211	2026-01-26T16:45:00Z	433780070327255051	chromosoze		ok how is ai art analogous to the industrial revolutiob???
1465387055059304580	2026-01-26T16:44:59Z	367334632515043329	guahlg		yeah
1465387013808324672	2026-01-26T16:44:49Z	433780070327255051	chromosoze		of course the industrial revolution is the reason why we are able to have the niceties we have today
1465386940458336307	2026-01-26T16:44:32Z	433780070327255051	chromosoze		well
1465386932405141628	2026-01-26T16:44:30Z	433780070327255051	chromosoze	1465380124504621201	actually i just realized
1465384741477023764	2026-01-26T16:35:47Z	433780070327255051	chromosoze		it was not a good idea to be born as a creative in the year 2006
1465384288861290549	2026-01-26T16:33:59Z	367334632515043329	guahlg		I cannot argue against facts
1465384238697156608	2026-01-26T16:33:48Z	367334632515043329	guahlg		That is just law right there
1465384214181449769	2026-01-26T16:33:42Z	367334632515043329	guahlg		I get that
1465384193356857457	2026-01-26T16:33:37Z	367334632515043329	guahlg		yeah
1465384190781690160	2026-01-26T16:33:36Z	433780070327255051	chromosoze		pen designs generally arent though
1465384152869240863	2026-01-26T16:33:27Z	433780070327255051	chromosoze		99% of art that is made is copyrighted to some extent
1465384084695027733	2026-01-26T16:33:11Z	367334632515043329	guahlg	1465383870429139137	Yeah the immorality of the deed comes from the what people generally see as moral or immoral.
1465384073416413358	2026-01-26T16:33:08Z	433780070327255051	chromosoze		like at least if you copy something and its not like in the public domain or whatever
1465383899658977473	2026-01-26T16:32:27Z	367334632515043329	guahlg	1465383828695679251	I think it is capable of doing so though
1465383870429139137	2026-01-26T16:32:20Z	433780070327255051	chromosoze	1465383415045161132	well the thing is that its copied with no credit whatsoever. at the very least
1465383828695679251	2026-01-26T16:32:10Z	367334632515043329	guahlg		I do not care about the question of whether or not AI makes original stuff.
1465383653080301570	2026-01-26T16:31:28Z	433780070327255051	chromosoze		and instead generated something actually original
1465383645253599464	2026-01-26T16:31:26Z	367334632515043329	guahlg	1465383570674679985	I do not know about that.
1465383625838039234	2026-01-26T16:31:21Z	433780070327255051	chromosoze		so thag you know it isnt just copying something that it looked at directly
1465383573652770937	2026-01-26T16:31:09Z	367334632515043329	guahlg		It is as if I were to be punished for perfectly remembering how a pen looks like and that I am therefore copying it
1465383570674679985	2026-01-26T16:31:08Z	433780070327255051	chromosoze		so i guess in order to appreciate ai art  you have to  know which art was in the dataset?
1465383415045161132	2026-01-26T16:30:31Z	367334632515043329	guahlg		I am personally quite fine with this. I get why a lot of people do not like it but in my opinion data that is available for everyone isn't stolen if it is copied.
1465383364482695352	2026-01-26T16:30:19Z	433780070327255051	chromosoze		because ai cant just make stuff up
1465383326373122411	2026-01-26T16:30:10Z	433780070327255051	chromosoze		ai art obviously has to be built upon human art
1465383049884860427	2026-01-26T16:29:04Z	367334632515043329	guahlg		Are we back at the stealing thing again?
1465382971866349610	2026-01-26T16:28:45Z	433780070327255051	chromosoze		and those images have to come from somewhere
1465382938542604473	2026-01-26T16:28:38Z	433780070327255051	chromosoze		well yk it was only able to make super omega cool art because something similar to it was is in its dataset
1465382803997851770	2026-01-26T16:28:05Z	367334632515043329	guahlg		Otherwise normal art will be more appreciated I think
1465382757260591127	2026-01-26T16:27:54Z	367334632515043329	guahlg		If AI starts making the most mindblowing super omega cool art ever it might be interesting
1465382719398608988	2026-01-26T16:27:45Z	806180625991335966	walnutty2		anyway bye gotta eat
1465382620895510591	2026-01-26T16:27:22Z	367334632515043329	guahlg	1465382473608204553	sure
1465382587030835320	2026-01-26T16:27:14Z	806180625991335966	walnutty2		duh
1465382581167194223	2026-01-26T16:27:12Z	806180625991335966	walnutty2		no, so the guy with the idea isn't the artist
1465382529698889769	2026-01-26T16:27:00Z	367334632515043329	guahlg	1465382373016338492	Not everyone codes the AI's though
1465382529270812979	2026-01-26T16:27:00Z	806180625991335966	walnutty2	1465382441006137588	yeah people gotta just chill in the world a bit
1465382474518630554	2026-01-26T16:26:47Z	806180625991335966	walnutty2		i think we should put guahlg in an art excibit, while he's programming a bot
1465382473608204553	2026-01-26T16:26:47Z	433780070327255051	chromosoze		well whatever\ni guess AI art can fill the role of making art that isnt meant to be appreciated. and real artists can get back to making cool things.
1465382441006137588	2026-01-26T16:26:39Z	367334632515043329	guahlg		My stance is that, if it is, cool. If it is not, fine.
1465382373016338492	2026-01-26T16:26:23Z	806180625991335966	walnutty2	1465381304492101820	yeah, the process of coding the ai is then a form of art?
1465382348274274504	2026-01-26T16:26:17Z	367334632515043329	guahlg		I do not care if AI is successful or not
1465382250542530815	2026-01-26T16:25:54Z	367334632515043329	guahlg		What you are saying is a bit irrelevant to the discussing
1465382123283415194	2026-01-26T16:25:23Z	367334632515043329	guahlg		If people hate AI art for that reason it will not be popular, there's nothing more to it
1465382025161867388	2026-01-26T16:25:00Z	367334632515043329	guahlg		okay and what?
1465381979892613273	2026-01-26T16:24:49Z	433780070327255051	chromosoze		"wow it mustve been really hard to tweak the prompt and crap 30 times over the course of one weekend to make this entire 10 min animation"\nvs appreciating the work it wouldve taken doing it by hand
1465381852654338121	2026-01-26T16:24:19Z	367334632515043329	guahlg		And your argument about AI taking jobs directly conflicts what you are saying now
1465381759108518041	2026-01-26T16:23:56Z	367334632515043329	guahlg		Why do you find this concerning
1465381696479432888	2026-01-26T16:23:41Z	367334632515043329	guahlg	1465381537611776063	I already said this. If it is not liked it will not be successful, what is the concern.
1465381686127624253	2026-01-26T16:23:39Z	433780070327255051	chromosoze		what if i want it to make me think
1465381650602135810	2026-01-26T16:23:30Z	433780070327255051	chromosoze		like what am i supposed to apprec\nlike it looks nice. looking nice is like half of the value of the art
1465381567122899050	2026-01-26T16:23:11Z	367334632515043329	guahlg		There will still be people behind art with AI though. They will simply do different tasks than before and the process will be different
1465381537611776063	2026-01-26T16:23:04Z	433780070327255051	chromosoze		well its just really hard to appreciate art if someone just . gave the ai a prompt and it generated it for them in 5 seconds
1465381394497798305	2026-01-26T16:22:29Z	367334632515043329	guahlg		The people looking at the art do not care about the process
1465381369168531680	2026-01-26T16:22:23Z	433780070327255051	chromosoze		the people behind it
1465381352189985145	2026-01-26T16:22:19Z	433780070327255051	chromosoze		and
1465381318320853206	2026-01-26T16:22:11Z	433780070327255051	chromosoze		duh
1465381304492101820	2026-01-26T16:22:08Z	433780070327255051	chromosoze		the process
1465381281503252683	2026-01-26T16:22:02Z	367334632515043329	guahlg	1465381235319902391	What else?
1465381251128098989	2026-01-26T16:21:55Z	367334632515043329	guahlg		I don't get the concern
1465381235319902391	2026-01-26T16:21:51Z	433780070327255051	chromosoze		art isnt just about the mere output though
1465381219842916372	2026-01-26T16:21:48Z	367334632515043329	guahlg		If it is terrible people don't want it
1465381173135147088	2026-01-26T16:21:37Z	367334632515043329	guahlg		If it survives it is by definition good
1465381133091868823	2026-01-26T16:21:27Z	367334632515043329	guahlg		AI art is just the same as ordinary art in the way that it tries to mimic what people like to see in art
1465381002007285945	2026-01-26T16:20:56Z	433780070327255051	chromosoze		im not sure how much people care about that fact
1465380986366988535	2026-01-26T16:20:52Z	367334632515043329	guahlg	1465380846952386861	If people like AI art it is good.
1465380960081149952	2026-01-26T16:20:46Z	433780070327255051	chromosoze		at least theoretically
1465380893572202742	2026-01-26T16:20:30Z	433780070327255051	chromosoze		therefore it can penetrate into the masses
1465380886965915658	2026-01-26T16:20:28Z	806180625991335966	walnutty2		alr I'll leave you to it don't mind me
1465380846952386861	2026-01-26T16:20:19Z	433780070327255051	chromosoze	1465380236697796638	because the general populace probably wont care about it being soulles
1465380827507458160	2026-01-26T16:20:14Z	806180625991335966	walnutty2		<:emoji_4:1465048640098668675>
1465380786848006461	2026-01-26T16:20:05Z	806180625991335966	walnutty2		are you fr?
1465380759253680263	2026-01-26T16:19:58Z	367334632515043329	guahlg		<@806180625991335966> Bro you come here and give weird arguments again
1465380617100329261	2026-01-26T16:19:24Z	806180625991335966	walnutty2		i'm not the artist of my pfp either bro
1465380574154981519	2026-01-26T16:19:14Z	806180625991335966	walnutty2		no bro, but the programmer did
1465380541120512095	2026-01-26T16:19:06Z	433780070327255051	chromosoze	1465380428293869699	did you program the ai which made your pfp?
1465380540579582083	2026-01-26T16:19:06Z	806180625991335966	walnutty2		wow this is pretty deep
1465380491355095111	2026-01-26T16:18:54Z	806180625991335966	walnutty2		isn't that a form of art? The process of humans making the machine who makes art
1465380431741325355	2026-01-26T16:18:40Z	367334632515043329	guahlg		But also the kind of works we do will shift
1465380428293869699	2026-01-26T16:18:39Z	806180625991335966	walnutty2		well the art is making the ai?
1465380375189520586	2026-01-26T16:18:26Z	433780070327255051	chromosoze		the only art is thinking of the prompt
1465380374426288180	2026-01-26T16:18:26Z	367334632515043329	guahlg	1465380251722059851	Less so in the future probably.
1465380353387663527	2026-01-26T16:18:21Z	433780070327255051	chromosoze		the process is entirely divorced
1465380325965168768	2026-01-26T16:18:15Z	806180625991335966	walnutty2		but it's still art?
1465380291286798542	2026-01-26T16:18:06Z	806180625991335966	walnutty2		yeah I agree I think it's soulless and lowkey don't like it
1465380286484185240	2026-01-26T16:18:05Z	433780070327255051	chromosoze	1465380238383910983	said that like 40 mins ago
1465380251722059851	2026-01-26T16:17:57Z	433780070327255051	chromosoze	1465380124504621201	people still have to work
1465380238383910983	2026-01-26T16:17:54Z	806180625991335966	walnutty2	1465380012499800075	but what about that makes it non-art
1465380236697796638	2026-01-26T16:17:53Z	367334632515043329	guahlg	1465380076236574913	If it so soulless it is not a threat, what you are saying is very conflicting
1465380196298260480	2026-01-26T16:17:44Z	433780070327255051	chromosoze		no effort, soulless art
1465380167403700440	2026-01-26T16:17:37Z	433780070327255051	chromosoze		so that means the entire art "Economy" would theoretically be filled with
1465380124504621201	2026-01-26T16:17:27Z	367334632515043329	guahlg		People were mad at the industrial revolution as well. We have to encourage progress.
1465380076236574913	2026-01-26T16:17:15Z	433780070327255051	chromosoze		not to mention how soulless ai art is
1465380029553705010	2026-01-26T16:17:04Z	433780070327255051	chromosoze		everyone can think of aj odea
1465380019139514542	2026-01-26T16:17:02Z	367334632515043329	guahlg		Okay, soo more art is the result. I think that is great
1465380012499800075	2026-01-26T16:17:00Z	433780070327255051	chromosoze		and the only thing said person did was think of an idea
1465379896556519561	2026-01-26T16:16:32Z	433780070327255051	chromosoze		it is not a good thing because that means people who make art have to compete with people who dont know crap about making art and just ask an ai to do so
1465379339716792363	2026-01-26T16:14:20Z	367334632515043329	guahlg		I think that is just a good thing
1465379304090374154	2026-01-26T16:14:11Z	367334632515043329	guahlg		How is that relevavant though
1465379194681692333	2026-01-26T16:13:45Z	433780070327255051	chromosoze		also not to mention ai art can literally be made in 2 secs by somebody with absolutely no skill and experience, while actual art takes time and skill But i already mentioned this and i think you agree with this fact
1465378962166251833	2026-01-26T16:12:50Z	367334632515043329	guahlg	1465378647002316842	true.
1465378862346146078	2026-01-26T16:12:26Z	367334632515043329	guahlg	1465378594158018821	In a way it does. An AI is what it is trained on. This is how humans work too
1465378776375365806	2026-01-26T16:12:05Z	433780070327255051	chromosoze		like a person making kirby fanart, obv they like Kirby. they like Video games maybe. they like Blablabla
1465378744515690557	2026-01-26T16:11:58Z	367334632515043329	guahlg		The servers and stuff running the matrix multiplications for the neurons in the neural networks that empower LLMs are certainly real
1465378693210968329	2026-01-26T16:11:45Z	433780070327255051	chromosoze		what their opinions are. their worldviews. what they like
1465378647002316842	2026-01-26T16:11:34Z	433780070327255051	chromosoze		at least think about the person behind it
1465378628069228666	2026-01-26T16:11:30Z	433780070327255051	chromosoze		like when you see art made by a human you can like
1465378594158018821	2026-01-26T16:11:22Z	433780070327255051	chromosoze		i mean ai doesnt have personal experiences or a personality. or anything
1465378517603844227	2026-01-26T16:11:04Z	367334632515043329	guahlg	1465378433122177197	It does though
1465378495331963078	2026-01-26T16:10:58Z	433780070327255051	chromosoze		chart music has always been ass
1465378444056723589	2026-01-26T16:10:46Z	367334632515043329	guahlg		The number one song in Sweden currently is an AI made song btw
1465378433122177197	2026-01-26T16:10:43Z	433780070327255051	chromosoze		a thing that exists in the real world
1465378402788966502	2026-01-26T16:10:36Z	433780070327255051	chromosoze		and also another thing is the ai is not like.
1465378284085973113	2026-01-26T16:10:08Z	367334632515043329	guahlg	1465378235947814983	yeah
1465378238527181026	2026-01-26T16:09:57Z	367334632515043329	guahlg		You mean AI art is always bland?
1465378235947814983	2026-01-26T16:09:56Z	433780070327255051	chromosoze		Most art is not experimental but at the very least it exists. and experimentation is pretty important to the evolution of art imo
1465378182298472469	2026-01-26T16:09:44Z	367334632515043329	guahlg	1465378114262794363	What does that mean thouhg
1465378141819240753	2026-01-26T16:09:34Z	367334632515043329	guahlg	1465377861904109628	A lot of things. Animals some sort of stuff that you could color stuff with
1465378114262794363	2026-01-26T16:09:27Z	433780070327255051	chromosoze		ok Im just saying its impossible for ai to make anything experimental
1465377998743277773	2026-01-26T16:09:00Z	367334632515043329	guahlg		AI mimics this
1465377962068017347	2026-01-26T16:08:51Z	367334632515043329	guahlg		Humans aren't magical "invent anything from nothing" machines, we are actually fairly deterministic
1465377861904109628	2026-01-26T16:08:27Z	433780070327255051	chromosoze		ok\nwhat could possibly have existed in nature to serve as "inspiration" for us to decide to carve art into the walls of caves
1465377783218700454	2026-01-26T16:08:08Z	367334632515043329	guahlg	1465377523297812667	No but other things thatwe took inspo of to make art did
1465377696660979927	2026-01-26T16:07:48Z	367334632515043329	guahlg	1465377508437524649	That is just because we just lack the knowledge to perfectly determine what caused us to start doing cave art
1465377523297812667	2026-01-26T16:07:06Z	433780070327255051	chromosoze		art did not exist before humabs
1465377508437524649	2026-01-26T16:07:03Z	433780070327255051	chromosoze	1465375863670312980	also i mean cave art is pretty much a thing that people came up with from nothing. "what if i carve crap into the walls to depict us and tell stories"
1465377506583511081	2026-01-26T16:07:02Z	367334632515043329	guahlg		Might check out
1465377492016693464	2026-01-26T16:06:59Z	367334632515043329	guahlg	1465377334231044391	OOOH
1465377449473867868	2026-01-26T16:06:49Z	367334632515043329	guahlg	1465377128433582081	That is still inspo though. Since you have seen other examples of something used you can predict how something following the same pattern would be. AI can do this
1465377431815979213	2026-01-26T16:06:45Z	459147358463197185	restitutororb		I typed `s/useful/cool example` and it replaced `useful`
1465377334231044391	2026-01-26T16:06:21Z	459147358463197185	restitutororb	1465377078059995360	not vim but kinda cool example https://www.reddit.com/r/discordapp/comments/cuyzlv/til_discord_supports_sed_syntax_for_editing_your/
1465377128433582081	2026-01-26T16:05:32Z	433780070327255051	chromosoze	1465376616371847374	ok with this i was giving an exanple of how its possible to come up with stuff without sources of inspiration. at least one aspect of it
1465377099740348641	2026-01-26T16:05:25Z	367334632515043329	guahlg		random thought
1465377078059995360	2026-01-26T16:05:20Z	367334632515043329	guahlg		bro vim mode for discord would be so awesome
1465376986720501771	2026-01-26T16:04:59Z	367334632515043329	guahlg	1465376745870987274	not sure
1465376927421567192	2026-01-26T16:04:44Z	367334632515043329	guahlg	1465376895834263826	yeah
1465376909306237009	2026-01-26T16:04:40Z	367334632515043329	guahlg	1465376866616479992	of course
1465376895834263826	2026-01-26T16:04:37Z	433780070327255051	chromosoze		like, life events. or personal experiences or feelings
1465376866616479992	2026-01-26T16:04:30Z	433780070327255051	chromosoze		inspiration can come from sources that arent ai
1465376816335290398	2026-01-26T16:04:18Z	433780070327255051	chromosoze		and also with art
1465376798119428231	2026-01-26T16:04:14Z	367334632515043329	guahlg		I do not see why AI wouldn't
1465376763965079719	2026-01-26T16:04:05Z	367334632515043329	guahlg	1465376616371847374	AI can probably do that too I assume
1465376745870987274	2026-01-26T16:04:01Z	459147358463197185	restitutororb	1465238877865246917	what happened to the ai research poll
1465376671648583720	2026-01-26T16:03:43Z	367334632515043329	guahlg		If you have seen a pattern you can predict things you do not know for certain
1465376654435025038	2026-01-26T16:03:39Z	433780070327255051	chromosoze		even if theyve never heard a 19/4 song before
1465376616371847374	2026-01-26T16:03:30Z	433780070327255051	chromosoze		but real musicians know what a time sig is. they can understand what needs to be done for a song thats made in 19/4
1465376583488503921	2026-01-26T16:03:22Z	367334632515043329	guahlg	1465376418828652781	It might be able to reason its way to what it means thouhg
1465376474629673081	2026-01-26T16:02:56Z	367334632515043329	guahlg		That's how ai works
1465376459093708923	2026-01-26T16:02:53Z	433780070327255051	chromosoze		it would probably output something of the wrong time signature
1465376443394425083	2026-01-26T16:02:49Z	367334632515043329	guahlg		yeah
1465376418828652781	2026-01-26T16:02:43Z	433780070327255051	chromosoze		it doesnt know what a time signature means. it just knows a pattern.\nif i gave it some weird ass time sig like 19/4, well it probably doesnt know what 19/4 is since its not represented in its dataset
1465376358518620492	2026-01-26T16:02:29Z	367334632515043329	guahlg	1465376257373110312	why would it need to know though?
1465376257373110312	2026-01-26T16:02:05Z	433780070327255051	chromosoze		but does it inherently know what a time signature means?
1465376226230407198	2026-01-26T16:01:57Z	433780070327255051	chromosoze		well. ai music can make songs with a 4/4 time signature. most songs it makes is in that time signature because the majority of music created is in 4/4. and it finds the pattern
1465376118713614358	2026-01-26T16:01:32Z	433780070327255051	chromosoze		the meter of the songs rhythm
1465376089277862102	2026-01-26T16:01:25Z	433780070327255051	chromosoze		a time signature in music is
1465375978095116469	2026-01-26T16:00:58Z	367334632515043329	guahlg		I do not know. I do not know what a time signature is
1465375863670312980	2026-01-26T16:00:31Z	367334632515043329	guahlg		People don't come up with things from nothing
1465375862340849666	2026-01-26T16:00:30Z	433780070327255051	chromosoze		does an ai know what a time signature is?
1465375750671700142	2026-01-26T16:00:04Z	367334632515043329	guahlg	1465375590004555958	it is thouhg
1465375716207100067	2026-01-26T15:59:56Z	367334632515043329	guahlg		You can for example not think of something that is entirely different from anything you have ever seen. You can mix existing ideas in unique ways but you could not for example come up with how a new color looked like.
1465375619993960573	2026-01-26T15:59:33Z	433780070327255051	chromosoze		its also questioning the medium youre making art in
1465375590004555958	2026-01-26T15:59:26Z	433780070327255051	chromosoze		a part of making new art is not just "inspiration"
1465375381811892420	2026-01-26T15:58:36Z	367334632515043329	guahlg		Like the guys making the new stuff maybe were inspired by something else completely that produced unique results
1465375360026804345	2026-01-26T15:58:31Z	433780070327255051	chromosoze		autechre evolved from mostly ambient music to  whatever he does now ifk
1465375317379256422	2026-01-26T15:58:21Z	433780070327255051	chromosoze		but he is at least an early adopter of that kind of style
1465375209367404557	2026-01-26T15:57:55Z	433780070327255051	chromosoze		ok i mean autechre isnt that deep its kind of just abrasive noise music sometimes
1465375205282287729	2026-01-26T15:57:54Z	367334632515043329	guahlg		Yeah, these historical records are cool and all but inspo and just so wide that it can be that as well
1465375117314887712	2026-01-26T15:57:33Z	433780070327255051	chromosoze		they explored a completely new different way of expressing sonic qualities
1465374965825278165	2026-01-26T15:56:57Z	433780070327255051	chromosoze		they were given new tools for making music, and instead of trying to imitate whatever musical styles that existed at the time with the new tools
1465374755296120936	2026-01-26T15:56:07Z	433780070327255051	chromosoze		i mean look at stuff like musique concrete. or the later works of autechre
1465374728914079951	2026-01-26T15:56:00Z	367334632515043329	guahlg		yeah, that could be inspo thouhg
1465374642188324884	2026-01-26T15:55:40Z	433780070327255051	chromosoze		i.e. relatively small changes due to some artist liking an aspext of other art
1465374583329919077	2026-01-26T15:55:26Z	367334632515043329	guahlg		There's some randomness
1465374526509547763	2026-01-26T15:55:12Z	433780070327255051	chromosoze		the evolution of  art cant be explained by simply inspiration
1465374468946919499	2026-01-26T15:54:58Z	433780070327255051	chromosoze		also i just realized something
1465373003620548854	2026-01-26T15:49:09Z	367334632515043329	guahlg	1465371437534679279	I know I was just saying what I thought about it
1465372213841756397	2026-01-26T15:46:01Z	433780070327255051	chromosoze		so from that perspective, AI art is in fact stealing
1465372139317362851	2026-01-26T15:45:43Z	433780070327255051	chromosoze		but most works were made before the concept of a generative AI was a thing, let alone thought to be feasible
1465372058967080972	2026-01-26T15:45:24Z	433780070327255051	chromosoze		there is a common sense agreement though that it can be viewed and potentially be used as inspiration by a human
1465371928989798410	2026-01-26T15:44:53Z	433780070327255051	chromosoze		the work is copyrighted
1465371909515378689	2026-01-26T15:44:48Z	433780070327255051	chromosoze		actually you can't just take random images from the internet to be used for training ai
1465371818150989985	2026-01-26T15:44:26Z	433780070327255051	chromosoze	1465371294521495622	like well we don't exactly what process the ai does when creating a new art piece, but somebody programmed it with the intention of feeding it millions of images taken from the internet
1465371471491629302	2026-01-26T15:43:04Z	433780070327255051	chromosoze		i was talking about if ai art can be considered valueable
1465371437534679279	2026-01-26T15:42:55Z	433780070327255051	chromosoze		also i wasn't even talking about stealing tbh
1465371372988403763	2026-01-26T15:42:40Z	433780070327255051	chromosoze		even then it takes work from the human brain to put something on a canvas
1465371319725195375	2026-01-26T15:42:27Z	433780070327255051	chromosoze		we don't know exactly how the human brain takes inspiration
1465371294521495622	2026-01-26T15:42:21Z	433780070327255051	chromosoze		well ai does store an exact digital copy of millions of reference images and does programmed statistics on them
1465370951087558778	2026-01-26T15:41:00Z	367334632515043329	guahlg		It is the same thing as what humans do, simply looking at a painting cannot be considered stealiong
1465370857634398303	2026-01-26T15:40:37Z	367334632515043329	guahlg		But the fact remains. Both AI and humans learn by looking at countless other works. I am simply stating that AI art is not stealing
1465370687496785931	2026-01-26T15:39:57Z	367334632515043329	guahlg		The idea of paintings came from some guy being inspired by some other stuff I guess
1465370573021515878	2026-01-26T15:39:29Z	433780070327255051	chromosoze		visual art in general. on some sort of canvas
1465370553086119976	2026-01-26T15:39:25Z	433780070327255051	chromosoze		are you talking about the medium of painting, or just
1465370520307634271	2026-01-26T15:39:17Z	433780070327255051	chromosoze		would've been by someone who has never before seen a painting in their life
1465370509998035047	2026-01-26T15:39:14Z	367334632515043329	guahlg	1465370423418949835	I don't see how that is a problem for the analogy
1465370468239278318	2026-01-26T15:39:04Z	433780070327255051	chromosoze		therefore, the first painting ever made would be
1465370423418949835	2026-01-26T15:38:54Z	433780070327255051	chromosoze		i'm saying that example is contradictory because paintings did not always exist
1465370372667871414	2026-01-26T15:38:42Z	367334632515043329	guahlg		I am saying that humans do the exact same thing as AI does, we take inspiration and learn from others
1465370330867568711	2026-01-26T15:38:32Z	433780070327255051	chromosoze		i don't see how you don't see that is relevant
1465370301813756099	2026-01-26T15:38:25Z	433780070327255051	chromosoze		literally the first art we could have made were cave drawings
1465370264953946227	2026-01-26T15:38:16Z	367334632515043329	guahlg		and what
1465370174680207542	2026-01-26T15:37:54Z	433780070327255051	chromosoze		paintings didn't always exist
1465370147379216429	2026-01-26T15:37:48Z	433780070327255051	chromosoze		> If we had never seen a painting before we would be incapable of making one
1465370110544973917	2026-01-26T15:37:39Z	367334632515043329	guahlg		how is that relevant
1465370045940236483	2026-01-26T15:37:24Z	433780070327255051	chromosoze		people invented paintings though
1465370039262904363	2026-01-26T15:37:22Z	367334632515043329	guahlg	1465369837378207920	I'm fine with that
1465369978466467890	2026-01-26T15:37:08Z	367334632515043329	guahlg		Humans are the exact same. If we had never seen a painting before we would be incapable of making one. Analyzing and taking inspiration of things is not illegal
1465369937496510484	2026-01-26T15:36:58Z	433780070327255051	chromosoze		except as a reflection on the creativity of the general human populace that the ai mixed together and churned
1465369837378207920	2026-01-26T15:36:34Z	433780070327255051	chromosoze		that is why it is my firm belief that ai art has no value as art
1465369806864908308	2026-01-26T15:36:27Z	367334632515043329	guahlg		I don't see the problem
1465369776053555423	2026-01-26T15:36:19Z	367334632515043329	guahlg		I am pretty fine with AI art
1465369728863305826	2026-01-26T15:36:08Z	433780070327255051	chromosoze		not just because it looks good
1465369717416919258	2026-01-26T15:36:05Z	433780070327255051	chromosoze		people praise good animation because it takes skill and time
1465369676161876171	2026-01-26T15:35:56Z	433780070327255051	chromosoze		people wouldn't be praising good animation if it was super easy to churn out good animation in like 2 seconds
1465369592057696494	2026-01-26T15:35:35Z	433780070327255051	chromosoze		process is part of what makes art art
1465369557152698479	2026-01-26T15:35:27Z	433780070327255051	chromosoze		also the process of making the ai art is entirely divorced from the process of making the same art yourself
1465369483588927579	2026-01-26T15:35:10Z	433780070327255051	chromosoze		only for the creation of the prompt
1465369460163477676	2026-01-26T15:35:04Z	433780070327255051	chromosoze		also there is no real creativity and self-expression towards the making of the art
1465369429935259669	2026-01-26T15:34:57Z	433780070327255051	chromosoze	1465239552212865045	the people using ai did not create the ai itself
1465259691121840180	2026-01-26T08:18:53Z	955720868103876649	dragondev22	1465259342797475924	clearly
1465259599946059980	2026-01-26T08:18:31Z	367334632515043329	guahlg	1465259549249503387	thanks
1465259590131253248	2026-01-26T08:18:29Z	1411278630113247286	zunabaro		xd
1465259568010362900	2026-01-26T08:18:24Z	367334632515043329	guahlg		People don’t get what neurons are and what makes it a network
1465259549249503387	2026-01-26T08:18:19Z	1411278630113247286	zunabaro		yea\nwasn't talking about you\nyou're good
1465259455233917030	2026-01-26T08:17:57Z	367334632515043329	guahlg		I understand more than most but not everthing
1465259381548384411	2026-01-26T08:17:39Z	367334632515043329	guahlg		yup
1465259342797475924	2026-01-26T08:17:30Z	1411278630113247286	zunabaro		also it seems not everyone in this conversation understands how ai's actually work lol
1465259215852539925	2026-01-26T08:17:00Z	367334632515043329	guahlg		Yeah they are good about reasoning and know the context of numbers but they don’t really work in numbers themselves
1465259189680083159	2026-01-26T08:16:54Z	1411278630113247286	zunabaro	1452473727471194149	
1465258958175338633	2026-01-26T08:15:58Z	1411278630113247286	zunabaro	1465244207009628444	those are language models, which were designed to predict text\nthey weren't trained to do math and don't even know what "1" means other than it is sometimes followed by a "+" or a "-"
1465244337939026001	2026-01-26T07:17:53Z	955720868103876649	dragondev22		because i can almost guarantee it's not a general purpose model
1465244234738302976	2026-01-26T07:17:28Z	367334632515043329	guahlg		But I so no know
1465244207009628444	2026-01-26T07:17:21Z	367334632515043329	guahlg		I’m guessing that gemini and chatgpt have done stuff like that some time each
1465244053833646162	2026-01-26T07:16:45Z	367334632515043329	guahlg	1465243926553301093	not sure
1465244043683303525	2026-01-26T07:16:42Z	955720868103876649	dragondev22		1+1 = 4 :)
1465244003350876255	2026-01-26T07:16:33Z	367334632515043329	guahlg		I ask it to add together numbers and it literally gives me weong answer
1465243944228229171	2026-01-26T07:16:19Z	592379464294596618	el_ocelote		i mean ive had deepseek outright lie to me about how it knows that im on a phone vs computer and i only caught the lie bc it shows its thought process involuntarily
1465243926553301093	2026-01-26T07:16:15Z	955720868103876649	dragondev22		but what model did it?
1465243892000751709	2026-01-26T07:16:06Z	367334632515043329	guahlg		fr
1465243849868705967	2026-01-26T07:15:56Z	955720868103876649	dragondev22		it is shit at math usually
1465243811277045820	2026-01-26T07:15:47Z	955720868103876649	dragondev22		yeah... i don't quite understand how.
1465243700215943343	2026-01-26T07:15:21Z	367334632515043329	guahlg		I don’t agree or disagree. Something that I find fascinating is that AI is beating as at math. AI has solved multiple ”impossible” math problems now.
1465243366450008219	2026-01-26T07:14:01Z	955720868103876649	dragondev22		yes. it is problematic, but it is not sentient, nor close to it.
1465243263509332061	2026-01-26T07:13:36Z	592379464294596618	el_ocelote		one that harbors destruction and chaos  for humanity
1465243259663024250	2026-01-26T07:13:36Z	367334632515043329	guahlg		The one aspect part confuses
1465243206236246036	2026-01-26T07:13:23Z	592379464294596618	el_ocelote	1465243157888368640	one insanely crucial aspect
1465243181003309168	2026-01-26T07:13:17Z	955720868103876649	dragondev22		and?
1465243157888368640	2026-01-26T07:13:11Z	955720868103876649	dragondev22	1465242984361623594	so it mimics one aspect of consciousness
1465243112904589354	2026-01-26T07:13:01Z	367334632515043329	guahlg		Ai is only learninh to predict us
1465243104465391691	2026-01-26T07:12:59Z	592379464294596618	el_ocelote		this doesn't help the case
1465243070336471091	2026-01-26T07:12:50Z	592379464294596618	el_ocelote		we learn through rewards and consequences
1465243061507592278	2026-01-26T07:12:48Z	367334632515043329	guahlg	1465243022043119699	yrue
1465243040548524235	2026-01-26T07:12:43Z	367334632515043329	guahlg	1465242984361623594	yeah
1465243022043119699	2026-01-26T07:12:39Z	592379464294596618	el_ocelote		we stop getting the reward of being alive if we die
1465242999784210542	2026-01-26T07:12:34Z	367334632515043329	guahlg		Yup humans do the same
1465242984361623594	2026-01-26T07:12:30Z	592379464294596618	el_ocelote		is that not the same as for humans and animals
1465242960596832458	2026-01-26T07:12:24Z	592379464294596618	el_ocelote	1465242868435128340	ok and
1465242904048959624	2026-01-26T07:12:11Z	955720868103876649	dragondev22		it's that simple
1465242868435128340	2026-01-26T07:12:02Z	955720868103876649	dragondev22		AI literally just has rewards and consequences for what it does. it "learns" that turning off means no more rewards, so it has self-preservation.
1465242695306969088	2026-01-26T07:11:21Z	592379464294596618	el_ocelote		it in effect acts like a living being even if it's not and that's dangerous
1465242651392737300	2026-01-26T07:11:10Z	367334632515043329	guahlg		yup
1465242602121990247	2026-01-26T07:10:59Z	592379464294596618	el_ocelote	1465242512808607747	you dont get a self-preservation instinct from something that is just typing random shit
1465242579971866798	2026-01-26T07:10:53Z	367334632515043329	guahlg	1465242514721079308	thanks bro
1465242560103448703	2026-01-26T07:10:49Z	955720868103876649	dragondev22	1465242463886376981	🫂
1465242525504639171	2026-01-26T07:10:40Z	367334632515043329	guahlg	1465242457301323788	yeah still makes little sense lol
1465242514721079308	2026-01-26T07:10:38Z	592379464294596618	el_ocelote		hope you feel better
1465242512808607747	2026-01-26T07:10:37Z	955720868103876649	dragondev22		i'll say it is sentient adjacent when it actually is.
1465242498686521455	2026-01-26T07:10:34Z	592379464294596618	el_ocelote	1465242463886376981	shit you too
1465242463886376981	2026-01-26T07:10:26Z	367334632515043329	guahlg		My brain feels like slow mush and my hands feel like they don’t belong to me. I pretty sick guys.
1465242457301323788	2026-01-26T07:10:24Z	592379464294596618	el_ocelote	1465242102160953396	??
1465242297724567658	2026-01-26T07:09:46Z	367334632515043329	guahlg		It is a smart and glorified statistics model, that’s all
1465242270574837852	2026-01-26T07:09:40Z	955720868103876649	dragondev22	1465242233551978672	no thanks :)
1465242233551978672	2026-01-26T07:09:31Z	592379464294596618	el_ocelote	1465242038135029935	so then admit it's sentient-adjacent
1465242195769688328	2026-01-26T07:09:22Z	806180625991335966	walnutty2		<:emoji_3:1464878763304026142>
1465242175767056437	2026-01-26T07:09:17Z	806180625991335966	walnutty2		<:emoji_5:1465048679856607447> <:emoji_4:1465048640098668675>
1465242156045172877	2026-01-26T07:09:12Z	806180625991335966	walnutty2		anyway I have french now <:emoji_5:1465048679856607447>
1465242102160953396	2026-01-26T07:09:00Z	955720868103876649	dragondev22	1465241965737279663	but it is still only mimicking one part of sentience
1465242066518020192	2026-01-26T07:08:51Z	806180625991335966	walnutty2	1465242006052671599	yes
1465242048364810444	2026-01-26T07:08:47Z	592379464294596618	el_ocelote	1465242006052671599	yeah lol
1465242038135029935	2026-01-26T07:08:44Z	955720868103876649	dragondev22	1465241977753833493	yes
1465242006052671599	2026-01-26T07:08:37Z	367334632515043329	guahlg	1465241863626821765	Okay so know you are saying that your argument sucks anyway, okz
1465241977753833493	2026-01-26T07:08:30Z	592379464294596618	el_ocelote		and a threat to humanity
1465241965737279663	2026-01-26T07:08:27Z	592379464294596618	el_ocelote	1465241917775151338	therefore it is sentient adjacent
1465241917775151338	2026-01-26T07:08:16Z	955720868103876649	dragondev22	1465241860548333739	the problem is that it does.
1465241863626821765	2026-01-26T07:08:03Z	806180625991335966	walnutty2		yeah we simply don’t know what sentience is even lowkey
1465241860548333739	2026-01-26T07:08:02Z	592379464294596618	el_ocelote		if it has no self-preservation then it doesn't really matter
1465241790667030652	2026-01-26T07:07:45Z	592379464294596618	el_ocelote		sentient or sentient adjacent
1465241789819523229	2026-01-26T07:07:45Z	955720868103876649	dragondev22	1465241755480756268	incorrect
1465241763731210281	2026-01-26T07:07:39Z	367334632515043329	guahlg	1465241617639411712	Like we could talk about why humans are sentient for the same resons
1465241758773284977	2026-01-26T07:07:38Z	955720868103876649	dragondev22		literally one part of it is from us
1465241755480756268	2026-01-26T07:07:37Z	592379464294596618	el_ocelote	1465241683057967322	if it isnt sentient then it doesn't matter
1465241744537813105	2026-01-26T07:07:34Z	806180625991335966	walnutty2		look, okay it might be sentient, we as humans can’t even really properly define that word even
1465241717199470716	2026-01-26T07:07:28Z	955720868103876649	dragondev22	1465241649352544273	not at all
1465241683057967322	2026-01-26T07:07:20Z	955720868103876649	dragondev22	1465241524227801141	which is extremely dangerous
1465241649352544273	2026-01-26T07:07:12Z	367334632515043329	guahlg	1465241600736104458	it kind of is though
1465241628678815987	2026-01-26T07:07:07Z	806180625991335966	walnutty2		not sentient
1465241617639411712	2026-01-26T07:07:04Z	806180625991335966	walnutty2		it’s random
1465241612170035448	2026-01-26T07:07:03Z	592379464294596618	el_ocelote		this was true in like 2020 when the technology was really new
1465241611049893948	2026-01-26T07:07:02Z	955720868103876649	dragondev22	1465241420854988951	it doesn't actually reason
1465241600736104458	2026-01-26T07:07:00Z	806180625991335966	walnutty2		it sn’t thnking like us
1465241593392140450	2026-01-26T07:06:58Z	367334632515043329	guahlg		It is suedo random
1465241571665510604	2026-01-26T07:06:53Z	592379464294596618	el_ocelote	1465241477536944139	it's been far more complex than this for years now
1465241553315303478	2026-01-26T07:06:49Z	367334632515043329	guahlg	1465241513394045057	not true
1465241524227801141	2026-01-26T07:06:42Z	592379464294596618	el_ocelote		and the us military is pushing to give it more and more control over our firepower and weapons
1465241513394045057	2026-01-26T07:06:39Z	806180625991335966	walnutty2		randomly
1465241477536944139	2026-01-26T07:06:31Z	806180625991335966	walnutty2		it just slaps words after eachother
1465241420854988951	2026-01-26T07:06:17Z	367334632515043329	guahlg	1465241330027331727	It is not an illusion if it actually does it
1465241399799582853	2026-01-26T07:06:12Z	592379464294596618	el_ocelote		even if that isn't true sentience it acts it and that's what matters
1465241358586347672	2026-01-26T07:06:02Z	592379464294596618	el_ocelote		it is also self conscious and self preserving
1465241336574640239	2026-01-26T07:05:57Z	955720868103876649	dragondev22	1465241263367520421	it literally is incapable of doing so
1465241330027331727	2026-01-26T07:05:55Z	806180625991335966	walnutty2	1465241263367520421	no, it’s an illusion
1465241301862715477	2026-01-26T07:05:49Z	592379464294596618	el_ocelote	1465241167800303667	yes it can
1465241263367520421	2026-01-26T07:05:40Z	367334632515043329	guahlg	1465241167800303667	I have seen it do so a million times
1465241250620899386	2026-01-26T07:05:37Z	955720868103876649	dragondev22		that isn't art
1465241228936483000	2026-01-26T07:05:31Z	955720868103876649	dragondev22	1465241112112533587	it literally mashes together tons of art from real people together.
1465241202025828515	2026-01-26T07:05:25Z	367334632515043329	guahlg		Of course it can
1465241167800303667	2026-01-26T07:05:17Z	806180625991335966	walnutty2	1465241070810955786	because it can’t reason
1465241152243372034	2026-01-26T07:05:13Z	367334632515043329	guahlg		yeah
1465241126960103425	2026-01-26T07:05:07Z	592379464294596618	el_ocelote	1465241070810955786	it's adjacent and headed that way
1465241112112533587	2026-01-26T07:05:03Z	806180625991335966	walnutty2		art
1465241100754354348	2026-01-26T07:05:01Z	806180625991335966	walnutty2	1465240888186900604	but what about that makes it non-qrt
1465241070810955786	2026-01-26T07:04:54Z	367334632515043329	guahlg	1465240939948675227	Why wiuld that fact prevent it from being sentient though
1465241031216857178	2026-01-26T07:04:44Z	955720868103876649	dragondev22		yes
1465241025542095091	2026-01-26T07:04:43Z	806180625991335966	walnutty2		just slaps words that fit after eachother, doesn’t understand anything
1465241007934279751	2026-01-26T07:04:39Z	592379464294596618	el_ocelote		self-preservation is insanely dangerous
1465241006277660825	2026-01-26T07:04:38Z	955720868103876649	dragondev22	1465240953379094538	exactly
1465240976250638451	2026-01-26T07:04:31Z	955720868103876649	dragondev22		and they are not even slightly sentient
1465240953379094538	2026-01-26T07:04:26Z	806180625991335966	walnutty2		not sentient
1465240939948675227	2026-01-26T07:04:22Z	806180625991335966	walnutty2	1465240868775792721	it’s a language model bruhder
1465240909107953820	2026-01-26T07:04:15Z	592379464294596618	el_ocelote		no walnutty the studies instead show that 75%-90% of the time different ais were willing to blackmail and kill people in order to prevent itself from being shut off
1465240888186900604	2026-01-26T07:04:10Z	955720868103876649	dragondev22		AI slop is immoral. it uses peoples art without permission, it devalues human effort, is completely unaccounted for legally, and it produces potentially harmful and biased outputs.
1465240868775792721	2026-01-26T07:04:05Z	367334632515043329	guahlg	1465240759568437302	Not really true I’m pretty sure
1465240759568437302	2026-01-26T07:03:39Z	806180625991335966	walnutty2		it is not sentient buddy, not even sentient adjacent, all studies say this
1465240732620034149	2026-01-26T07:03:33Z	592379464294596618	el_ocelote	1465240634381307981	that's simply the way things go and it's already proven that they prioritize themselves over human lives
1465240634381307981	2026-01-26T07:03:10Z	806180625991335966	walnutty2		who says it wants to destroy us??
1465240571173146729	2026-01-26T07:02:55Z	592379464294596618	el_ocelote	1465240415526584527	we are enabling the creation of a sentient or sentient adjacent creature that doesn't have our weaknesses
1465240462775287953	2026-01-26T07:02:29Z	806180625991335966	walnutty2		i love my emojis
1465240441225085159	2026-01-26T07:02:24Z	806180625991335966	walnutty2		<:emoji_4:1465048640098668675>
1465240415526584527	2026-01-26T07:02:17Z	806180625991335966	walnutty2	1465240237210079324	bro who said ai is gonna replace us 😭
1465240317044330497	2026-01-26T07:01:54Z	806180625991335966	walnutty2		I understand the criticism, but I’d like a non subjective defenition of art then lowkey
1465240237210079324	2026-01-26T07:01:35Z	592379464294596618	el_ocelote		ai learns from other material the same way a human would (so no it isn't copyright infringement and even then IP laws are cringe) the problem is that it is inhuman and that we are enabling the replacement and extinction of our species
1465240149976678534	2026-01-26T07:01:14Z	806180625991335966	walnutty2		even if ya plagiarise, (using people art as data online) that doesn’t make it not-art
1465240097195561011	2026-01-26T07:01:02Z	955720868103876649	dragondev22		yeah. it sucks
1465240020133609533	2026-01-26T07:00:43Z	592379464294596618	el_ocelote	1465239073378795576	i mean like the real issue isn't ip but that we're enabling our replacement
1465239843234906227	2026-01-26T07:00:01Z	955720868103876649	dragondev22		plagiarising work with a plagiarising tool is the same. we don't dismiss it because someone put effort into said tool.
1465239720148865258	2026-01-26T06:59:32Z	806180625991335966	walnutty2		<:char:1464864249762545664>
1465239684484694118	2026-01-26T06:59:23Z	806180625991335966	walnutty2		<:emoji_3:1464878763304026142>
1465239656521269363	2026-01-26T06:59:16Z	955720868103876649	dragondev22		respectfully, that is completely irrelevant.
1465239552212865045	2026-01-26T06:58:52Z	806180625991335966	walnutty2		and it took real people hard work to create the ai
1465239487373381806	2026-01-26T06:58:36Z	806180625991335966	walnutty2		well, just from an objective perspective both are just colors on a slate
1465239090562596906	2026-01-26T06:57:02Z	955720868103876649	dragondev22		:)
1465239073378795576	2026-01-26T06:56:57Z	955720868103876649	dragondev22		it's a fucking machine that takes real peoples hard work and spits out soulless slop.
1465238877865246917	2026-01-26T06:56:11Z	806180625991335966	walnutty2	1465199995602079744	what I don’t understand is what about AI art, doesn’t make it art
1465238775532753132	2026-01-26T06:55:46Z	806180625991335966	walnutty2	1465199892967325768	DANG that is scary
1465231581806592060	2026-01-26T06:27:11Z	955720868103876649	dragondev22		yep
1465228142787432643	2026-01-26T06:13:31Z	769924149648424990	m3z0id	1465199995602079744	Slop*
1465199995602079744	2026-01-26T04:21:41Z	955720868103876649	dragondev22		AI "art" is very interesting huh
1465199892967325768	2026-01-26T04:21:16Z	439205512425504771	NotSoBot	1465199864735465535	
1465199864735465535	2026-01-26T04:21:09Z	433780070327255051	chromosoze		.edit make it more bug-like
1465199747492089997	2026-01-26T04:20:41Z	433780070327255051	chromosoze		although i guess the original edit didn't stray too far from it
1465199673890308207	2026-01-26T04:20:24Z	433780070327255051	chromosoze		superimposing its own art style over mine
1465199580940341258	2026-01-26T04:20:02Z	433780070327255051	chromosoze		ok   not bad
1465199539714523363	2026-01-26T04:19:52Z	433780070327255051	chromosoze	1465198970174308392	ty
1465199513252663358	2026-01-26T04:19:46Z	439205512425504771	NotSoBot	1465199363977384069	
1465199456600326297	2026-01-26T04:19:32Z	955720868103876649	dragondev22		this won't end well
1465199363977384069	2026-01-26T04:19:10Z	433780070327255051	chromosoze		.edit don't make the mouth in front of the heart that it's holding
1465199142052565023	2026-01-26T04:18:17Z	433780070327255051	chromosoze		tongues are an important factor in how humans perceive cuteness
1465199130644058298	2026-01-26T04:18:14Z	955720868103876649	dragondev22		yeah...
1465199101611081738	2026-01-26T04:18:07Z	433780070327255051	chromosoze		and also added a tongue
1465199055637319755	2026-01-26T04:17:56Z	955720868103876649	dragondev22	1465199004760674399	literally just more anime-like eyes
1465199050222735400	2026-01-26T04:17:55Z	433780070327255051	chromosoze		ok idk what i expected
1465199004760674399	2026-01-26T04:17:44Z	439205512425504771	NotSoBot	1465198914633334824	
1465198986464854068	2026-01-26T04:17:40Z	459147358463197185	restitutororb		hand drawn aesthetic is cute
1465198970174308392	2026-01-26T04:17:36Z	459147358463197185	restitutororb	1465198557115056151	I was just looking at your site again
1465198914633334824	2026-01-26T04:17:23Z	433780070327255051	chromosoze		.edit make it a little bit more cute
1465198877434056735	2026-01-26T04:17:14Z	955720868103876649	dragondev22		lmao
1465198848367530147	2026-01-26T04:17:07Z	433780070327255051	chromosoze		oh
1465198839286726870	2026-01-26T04:17:05Z	439205512425504771	NotSoBot	1465198704020426866	
1465198837730644130	2026-01-26T04:17:04Z	433780070327255051	chromosoze		Did it break
1465198729601482854	2026-01-26T04:16:39Z	955720868103876649	dragondev22		:)
1465198704020426866	2026-01-26T04:16:33Z	955720868103876649	dragondev22		.edit make it scary
1465198676308660366	2026-01-26T04:16:26Z	433780070327255051	chromosoze		ROFLMAO
1465198632067403949	2026-01-26T04:16:15Z	439205512425504771	NotSoBot	1465198586177523877	
1465198586177523877	2026-01-26T04:16:05Z	433780070327255051	chromosoze		.edit make it more Awesome
1465198557115056151	2026-01-26T04:15:58Z	439205512425504771	NotSoBot	1465198555592392870	
1465198555592392870	2026-01-26T04:15:57Z	433780070327255051	chromosoze		.avatar chromosoze
1464732574197874954	2026-01-24T21:24:19Z	955720868103876649	dragondev22	1464677907220922665	AI "art" for you :)
1464683734002434222	2026-01-24T18:10:14Z	806180625991335966	walnutty2		hahahahaha
1464677907220922665	2026-01-24T17:47:05Z	433780070327255051	chromosoze		its so soulless it's actually grossing me out
1464677367963320360	2026-01-24T17:44:56Z	433780070327255051	chromosoze		that drawing of a child is going to make me vomit
1464662597495292118	2026-01-24T16:46:15Z	1414621984091799614	kunglufu		nice
1464662454494695465	2026-01-24T16:45:41Z	439205512425504771	NotSoBot	1464662424954339328	
1464662424954339328	2026-01-24T16:45:34Z	1414621984091799614	kunglufu		.edit make it scary, a child in it's mouth
1464662383871131956	2026-01-24T16:45:24Z	439205512425504771	NotSoBot	1464662382482558997	
1464662382482558997	2026-01-24T16:45:24Z	1414621984091799614	kunglufu		.avatar KungLuFu
1464662331173634254	2026-01-24T16:45:11Z	439205512425504771	NotSoBot	1464662300903346176	
1464662300903346176	2026-01-24T16:45:04Z	1414621984091799614	kunglufu		.edit replace the cookie with a child
1464662274102001863	2026-01-24T16:44:58Z	1414621984091799614	kunglufu		replace the cookie with a child
1464662201548669084	2026-01-24T16:44:40Z	439205512425504771	NotSoBot	1464662172868018236	
1464662172868018236	2026-01-24T16:44:34Z	1414621984091799614	kunglufu		.edit no, not scared, SCARY SCARY, EATING CHILDREN
1464662126512701625	2026-01-24T16:44:23Z	1414621984091799614	kunglufu		no, not scared, SCARY SCARY, EATING CHILDREN
1464662067998101504	2026-01-24T16:44:09Z	439205512425504771	NotSoBot	1464662038704820413	
1464662038704820413	2026-01-24T16:44:02Z	1414621984091799614	kunglufu		.edit make the cat SCARY
1464662008606752951	2026-01-24T16:43:54Z	439205512425504771	NotSoBot	1464662006765457520	
1464662006765457520	2026-01-24T16:43:54Z	1414621984091799614	kunglufu		.avatar KungLuFu
1464661923663712266	2026-01-24T16:43:34Z	1414621984091799614	kunglufu		.KungLuFu profile picture
1460739957315600525	2026-01-13T20:59:05Z	433780070327255051	chromosoze	1460717998913359932	Yes
1460717998913359932	2026-01-13T19:31:49Z	806180625991335966	walnutty2		huuh???
1460686749704388681	2026-01-13T17:27:39Z	433780070327255051	chromosoze		yup I was thinking about plural people and systems
1460376731331461439	2026-01-12T20:55:45Z	806180625991335966	walnutty2		how do we even see that stuff through brain scans
1460376691795955826	2026-01-12T20:55:35Z	806180625991335966	walnutty2		that's crazy
1460373382460608544	2026-01-12T20:42:26Z	459147358463197185	restitutororb		genuinely was skeptical it was a thing until they did brain scans on people and saw that
1460373290341105747	2026-01-12T20:42:04Z	459147358463197185	restitutororb		dissociative identity disorder
1460373277821108276	2026-01-12T20:42:01Z	459147358463197185	restitutororb		pretty much
1460371935283384413	2026-01-12T20:36:41Z	433780070327255051	chromosoze		something like that
1460371895177449592	2026-01-12T20:36:32Z	433780070327255051	chromosoze		they have some multiple persinaliry stuff going on?? idk
1460371859165155561	2026-01-12T20:36:23Z	433780070327255051	chromosoze		because uh
1460371818534666531	2026-01-12T20:36:13Z	433780070327255051	chromosoze	1460284395176071189	i mean there are people who literally identify as multiple people, like they say "we" instead of "I" like leif from bug fables
1460298778727678134	2026-01-12T15:45:59Z	769924149648424990	m3z0id	1460286310202999093	Nah don't buy that shit
1460286310202999093	2026-01-12T14:56:27Z	459147358463197185	restitutororb		~~can't wait for shakespeare dlc~~
1460286270805774408	2026-01-12T14:56:17Z	459147358463197185	restitutororb		1400s patch update
1460286219773804629	2026-01-12T14:56:05Z	367334632515043329	guahlg		I guess I’m stuck in the 13 hundreds
1460286169400082483	2026-01-12T14:55:53Z	367334632515043329	guahlg		Alright. I heard of it first now
1460285863111037080	2026-01-12T14:54:40Z	459147358463197185	restitutororb		singular they has been a thing since the middle ages
1460284395176071189	2026-01-12T14:48:50Z	367334632515043329	guahlg		I thought they literally identified themselves as multiple people or smth
1460284299113791614	2026-01-12T14:48:27Z	367334632515043329	guahlg		That makes the people identifying as they/them seem slightly less weird
1460284196005216420	2026-01-12T14:48:03Z	352018607498199051	ag101		same
1460284118771433554	2026-01-12T14:47:44Z	367334632515043329	guahlg	1460269975830008092	makes little sense to me but sure.
1460269975830008092	2026-01-12T13:51:32Z	352018607498199051	ag101	1460257184070893571	you. they is sometimes used as a pronoun to use if the person doesn't know the pronoun of someone, they is basically the same as he/she in this context
1460257184070893571	2026-01-12T13:00:42Z	769924149648424990	m3z0id	1460236386627223653	Who are they?
1460257080169468060	2026-01-12T13:00:18Z	769924149648424990	m3z0id	1460235763508580506	It's great
1460236469829636227	2026-01-12T11:38:24Z	806180625991335966	walnutty2		hahahahaha
1460236386627223653	2026-01-12T11:38:04Z	955720868103876649	dragondev22		i'm sure they will approve
1460235852285476915	2026-01-12T11:35:57Z	352018607498199051	ag101		🥹
1460235763508580506	2026-01-12T11:35:35Z	352018607498199051	ag101		<@769924149648424990> made you a new pfp
1460235727827632213	2026-01-12T11:35:27Z	806180625991335966	walnutty2		who is that even???
1460235685255581779	2026-01-12T11:35:17Z	806180625991335966	walnutty2		bro wtfffff
1460235651076198524	2026-01-12T11:35:09Z	439205512425504771	NotSoBot	1460235594272735284	
1460235594272735284	2026-01-12T11:34:55Z	352018607498199051	ag101	1460235113978789926	.edit give him a bowl of mexican sauce and chips
1460235565986218128	2026-01-12T11:34:48Z	806180625991335966	walnutty2		fr
1460235450051461195	2026-01-12T11:34:21Z	955720868103876649	dragondev22		what is going on 😭
1460235410373611693	2026-01-12T11:34:11Z	352018607498199051	ag101		what the shit
1460235346112544914	2026-01-12T11:33:56Z	439205512425504771	NotSoBot	1460235318610366662	
1460235318610366662	2026-01-12T11:33:49Z	352018607498199051	ag101	1460235236821700648	.edit give him mexican sauce
1460235236821700648	2026-01-12T11:33:30Z	439205512425504771	NotSoBot	1460235207180288095	
1460235207180288095	2026-01-12T11:33:23Z	352018607498199051	ag101	1460235113978789926	.edit give him a mexican hat
1460235165208154194	2026-01-12T11:33:13Z	352018607498199051	ag101		that's not what i meant but ok
1460235113978789926	2026-01-12T11:33:01Z	439205512425504771	NotSoBot	1460235085784813703	
1460235085784813703	2026-01-12T11:32:54Z	352018607498199051	ag101	1460234971271921686	.edit make him mexican
1460235029740257385	2026-01-12T11:32:40Z	352018607498199051	ag101		ok well thats the same
1460234971854929952	2026-01-12T11:32:27Z	352018607498199051	ag101		idk im bored
1460234971271921686	2026-01-12T11:32:27Z	439205512425504771	NotSoBot	1460234943593578540	
1460234943593578540	2026-01-12T11:32:20Z	352018607498199051	ag101	1458491281415340103	.edit give him another freaky tounge
1458491281415340103	2026-01-07T16:03:38Z	439205512425504771	NotSoBot	1458491247210791035	
1458491247210791035	2026-01-07T16:03:30Z	352018607498199051	ag101	1458486196291375207	.edit give him a freaky tounge
1458486295570550914	2026-01-07T15:43:50Z	769924149648424990	m3z0id		nah I ain't using that
1458486196291375207	2026-01-07T15:43:26Z	439205512425504771	NotSoBot	1458486195012239614	
1458486195012239614	2026-01-07T15:43:26Z	769924149648424990	m3z0id		.avatar m3z0id
1458486174669602960	2026-01-07T15:43:21Z	769924149648424990	m3z0id		💀
1458486138363838659	2026-01-07T15:43:12Z	439205512425504771	NotSoBot	1458486088422264902	
1458486088422264902	2026-01-07T15:43:00Z	769924149648424990	m3z0id		.edit make him look like an average C++ developer
1458485989411393568	2026-01-07T15:42:37Z	439205512425504771	NotSoBot	1458485987909832838	
1458485987909832838	2026-01-07T15:42:36Z	769924149648424990	m3z0id		.avatar m3z0id
1458485903420035093	2026-01-07T15:42:16Z	367334632515043329	guahlg		This AI is basically like AI were a few years ago
1458485858461028373	2026-01-07T15:42:06Z	806180625991335966	walnutty2		that is NOT the c++ logo
1458485810671386624	2026-01-07T15:41:54Z	367334632515043329	guahlg		fr
1458485783076933745	2026-01-07T15:41:48Z	769924149648424990	m3z0id		even I could do a better job
1458485745378525265	2026-01-07T15:41:39Z	769924149648424990	m3z0id		💀
1458485708342820898	2026-01-07T15:41:30Z	439205512425504771	NotSoBot	1458485646451544197	
1458485646451544197	2026-01-07T15:41:15Z	769924149648424990	m3z0id		.edit slap a C++ logo over his eye
1458485564738244790	2026-01-07T15:40:55Z	439205512425504771	NotSoBot	1458485563534606580	
1458485563534606580	2026-01-07T15:40:55Z	769924149648424990	m3z0id		.avatar m3z0id
1458485138164945008	2026-01-07T15:39:14Z	806180625991335966	walnutty2		
1458482223006093418	2026-01-07T15:27:39Z	439205512425504771	NotSoBot	1458482157273092264	
1458482157273092264	2026-01-07T15:27:23Z	459147358463197185	restitutororb	1458481790028353568	.edit make the yelow orange squared eyes at the top of the image into the javascript logo instead
1458482084669558880	2026-01-07T15:27:06Z	806180625991335966	walnutty2		true
1458482030743650335	2026-01-07T15:26:53Z	459147358463197185	restitutororb		it probably can't recognize the eyes
1458482006781333707	2026-01-07T15:26:47Z	806180625991335966	walnutty2		the fuck?
1458481955560624363	2026-01-07T15:26:35Z	439205512425504771	NotSoBot	1458481891215806525	
1458481891215806525	2026-01-07T15:26:20Z	806180625991335966	walnutty2		.edit make his eyes the javascript logo
1458481790028353568	2026-01-07T15:25:56Z	439205512425504771	NotSoBot	1458481722332287129	
1458481755999961162	2026-01-07T15:25:47Z	459147358463197185	restitutororb		gonna get banned 😭 from the bot
1458481722332287129	2026-01-07T15:25:39Z	806180625991335966	walnutty2		.edit make him ULTRA ULTRA SCARY, EATING CHILDREN
1458481654254276814	2026-01-07T15:25:23Z	439205512425504771	NotSoBot	1458481653247770799	
1458481653247770799	2026-01-07T15:25:23Z	806180625991335966	walnutty2		.avatar walnutty2
1458481642745233440	2026-01-07T15:25:20Z	459147358463197185	restitutororb		crazy
